# timestamp x y z qx qy qz qw latency
0.000000000 0.660666123 1.791291053 0.001875172 -0.680456090 0.204556875 -0.174079746 0.681786064 0.000000000
0.103735900 1.005119589 2.372141757 0.000069993 -0.679739741 0.204156242 -0.172261671 0.683081276 0.000000000
0.207338100 1.346993798 2.965434958 -0.003139267 -0.679682675 0.202232282 -0.171652065 0.683863388 0.000000000
0.311075200 1.699487836 3.577508725 -0.008367243 -0.679486933 0.200745274 -0.170434921 0.684799810 0.000000000
0.414691700 2.061601261 4.210002297 -0.011803082 -0.679787370 0.198598291 -0.169189789 0.685436114 0.000000000
0.518430200 2.427992943 4.856952533 -0.008847855 -0.679980561 0.197418847 -0.167436352 0.686015527 0.000000000
0.622044800 2.795465145 5.514678585 -0.008955179 -0.680072230 0.195176049 -0.166604706 0.686768479 0.000000000
0.725797700 3.166466907 6.191204931 -0.007776281 -0.680516574 0.192565691 -0.165881561 0.687240100 0.000000000
0.829419900 3.543009612 6.878268027 -0.000359399 -0.681552373 0.191151578 -0.164321622 0.686983145 0.000000000
0.933146700 3.924262578 7.575779790 0.002665682 -0.682742132 0.189997493 -0.162386921 0.686581839 0.000000000
1.036910000 4.305432418 8.289886785 0.005113323 -0.683842680 0.189345191 -0.160928299 0.686009964 0.000000000
1.140497000 4.691291832 9.001953317 0.008710123 -0.684008032 0.187818223 -0.160440021 0.686379142 0.000000000
1.244242000 5.073235940 9.728910763 0.007544227 -0.684013704 0.187258261 -0.159648934 0.686710867 0.000000000
1.347979000 5.469592907 10.459524915 0.005243455 -0.683663415 0.187571608 -0.158091265 0.687334256 0.000000000
1.451596000 5.862359389 11.199027906 0.005813395 -0.684048341 0.186907626 -0.157308791 0.687311684 0.000000000
1.555212000 6.270332679 11.951481653 0.006990398 -0.683973308 0.186817131 -0.156137123 0.687678030 0.000000000
1.658960000 6.662450962 12.706667638 0.010849770 -0.683556878 0.185185354 -0.156529922 0.688443725 0.000000000
1.762569000 7.067672152 13.481882051 0.012717772 -0.682722187 0.184347956 -0.156558995 0.689489323 0.000000000
1.866302000 7.468425767 14.253644494 0.015253200 -0.682585454 0.182052147 -0.157622848 0.689992139 0.000000000
1.969923000 7.876319485 15.037074762 0.022649785 -0.682872897 0.181324349 -0.157507714 0.689925653 0.000000000
2.073666000 8.292492200 15.828478277 0.039847016 -0.683646300 0.181483221 -0.156262232 0.689400966 0.000000000
2.177281000 8.694815720 16.628023900 0.043483829 -0.684165536 0.181084746 -0.156094391 0.689028573 0.000000000
2.281017000 9.114213450 17.429714093 0.055910296 -0.684352197 0.180884356 -0.155614935 0.689004290 0.000000000
2.384639000 9.532508676 18.238204338 0.058315026 -0.684115213 0.180109066 -0.155255145 0.689523705 0.000000000
2.488250000 9.949483331 19.041861005 0.067187883 -0.683819230 0.180264265 -0.154204599 0.690012317 0.000000000
2.591988000 10.377608556 19.861114062 0.070632618 -0.684435898 0.180213108 -0.153612629 0.689546153 0.000000000
2.695832000 10.796379355 20.688577840 0.076576453 -0.685602958 0.180279413 -0.153702392 0.688348380 0.000000000
2.799367000 11.221578062 21.518111824 0.080006744 -0.686851518 0.180667554 -0.153867299 0.686963668 0.000000000
2.903084000 11.653731595 22.351186451 0.087767679 -0.687793869 0.181828669 -0.153806991 0.685726869 0.000000000
3.006768000 12.078264333 23.194450231 0.084579868 -0.687923722 0.182370489 -0.154537660 0.685288311 0.000000000
3.110441000 12.510931201 24.021508106 0.084610353 -0.686864110 0.182706882 -0.155308959 0.686086742 0.000000000
3.214057000 12.946910868 24.857773884 0.079623033 -0.685142423 0.182083718 -0.156487384 0.687704209 0.000000000
3.317669000 13.394157154 25.709037032 0.085550030 -0.684104372 0.182391720 -0.157132985 0.688508310 0.000000000
3.421285000 13.846913492 26.558413001 0.090810195 -0.684184472 0.183643849 -0.156227901 0.688301815 0.000000000
3.524925000 14.295267655 27.421724899 0.090459427 -0.685636870 0.184583592 -0.155309196 0.686811498 0.000000000
3.628545000 14.754671768 28.279268650 0.095170139 -0.686572627 0.185783983 -0.153281762 0.686008048 0.000000000
3.732256000 15.216808303 29.134366678 0.093909553 -0.685724103 0.187824025 -0.150345384 0.686950403 0.000000000
3.835871000 15.672678808 30.000123817 0.093358494 -0.684287807 0.187776859 -0.149480445 0.688582344 0.000000000
3.939488000 16.125534882 30.871457449 0.095804333 -0.683126598 0.186762887 -0.149544180 0.689995807 0.000000000
4.043107000 16.578267626 31.753220100 0.098357978 -0.683144179 0.185530859 -0.149254695 0.690373353 0.000000000
4.146888000 17.024501183 32.635497518 0.104737323 -0.683589652 0.185279644 -0.149245606 0.690001732 0.000000000
4.250460000 17.482034280 33.531104461 0.112391735 -0.684951029 0.183984469 -0.149471381 0.688948553 0.000000000
4.354202000 17.936832140 34.414050615 0.121227363 -0.685550107 0.183711277 -0.148921774 0.688544495 0.000000000
4.457940000 18.382966490 35.285890603 0.129859224 -0.686645927 0.182962634 -0.148982313 0.687638216 0.000000000
4.561559000 18.838672042 36.173349041 0.135175300 -0.687693776 0.183452817 -0.148626525 0.686536591 0.000000000
4.665293000 19.281462342 37.066029310 0.132326651 -0.688985458 0.181583719 -0.150066967 0.685424173 0.000000000
4.768912000 19.732981528 37.943383272 0.132479928 -0.688821133 0.181438031 -0.149984158 0.685646002 0.000000000
4.872532000 20.178595489 38.833078363 0.128246857 -0.688196513 0.181323213 -0.150353227 0.686222529 0.000000000
4.976146000 20.627092027 39.722374387 0.130749188 -0.687703876 0.180184585 -0.151388832 0.686788406 0.000000000
5.079909000 21.075356301 40.612259418 0.125746315 -0.687693112 0.180241145 -0.150787830 0.686916548 0.000000000
5.183503000 21.528763183 41.493765434 0.127330878 -0.687944120 0.180363919 -0.149633473 0.686885412 0.000000000
5.287117000 21.973557920 42.370742504 0.135351758 -0.688494356 0.180072009 -0.149422315 0.686456528 0.000000000
5.390861000 22.412414147 43.243048941 0.141856705 -0.687559491 0.178762420 -0.150454084 0.687509645 0.000000000
5.494473000 22.848354665 44.118943513 0.141100863 -0.686241746 0.178012493 -0.150714212 0.688962295 0.000000000
5.598233000 23.280221755 44.986387364 0.140923511 -0.685875458 0.177228404 -0.151025591 0.689460818 0.000000000
5.701829000 23.715909423 45.855188860 0.153492387 -0.687002570 0.178216162 -0.150050071 0.688296044 0.000000000
5.805571000 24.159854623 46.722266955 0.158061876 -0.687927809 0.178946172 -0.148875552 0.687437028 0.000000000
5.909185000 24.597511136 47.583912127 0.164435684 -0.688054075 0.179590549 -0.148015977 0.687328229 0.000000000
6.012921000 25.023901404 48.435746621 0.168631873 -0.687344816 0.180649408 -0.146877272 0.688004333 0.000000000
6.116541000 25.453619807 49.283911810 0.174811226 -0.686747749 0.181500946 -0.145971873 0.688568913 0.000000000
6.220278000 25.882504724 50.133801071 0.179991851 -0.687121873 0.181991143 -0.144913629 0.688289762 0.000000000
6.323895000 26.314731506 50.987257414 0.181614016 -0.688291402 0.183013176 -0.142889287 0.687272708 0.000000000
6.427659000 26.737308652 51.840242184 0.178235956 -0.689840187 0.183442472 -0.142040594 0.685779735 0.000000000
6.531383000 27.156442663 52.687401442 0.170240576 -0.690747519 0.182996910 -0.142119243 0.684968697 0.000000000
6.634992000 27.573898484 53.523704452 0.162315530 -0.689453705 0.181573988 -0.142564794 0.686556447 0.000000000
6.738741000 27.983660631 54.357506524 0.165379635 -0.687252593 0.179876604 -0.143478837 0.689015315 0.000000000
6.842350000 28.381039995 55.180269055 0.168251733 -0.685809559 0.178519525 -0.144411349 0.690609434 0.000000000
6.945963000 28.777653455 55.996259280 0.175686522 -0.686646399 0.176612830 -0.145621500 0.690013775 0.000000000
7.049705000 29.166486032 56.804544124 0.188813425 -0.687822072 0.175436593 -0.145913234 0.689080639 0.000000000
7.153323000 29.549685125 57.602985412 0.196741984 -0.688607459 0.174470309 -0.146335517 0.688451738 0.000000000
7.256934000 29.932033756 58.387518659 0.205373626 -0.688719265 0.173626876 -0.146493316 0.688519564 0.000000000
7.360549000 30.304924471 59.158746784 0.210185261 -0.689225889 0.172608126 -0.146320872 0.688305391 0.000000000
7.464167000 30.668496577 59.917524125 0.219289689 -0.689650702 0.171904862 -0.146168303 0.688088261 0.000000000
7.567786000 31.030670487 60.662938576 0.223745863 -0.689881815 0.171572324 -0.145394249 0.688103576 0.000000000
7.671396000 31.382756343 61.395059024 0.226063378 -0.690300071 0.171367857 -0.144778840 0.687864781 0.000000000
7.775144000 31.724420924 62.122222358 0.229019224 -0.691533070 0.170289139 -0.144919567 0.686863845 0.000000000
7.878754000 32.064344052 62.839650028 0.232078549 -0.693155094 0.169643482 -0.144529328 0.685469458 0.000000000
7.982493000 32.396098002 63.546492684 0.232924668 -0.694137797 0.168175047 -0.144781263 0.684783366 0.000000000
8.086111000 32.710624573 64.226551167 0.237604750 -0.693040545 0.166387532 -0.145893768 0.686094017 0.000000000
8.189849000 33.021092409 64.886407559 0.241720896 -0.690688420 0.165165428 -0.146255728 0.688679279 0.000000000
8.293470000 33.325186282 65.532801990 0.243900019 -0.688752365 0.164355655 -0.146143178 0.690832519 0.000000000
8.397102000 33.615887441 66.162937383 0.249156617 -0.688460794 0.163947309 -0.146290198 0.691188970 0.000000000
8.500847000 33.895879057 66.775356364 0.262022791 -0.689996351 0.163013152 -0.146686815 0.689793249 0.000000000
8.604438000 34.172514162 67.377948453 0.273079077 -0.690823821 0.162754040 -0.146064417 0.689158005 0.000000000
8.708175000 34.444177277 67.953366371 0.283120134 -0.689536406 0.163199921 -0.145011856 0.690562736 0.000000000
8.811795000 34.717401812 68.502664019 0.292197957 -0.687104110 0.165372446 -0.142801583 0.692926839 0.000000000
8.915403000 34.982617649 69.047723841 0.293193226 -0.684951080 0.166451221 -0.142439471 0.694871935 0.000000000
9.019162000 35.227291461 69.575544455 0.304771389 -0.684909852 0.166894524 -0.144200857 0.694442817 0.000000000
9.122890000 35.469554224 70.094458024 0.325680274 -0.686246876 0.166904904 -0.146963822 0.692538528 0.000000000
9.226512000 35.711564073 70.597333342 0.327858160 -0.686685296 0.169419621 -0.147685317 0.691338805 0.000000000
9.330247000 35.965335668 71.075658616 0.335320300 -0.687429678 0.173046141 -0.147672799 0.689701541 0.000000000
9.433986000 36.219267656 71.547389033 0.345425647 -0.687616156 0.177674943 -0.148585861 0.688140886 0.000000000
9.537749000 36.453678584 72.007244569 0.349909834 -0.687106806 0.180081157 -0.153615730 0.686918643 0.000000000
9.641587000 36.688021588 72.454904798 0.354481780 -0.686250420 0.183514889 -0.160721454 0.685238105 0.000000000
9.745342000 36.927325706 72.877380678 0.354125556 -0.685453767 0.188094183 -0.168496492 0.682922136 0.000000000
9.849229000 37.193387412 73.285392473 0.355406242 -0.683713236 0.196084485 -0.175379367 0.680682865 0.000000000
9.953059000 37.455740739 73.668571859 0.357529584 -0.681437414 0.206362031 -0.183080082 0.677893389 0.000000000
10.056930000 37.730234633 74.036978513 0.357419609 -0.679193060 0.216672885 -0.192548924 0.674295603 0.000000000
10.160830000 38.006572414 74.387355175 0.358290654 -0.676482263 0.228172690 -0.203456663 0.670010714 0.000000000
10.264660000 38.298372801 74.725841747 0.355573909 -0.672761089 0.240934618 -0.216140738 0.665301592 0.000000000
10.368670000 38.600057100 75.047776333 0.351132284 -0.668084257 0.254931876 -0.230297943 0.660027288 0.000000000
10.472640000 38.912052451 75.350333244 0.350149721 -0.662729304 0.270271822 -0.245567578 0.653788633 0.000000000
10.576630000 39.199754664 75.597003182 0.347193495 -0.656241250 0.285579392 -0.262854726 0.647069723 0.000000000
10.680620000 39.534982692 75.844290342 0.347058178 -0.648119964 0.302941170 -0.281319905 0.639551617 0.000000000
10.784610000 39.877299748 76.069097759 0.339285920 -0.638944156 0.321690685 -0.300540737 0.630825439 0.000000000
10.888750000 40.217893081 76.257750315 0.341685083 -0.629109878 0.341137648 -0.320209632 0.620734773 0.000000000
10.992720000 40.571056045 76.429824476 0.338140324 -0.618147031 0.360990504 -0.340680416 0.609521910 0.000000000
11.096590000 40.932734844 76.565617002 0.324437239 -0.605421889 0.381352731 -0.360730440 0.598254110 0.000000000
11.200570000 41.299844725 76.677169140 0.317384832 -0.592755092 0.400940013 -0.380380914 0.585831774 0.000000000
11.304310000 41.677329021 76.774243358 0.322756795 -0.580612294 0.420532930 -0.399271470 0.571510028 0.000000000
11.408180000 42.052360743 76.817972276 0.312081199 -0.568782597 0.438248782 -0.417171101 0.557128922 0.000000000
11.511920000 42.426871841 76.852217701 0.308454805 -0.555494539 0.456196864 -0.434590080 0.542624825 0.000000000
11.615530000 42.812941801 76.852997434 0.292253962 -0.540721870 0.473202288 -0.450634902 0.529742994 0.000000000
11.719270000 43.196763236 76.832627472 0.274699884 -0.525303612 0.489917062 -0.464857484 0.517633951 0.000000000
11.822770000 43.561791016 76.804863255 0.283105705 -0.512866917 0.503396739 -0.480481516 0.502689528 0.000000000
11.926380000 43.935069871 76.768242453 0.274607330 -0.500134212 0.515841081 -0.495793518 0.487814039 0.000000000
12.030000000 44.294551946 76.702979219 0.266258199 -0.487016235 0.527452242 -0.509184494 0.474700402 0.000000000
12.133610000 44.649023372 76.612284950 0.249134563 -0.472914568 0.539776209 -0.519102374 0.464247973 0.000000000
12.237100000 45.017476933 76.502289339 0.240001775 -0.458215985 0.553726264 -0.525170090 0.455655256 0.000000000
12.340600000 45.380694630 76.399461900 0.229175979 -0.447605565 0.563849077 -0.532251982 0.445456287 0.000000000
12.444110000 45.740726893 76.293261230 0.221392867 -0.438285715 0.570073763 -0.541559533 0.435470790 0.000000000
12.547670000 46.120330245 76.191401684 0.217261056 -0.431415842 0.573296400 -0.552479496 0.424238158 0.000000000
12.651070000 46.488960436 76.068742618 0.216820029 -0.423967504 0.577549363 -0.560745159 0.415033922 0.000000000
12.754690000 46.859968401 75.919523414 0.216048388 -0.415992096 0.582610387 -0.566543405 0.408098374 0.000000000
12.858060000 47.232308759 75.754799592 0.208389464 -0.406621703 0.588092406 -0.570966302 0.403489275 0.000000000
12.961670000 47.617622327 75.580130751 0.191716936 -0.397331592 0.591404963 -0.575895689 0.400888927 0.000000000
13.065200000 47.999550011 75.403969976 0.174699190 -0.389836220 0.593476509 -0.581784044 0.396661922 0.000000000
13.168770000 48.411401700 75.225610987 0.168184559 -0.385406204 0.596277674 -0.585946679 0.390616799 0.000000000
13.272350000 48.827369143 75.030284256 0.174316521 -0.382638675 0.600223897 -0.587899841 0.384308072 0.000000000
13.375880000 49.252463612 74.823740637 0.173903236 -0.378960874 0.603934641 -0.589709963 0.379333315 0.000000000
13.479500000 49.680157037 74.601083370 0.168368853 -0.374840130 0.607485616 -0.591147207 0.375501109 0.000000000
13.583110000 50.123280876 74.369827566 0.161913814 -0.370333176 0.610475455 -0.592597963 0.372827992 0.000000000
13.686720000 50.580630893 74.124954866 0.153844540 -0.366232739 0.612665822 -0.594186870 0.370750772 0.000000000
13.790340000 51.045430379 73.874948150 0.147516390 -0.363207285 0.614367830 -0.595360268 0.369024102 0.000000000
13.893950000 51.533082964 73.614967437 0.139814309 -0.360886048 0.615544602 -0.596299278 0.367822341 0.000000000
13.997670000 52.030707214 73.345331456 0.131407270 -0.358684001 0.616391698 -0.597558681 0.366511508 0.000000000
14.101300000 52.540018391 73.066056177 0.122894934 -0.356716259 0.617318536 -0.598792301 0.364854924 0.000000000
14.204920000 53.060905467 72.773067605 0.113542517 -0.354502958 0.618575450 -0.599161067 0.364277479 0.000000000
14.308540000 53.606082911 72.465044727 0.105954385 -0.353339385 0.619262181 -0.599445605 0.363772727 0.000000000
14.412270000 54.160877035 72.151248564 0.098343913 -0.352200595 0.620079960 -0.599711969 0.363044266 0.000000000
14.515890000 54.731837916 71.827741984 0.089767699 -0.350984844 0.621062221 -0.599579922 0.362760629 0.000000000
14.619680000 55.318709833 71.491879365 0.081526652 -0.349406417 0.622050691 -0.598856387 0.363784442 0.000000000
14.723260000 55.914298002 71.149833453 0.071761008 -0.348626686 0.622587210 -0.597937591 0.365123591 0.000000000
14.826860000 56.532835096 70.805487801 0.061522130 -0.348848150 0.622419866 -0.597276159 0.366278130 0.000000000
14.930480000 57.167201117 70.455899462 0.052512002 -0.349187527 0.622219955 -0.596090634 0.368220524 0.000000000
15.034100000 57.818229346 70.094792151 0.045228592 -0.350442291 0.621699244 -0.594920722 0.369796680 0.000000000
15.137840000 58.475802341 69.744814513 0.035708023 -0.351265006 0.621834232 -0.593476539 0.371107372 0.000000000
15.241450000 59.155337537 69.384455774 0.023288121 -0.352776017 0.621525074 -0.592309533 0.372055212 0.000000000
15.345080000 59.849278007 69.025629426 0.010884630 -0.355364195 0.620829881 -0.591478351 0.372075137 0.000000000
15.448810000 60.560667608 68.658659775 -0.004319951 -0.356949846 0.620295693 -0.590552351 0.372918197 0.000000000
15.552550000 61.273739891 68.299624956 -0.018194375 -0.358810978 0.618858659 -0.590533959 0.373548236 0.000000000
15.656170000 61.997401961 67.935204333 -0.021660678 -0.359677053 0.616771766 -0.591590283 0.374494249 0.000000000
15.759900000 62.716995984 67.571600050 -0.028568176 -0.361022803 0.613972453 -0.593872515 0.374186849 0.000000000
15.863640000 63.428410767 67.199340131 -0.027531730 -0.361484234 0.612754442 -0.595018722 0.373916918 0.000000000
15.967390000 64.169055202 66.835586213 -0.043497561 -0.362266327 0.612229578 -0.595519584 0.373221754 0.000000000
16.071020000 64.891814910 66.475212038 -0.037295975 -0.363604921 0.612502689 -0.595217640 0.371951447 0.000000000
16.174740000 65.627088981 66.105424052 -0.045895108 -0.363287685 0.612937083 -0.594962118 0.371954659 0.000000000
16.278450000 66.362200081 65.747706003 -0.049631589 -0.364178469 0.612660218 -0.595259421 0.371062962 0.000000000
16.382090000 67.084357506 65.360114131 -0.048715200 -0.364852733 0.612315417 -0.595204972 0.371057078 0.000000000
16.485710000 67.806958428 64.998126409 -0.044008231 -0.365995221 0.611633333 -0.595885268 0.369963392 0.000000000
16.589330000 68.534119096 64.633295045 -0.046355033 -0.366187496 0.610966746 -0.597063809 0.368973116 0.000000000
16.693090000 69.248467820 64.255981413 -0.053996567 -0.366389174 0.611050836 -0.597830002 0.367389625 0.000000000
16.796680000 69.966687351 63.882687190 -0.054569872 -0.366480445 0.611690877 -0.598481248 0.365166470 0.000000000
16.900430000 70.697717249 63.503548311 -0.067779436 -0.365643483 0.612947789 -0.599128929 0.362828303 0.000000000
17.004190000 71.421428893 63.117793574 -0.071288156 -0.365031985 0.614289147 -0.599913121 0.359867671 0.000000000
17.107900000 72.127594107 62.728592994 -0.074987208 -0.362778591 0.615557406 -0.601360917 0.357555340 0.000000000
17.211650000 72.827653871 62.337373696 -0.079832633 -0.360172289 0.616830913 -0.603153139 0.354967375 0.000000000
17.315390000 73.522571637 61.937667953 -0.088223948 -0.357041854 0.618432859 -0.605107118 0.352004672 0.000000000
17.419150000 74.216007761 61.527713607 -0.097316877 -0.353620618 0.620736001 -0.606387680 0.349189429 0.000000000
17.522870000 74.899338081 61.113028635 -0.107528669 -0.351069919 0.622449111 -0.608263091 0.345431654 0.000000000
17.626480000 75.568504738 60.705488498 -0.107859878 -0.347382412 0.624989409 -0.609788150 0.341865632 0.000000000
17.730220000 76.224660571 60.290321405 -0.116850150 -0.343783907 0.626739008 -0.611797973 0.338694673 0.000000000
17.833840000 76.873659303 59.867753585 -0.123377948 -0.340309092 0.628387087 -0.613918798 0.335295541 0.000000000
17.937460000 77.522383841 59.440435647 -0.131383848 -0.336974807 0.629695391 -0.616182069 0.332041190 0.000000000
18.041200000 78.158643224 59.009460024 -0.134272704 -0.333517571 0.631217504 -0.618188564 0.328897236 0.000000000
18.144820000 78.784448238 58.567864682 -0.136553098 -0.330345566 0.632714016 -0.619751874 0.326270434 0.000000000
18.248550000 79.408767040 58.130099306 -0.140758334 -0.327216316 0.634110817 -0.621580104 0.323219937 0.000000000
18.352170000 80.013561094 57.694895341 -0.143788943 -0.323935521 0.635688411 -0.623062459 0.320560750 0.000000000
18.455930000 80.607392191 57.256417437 -0.144327297 -0.321071347 0.637559321 -0.623997896 0.317896096 0.000000000
18.559570000 81.205577834 56.808890767 -0.152381117 -0.318422681 0.639157386 -0.624752989 0.315861575 0.000000000
18.663260000 81.776800866 56.373660194 -0.157589437 -0.316064920 0.641024433 -0.624563318 0.314819481 0.000000000
18.766880000 82.351458737 55.936611437 -0.159591544 -0.314238526 0.642758292 -0.624060004 0.314109913 0.000000000
18.870490000 82.922899550 55.505492946 -0.169167271 -0.313006067 0.643789505 -0.623933990 0.313478311 0.000000000
18.974110000 83.470662983 55.084275836 -0.174925569 -0.312682986 0.644363963 -0.623886647 0.312713744 0.000000000
19.077720000 84.004890544 54.673942793 -0.183124684 -0.312080103 0.644456875 -0.624022210 0.312854002 0.000000000
19.181410000 84.526361700 54.268443190 -0.184876663 -0.312074348 0.644143070 -0.624026760 0.313496268 0.000000000
19.285020000 85.032586926 53.884175339 -0.192031075 -0.312256813 0.643393174 -0.623843762 0.315214003 0.000000000
19.388680000 85.532114377 53.519468963 -0.197204620 -0.313818063 0.642383943 -0.623301888 0.316789914 0.000000000
19.492240000 86.014544100 53.168289011 -0.193947063 -0.316287611 0.640970811 -0.622200882 0.319350323 0.000000000
19.595800000 86.487707398 52.830186743 -0.196295557 -0.320214081 0.638898554 -0.620601791 0.322684051 0.000000000
19.699410000 86.946091371 52.522120004 -0.195387706 -0.324606690 0.636480249 -0.618572003 0.326943523 0.000000000
19.802910000 87.385204504 52.236373692 -0.191171819 -0.329974691 0.633185131 -0.616130883 0.332529741 0.000000000
19.906520000 87.857497162 51.950383935 -0.190888564 -0.336568694 0.628554503 -0.613630412 0.339261651 0.000000000
20.010020000 88.314871515 51.693926324 -0.191989398 -0.343941652 0.623182444 -0.610634338 0.347092907 0.000000000
20.113500000 88.773711601 51.463749229 -0.190038596 -0.352544808 0.617503802 -0.606607931 0.355567195 0.000000000
20.217140000 89.215953063 51.233390948 -0.197971525 -0.362901338 0.611363566 -0.600447666 0.366059844 0.000000000
20.320610000 89.678524259 51.020696300 -0.201350003 -0.374794332 0.604850250 -0.592591211 0.377519590 0.000000000
20.424100000 90.154661753 50.840069293 -0.200955556 -0.388333117 0.597653236 -0.583454112 0.389344705 0.000000000
20.527470000 90.623515893 50.689129534 -0.199885659 -0.402999167 0.589582795 -0.573313459 0.401616081 0.000000000
20.630960000 91.116328633 50.559575998 -0.200278346 -0.419071465 0.579788599 -0.562668433 0.414280729 0.000000000
20.734440000 91.595888650 50.462466316 -0.200062344 -0.435435537 0.568618917 -0.551115222 0.428182709 0.000000000
20.837960000 92.094707179 50.389461224 -0.201748562 -0.451264015 0.556223717 -0.538220642 0.444178461 0.000000000
20.941510000 92.565903796 50.359192776 -0.215251576 -0.466211027 0.542176283 -0.524025551 0.462697934 0.000000000
21.045020000 93.048862901 50.351212984 -0.207686976 -0.481784842 0.526076438 -0.508981589 0.481730931 0.000000000
21.148370000 93.494696189 50.387936942 -0.219551558 -0.496594423 0.508447293 -0.493378254 0.501451122 0.000000000
21.251900000 93.964146189 50.457045746 -0.219690549 -0.512997995 0.489498711 -0.477180752 0.519155660 0.000000000
21.355440000 94.425945690 50.558259255 -0.224165416 -0.529051075 0.469995330 -0.460065251 0.536236249 0.000000000
21.459000000 94.869876803 50.699757891 -0.230894063 -0.544028060 0.450566803 -0.442556382 0.552419111 0.000000000
21.562720000 95.307015478 50.846341965 -0.226840387 -0.558427540 0.432300846 -0.422138169 0.568396013 0.000000000
21.666360000 95.723683149 51.039423584 -0.225380409 -0.573946258 0.413500945 -0.401924216 0.581428917 0.000000000
21.770100000 96.143257561 51.259612068 -0.230898292 -0.588894404 0.394860477 -0.380733570 0.593574371 0.000000000
21.873950000 96.533587174 51.513196592 -0.222739442 -0.602862152 0.376476444 -0.360247328 0.604189188 0.000000000
21.977710000 96.915046964 51.790671768 -0.226538471 -0.615631832 0.358688785 -0.340215685 0.613671811 0.000000000
22.081440000 97.283923731 52.085612336 -0.223070737 -0.627192418 0.340874797 -0.322687743 0.621535730 0.000000000
22.185310000 97.608516509 52.380365276 -0.215820217 -0.636455842 0.325005944 -0.307369927 0.628346103 0.000000000
22.289170000 97.944732077 52.710492228 -0.216688358 -0.644564653 0.309610892 -0.295431782 0.633559442 0.000000000
22.393170000 98.272436914 53.050434010 -0.221014717 -0.650011095 0.295993229 -0.285476003 0.639043846 0.000000000
22.497160000 98.595745962 53.380499686 -0.227772797 -0.654447248 0.285235635 -0.275450154 0.643790839 0.000000000
22.601290000 98.933164293 53.730301221 -0.229116577 -0.656624200 0.279647914 -0.266390435 0.647825470 0.000000000
22.705510000 99.277491409 54.096713414 -0.235818861 -0.658278158 0.275543797 -0.259787033 0.650581417 0.000000000
22.809640000 99.615702495 54.467283404 -0.235991951 -0.660455220 0.269768300 -0.257162419 0.651836987 0.000000000
22.913660000 99.951929206 54.861955484 -0.244769209 -0.662436724 0.265032551 -0.255538479 0.652407403 0.000000000
23.017610000 100.295766802 55.247919759 -0.255219551 -0.663600303 0.260307137 -0.255957993 0.652962739 0.000000000
23.121720000 100.638873033 55.653542009 -0.253310297 -0.663530397 0.257158376 -0.257554403 0.653653358 0.000000000
23.225710000 101.004031093 56.040594180 -0.247558061 -0.663011790 0.256150166 -0.257778530 0.654486584 0.000000000
23.329700000 101.380182985 56.447389793 -0.254264195 -0.661060989 0.257458123 -0.258231109 0.655767014 0.000000000
23.433600000 101.767302010 56.850837599 -0.255000991 -0.658137203 0.258856522 -0.259492180 0.657656850 0.000000000
23.537560000 102.161868915 57.272747941 -0.259230605 -0.655956254 0.260091547 -0.261219528 0.658663904 0.000000000
23.641430000 102.564935462 57.701206123 -0.258073016 -0.656206329 0.259794535 -0.264406232 0.657259004 0.000000000
23.745190000 102.976285264 58.154918373 -0.255672987 -0.657348440 0.260960481 -0.267272565 0.654490666 0.000000000
23.848990000 103.407695856 58.593551987 -0.244407539 -0.658280013 0.263661853 -0.267557245 0.652351878 0.000000000
23.952650000 103.855836794 59.040812719 -0.244261289 -0.659216400 0.266723265 -0.266907563 0.650425084 0.000000000
24.056420000 104.310423526 59.497554720 -0.247744258 -0.660098210 0.268916962 -0.266986566 0.648592472 0.000000000
24.160010000 104.764730859 59.946697834 -0.248167011 -0.659405149 0.271437289 -0.266506280 0.648445102 0.000000000
24.263960000 105.232334549 60.416415632 -0.252413766 -0.657657643 0.272640298 -0.265679319 0.650052453 0.000000000
24.367270000 105.703074677 60.882301341 -0.251334811 -0.655231411 0.272348778 -0.265666029 0.652625085 0.000000000
24.471000000 106.172332329 61.367535886 -0.254753622 -0.653189829 0.271059145 -0.266742793 0.654765813 0.000000000
24.574560000 106.655926420 61.861334010 -0.255166669 -0.652672875 0.268930227 -0.266733286 0.656161569 0.000000000
24.678100000 107.155871690 62.379746698 -0.254587536 -0.654224557 0.268935291 -0.265296759 0.655195900 0.000000000
24.781830000 107.660883881 62.898648055 -0.252870627 -0.656558362 0.270203007 -0.263049767 0.653242889 0.000000000
24.885470000 108.181116893 63.434077445 -0.252816511 -0.659049172 0.269454411 -0.261879381 0.651511856 0.000000000
24.989130000 108.696726806 63.977934444 -0.251443612 -0.659562379 0.267602406 -0.262493499 0.651508698 0.000000000
25.092670000 109.203534180 64.525098249 -0.254669216 -0.658835826 0.264850558 -0.263908127 0.652795555 0.000000000
25.196320000 109.722177251 65.079814765 -0.256912592 -0.657472838 0.263063780 -0.263294946 0.655135625 0.000000000
25.299900000 110.253400853 65.641580507 -0.257524474 -0.656736104 0.261969071 -0.261823953 0.656900383 0.000000000
25.403640000 110.790570834 66.218827673 -0.251621694 -0.657442387 0.261649384 -0.259580345 0.657211649 0.000000000
25.507250000 111.341496009 66.803742368 -0.251267987 -0.658044328 0.261725671 -0.257122449 0.657544966 0.000000000
25.610880000 111.887250695 67.402269936 -0.243953185 -0.659206977 0.261691597 -0.256160224 0.656769069 0.000000000
25.714630000 112.438832749 67.991463576 -0.246066158 -0.659679175 0.262573349 -0.254252101 0.656684469 0.000000000
25.818220000 112.994149202 68.589072329 -0.247910935 -0.659472064 0.264131125 -0.252550295 0.656924420 0.000000000
25.921980000 113.543158175 69.194448382 -0.247670946 -0.660255383 0.263730344 -0.252611735 0.656274672 0.000000000
26.025680000 114.105050331 69.808679300 -0.237015088 -0.660343826 0.261888909 -0.254603361 0.656153457 0.000000000
26.129230000 114.668699237 70.425011635 -0.235986120 -0.659872508 0.260023626 -0.256845923 0.656495361 0.000000000
26.232990000 115.237418668 71.059039260 -0.241495741 -0.660272416 0.257340255 -0.260117108 0.655862348 0.000000000
26.336550000 115.802968574 71.679261473 -0.231614680 -0.660954608 0.256398354 -0.262845373 0.654454888 0.000000000
26.440340000 116.377038031 72.314476704 -0.226090709 -0.661710042 0.256528213 -0.264700285 0.652891152 0.000000000
26.544050000 116.961226922 72.933203651 -0.219094355 -0.661277132 0.257087719 -0.265767640 0.652676046 0.000000000
26.647670000 117.548354700 73.566136879 -0.221672744 -0.659663030 0.258301954 -0.266118007 0.653686465 0.000000000
26.751260000 118.145479635 74.181988473 -0.217986175 -0.659172719 0.260785801 -0.264430862 0.653879508 0.000000000
26.854880000 118.739369717 74.800384821 -0.210368008 -0.657734524 0.263090855 -0.262442439 0.655204139 0.000000000
26.958500000 119.329563253 75.407947014 -0.203058837 -0.657428828 0.263817274 -0.262387484 0.655240864 0.000000000
27.062230000 119.922688703 76.041952027 -0.198694387 -0.658532341 0.263917295 -0.263643099 0.653586362 0.000000000
27.165870000 120.506701055 76.670535142 -0.198976259 -0.660592647 0.264056095 -0.264450287 0.651120403 0.000000000
27.269470000 121.101143233 77.282954727 -0.192727572 -0.662615211 0.263201342 -0.265370028 0.649033808 0.000000000
27.373230000 121.684780709 77.898685528 -0.187057327 -0.660108410 0.263531288 -0.266066599 0.651165657 0.000000000
27.476870000 122.270222735 78.491763779 -0.177804842 -0.654396966 0.264263818 -0.265288362 0.656925666 0.000000000
27.580440000 122.859412670 79.088277717 -0.172345868 -0.650909599 0.264159932 -0.265136766 0.660483701 0.000000000
27.684070000 123.447365614 79.703942998 -0.164778677 -0.653912534 0.265503099 -0.263195752 0.657749571 0.000000000
27.787700000 124.035010320 80.325817271 -0.158537915 -0.660615289 0.268196632 -0.259352756 0.651455412 0.000000000
27.891280000 124.633731782 80.943734845 -0.151782416 -0.665666892 0.269837898 -0.256852073 0.646608159 0.000000000
27.995100000 125.202710197 81.551635369 -0.157334915 -0.664294182 0.267754519 -0.258483030 0.648233971 0.000000000
28.098650000 125.752780443 82.145737244 -0.157970718 -0.660113423 0.263369067 -0.262077953 0.652841596 0.000000000
28.202280000 126.327103414 82.762761884 -0.169942993 -0.657216412 0.262650791 -0.262342295 0.655940294 0.000000000
28.305870000 126.890929811 83.351707177 -0.155606042 -0.656885305 0.263180196 -0.260407535 0.656830112 0.000000000
28.409630000 127.459098858 83.949259134 -0.142857974 -0.657784029 0.262533977 -0.259105445 0.656704233 0.000000000
28.513230000 128.016589024 84.551985211 -0.135649048 -0.657737182 0.261268237 -0.257869928 0.657741445 0.000000000
28.616840000 128.573141760 85.155790633 -0.131727469 -0.657866026 0.259183197 -0.256655805 0.658911345 0.000000000
28.722280000 129.117850581 85.774341585 -0.114590641 -0.658934368 0.256592841 -0.257411770 0.658562672 0.000000000
28.824220000 129.654847627 86.382442139 -0.110614992 -0.659828778 0.253842170 -0.258834021 0.658175574 0.000000000
28.927940000 130.195426211 86.985396396 -0.098542339 -0.660921934 0.252862113 -0.258503469 0.657585664 0.000000000
29.031560000 130.741522848 87.597196303 -0.089388231 -0.662586459 0.253338660 -0.257238323 0.656221878 0.000000000
29.135300000 131.281702645 88.198202189 -0.084944086 -0.662456966 0.253408054 -0.256180620 0.656739382 0.000000000
29.238910000 131.821610211 88.796933630 -0.077191556 -0.661514633 0.252921635 -0.254935816 0.658359147 0.000000000
29.342530000 132.358558288 89.394408226 -0.067254815 -0.660117943 0.252728901 -0.252130842 0.660910314 0.000000000
29.446140000 132.889683676 89.990771443 -0.062390285 -0.660123896 0.251416258 -0.248952789 0.662607588 0.000000000
29.549760000 133.419170007 90.603965807 -0.061454136 -0.662490331 0.250104121 -0.245946233 0.661864745 0.000000000
29.653420000 133.945869548 91.231059398 -0.060366271 -0.665767599 0.249407821 -0.242527167 0.660098339 0.000000000
29.757120000 134.470335086 91.858027825 -0.058570767 -0.669017588 0.249936118 -0.239771522 0.657614644 0.000000000
29.860880000 134.982921925 92.469719920 -0.057067373 -0.671409079 0.246355734 -0.240239004 0.656356551 0.000000000
29.964620000 135.477945581 93.071645990 -0.057139394 -0.670645554 0.243512407 -0.240183129 0.658216008 0.000000000
30.068210000 135.972815575 93.679408866 -0.056450319 -0.667988056 0.240250123 -0.238715379 0.662636253 0.000000000
30.172000000 136.471274197 94.291983447 -0.056628911 -0.666470062 0.238903144 -0.235797208 0.665689582 0.000000000
30.275700000 137.000055128 94.949648612 -0.059212301 -0.667426206 0.236914716 -0.233121836 0.666384189 0.000000000
30.379310000 137.493056420 95.605354034 -0.051724292 -0.670184958 0.232368105 -0.232569253 0.665408693 0.000000000
30.483050000 137.978322512 96.264493544 -0.046908832 -0.671154688 0.227670241 -0.231852519 0.666304777 0.000000000
30.586670000 138.477377620 96.921699689 -0.041138405 -0.670512198 0.222840921 -0.229644069 0.669342153 0.000000000
30.690400000 138.959159319 97.564284219 -0.036626899 -0.670330595 0.220235974 -0.226872512 0.671328439 0.000000000
30.794050000 139.443770259 98.235338906 -0.032167024 -0.672055538 0.217660486 -0.223859414 0.671455307 0.000000000
30.897640000 139.911503659 98.918478179 -0.020062993 -0.675598635 0.214782861 -0.221721178 0.669533066 0.000000000
31.001380000 140.377135997 99.599877227 -0.023212402 -0.678597529 0.211270100 -0.219763275 0.668262255 0.000000000
31.105010000 140.850370159 100.270819993 -0.012296627 -0.680576445 0.209210512 -0.216469156 0.667972880 0.000000000
31.208610000 141.317776447 100.953823713 -0.015357570 -0.681975014 0.206924778 -0.214328903 0.667948604 0.000000000
31.312350000 141.774533527 101.632885791 -0.012598741 -0.681639084 0.205687796 -0.213003992 0.669096398 0.000000000
31.416200000 142.214996521 102.309918962 -0.010996996 -0.680610534 0.202212675 -0.213682672 0.670983644 0.000000000
31.520060000 142.672156470 103.001259625 -0.006759954 -0.679254631 0.198213370 -0.215008114 0.673124147 0.000000000
31.623420000 143.121440791 103.685146936 -0.005150011 -0.678879879 0.196660984 -0.214380371 0.674156973 0.000000000
31.726940000 143.565149151 104.379006381 0.003264924 -0.681490679 0.195493308 -0.213749595 0.672059471 0.000000000
31.830690000 144.015268590 105.084172555 0.006181177 -0.685492197 0.194819902 -0.212751520 0.668492666 0.000000000
31.934300000 144.467118222 105.781511931 0.007673238 -0.688421552 0.193686424 -0.211326660 0.666259993 0.000000000
32.038040000 144.916740573 106.470128534 0.001332317 -0.687347908 0.192997120 -0.208781402 0.668367632 0.000000000
32.141650000 145.365706481 107.146397188 -0.004081381 -0.683163504 0.194468630 -0.203657801 0.673790085 0.000000000
32.245260000 145.802990587 107.838289367 -0.004481127 -0.682062937 0.192458673 -0.200867270 0.676315126 0.000000000
32.348880000 146.226111725 108.545448859 -0.002809152 -0.683508619 0.188916971 -0.199828638 0.676161861 0.000000000
32.452660000 146.660662200 109.268116319 0.005135811 -0.686214126 0.187658712 -0.195913457 0.674916512 0.000000000
32.556240000 147.090968157 109.993715528 0.000689199 -0.687411312 0.187388206 -0.191253958 0.675109822 0.000000000
32.659980000 147.517153300 110.708476589 -0.009661398 -0.688382747 0.188866049 -0.186002177 0.675175533 0.000000000
32.763730000 147.944259536 111.419315619 -0.010672096 -0.688564864 0.188129147 -0.182206115 0.676229831 0.000000000
32.867470000 148.358234708 112.141247509 -0.010349257 -0.686425011 0.186639126 -0.179610248 0.679504746 0.000000000
32.971200000 148.769387567 112.856263736 -0.009489422 -0.682809778 0.186197346 -0.175091796 0.684429849 0.000000000
33.074830000 149.189378501 113.578007558 -0.014171208 -0.680901047 0.187122064 -0.169649991 0.687443072 0.000000000
33.178560000 149.592454156 114.301430799 -0.002463660 -0.684455359 0.184292926 -0.167833249 0.685119683 0.000000000
33.282310000 149.982068208 115.051031134 0.000631260 -0.690438963 0.179943154 -0.168267336 0.680147487 0.000000000
33.386030000 150.371221750 115.808184591 0.001320730 -0.693816622 0.177534701 -0.167660149 0.677488007 0.000000000
33.489780000 150.759926563 116.553639008 -0.007333527 -0.692877971 0.176242093 -0.166469342 0.679077904 0.000000000
33.593560000 151.137124897 117.286765906 -0.012938185 -0.689589883 0.173846160 -0.167692031 0.682731784 0.000000000
33.697130000 151.510028327 118.035509613 -0.012991257 -0.687653453 0.168151594 -0.171341113 0.685200695 0.000000000
33.800870000 151.894295142 118.780596107 -0.005466431 -0.686575525 0.167637655 -0.170385828 0.686644257 0.000000000
33.904610000 152.300763779 119.544042734 -0.003756580 -0.687835288 0.169135839 -0.167285959 0.685777728 0.000000000
34.008350000 152.697020143 120.313142202 -0.008135569 -0.690654967 0.170002103 -0.166414134 0.682935822 0.000000000
34.112090000 153.082707498 121.074820035 -0.003018926 -0.692755997 0.170014354 -0.166605821 0.680754544 0.000000000
34.215840000 153.466469033 121.821977035 0.004752861 -0.692715280 0.169191188 -0.166198783 0.681100468 0.000000000
34.319570000 153.854935218 122.577594610 0.001581180 -0.689472515 0.168871966 -0.165037360 0.684742711 0.000000000
34.423340000 154.255426160 123.325988334 0.014028272 -0.684922072 0.170311883 -0.162026678 0.689654242 0.000000000
34.526940000 154.652474587 124.083606556 0.022536544 -0.682836134 0.172982335 -0.158372347 0.691903263 0.000000000
34.630670000 155.034903517 124.831203193 0.029730310 -0.684625836 0.172102543 -0.158454303 0.690333552 0.000000000
34.734300000 155.418368396 125.599870503 0.035252579 -0.688737928 0.170725513 -0.158588604 0.686543896 0.000000000
34.837900000 155.791994799 126.363642973 0.049566449 -0.690189599 0.170114897 -0.158470469 0.685263708 0.000000000
34.941520000 156.173454745 127.108556237 0.063971558 -0.689218131 0.169829766 -0.158082986 0.686400748 0.000000000
35.045260000 156.548727334 127.857467017 0.063088448 -0.687011549 0.169230896 -0.158822425 0.688586576 0.000000000
35.148870000 156.917515082 128.611111360 0.070860984 -0.687427227 0.167005601 -0.160654662 0.688289922 0.000000000
35.252510000 157.287383379 129.369641201 0.079891565 -0.688729313 0.166227370 -0.161219465 0.687043433 0.000000000
35.356230000 157.657564690 130.124402678 0.090529420 -0.690280882 0.164980551 -0.162022408 0.685596427 0.000000000
35.459850000 158.024692078 130.876770874 0.093952529 -0.691534405 0.164038780 -0.163026062 0.684320062 0.000000000
35.563620000 158.387649728 131.618243755 0.099528929 -0.691643882 0.163023633 -0.163717628 0.684286909 0.000000000
35.667200000 158.752987803 132.350605292 0.108177654 -0.690334607 0.163157729 -0.163337078 0.685666599 0.000000000
35.770940000 159.107999710 133.077190748 0.114701256 -0.688738192 0.161675980 -0.164196721 0.687415462 0.000000000
35.874680000 159.462100169 133.805960988 0.114703081 -0.688904667 0.160869884 -0.164314264 0.687409676 0.000000000
35.978300000 159.821209827 134.531355966 0.117609469 -0.692426083 0.160907752 -0.162556430 0.684273499 0.000000000
36.082080000 160.175606642 135.251017633 0.121784866 -0.695466419 0.161822556 -0.160497942 0.681454570 0.000000000
36.185780000 160.522925833 135.936860293 0.129296852 -0.695600100 0.163937304 -0.157908265 0.681417671 0.000000000
36.289500000 160.854598348 136.618039612 0.127790714 -0.693227457 0.163580496 -0.157950456 0.683906988 0.000000000
36.393220000 161.178659684 137.273105512 0.124220083 -0.691562052 0.162620304 -0.159217556 0.685526320 0.000000000
36.496880000 161.493802511 137.914153300 0.130879781 -0.689478662 0.162338730 -0.160049759 0.687495008 0.000000000
36.600490000 161.799911533 138.547494393 0.145302568 -0.687989573 0.163511626 -0.159335137 0.688873436 0.000000000
36.704360000 162.111823901 139.137896933 0.159105155 -0.686025685 0.164976982 -0.159449909 0.690454257 0.000000000
36.807990000 162.421053618 139.750945918 0.159870728 -0.684970231 0.167008675 -0.160529854 0.690763383 0.000000000
36.911770000 162.721022237 140.353954548 0.170444639 -0.686358659 0.168753625 -0.162346037 0.688533056 0.000000000
37.015480000 163.026888753 140.957744196 0.178241527 -0.689353244 0.170382354 -0.165087514 0.684476495 0.000000000
37.119060000 163.334066505 141.560943674 0.189481375 -0.691013774 0.170529026 -0.168925331 0.681824059 0.000000000
37.222810000 163.639802520 142.146029352 0.193423506 -0.690039069 0.172193094 -0.171487443 0.681753386 0.000000000
37.326430000 163.953471879 142.708996717 0.198094599 -0.686602390 0.174296630 -0.174057349 0.684033539 0.000000000
37.430160000 164.270768929 143.276037046 0.203227232 -0.683012540 0.175703199 -0.177760067 0.686311602 0.000000000
37.533780000 164.583982665 143.834874696 0.215355156 -0.680951244 0.176861866 -0.181424542 0.687102917 0.000000000
37.637390000 164.900807786 144.395622748 0.228010414 -0.680797836 0.179746061 -0.183788942 0.685877019 0.000000000
37.741030000 165.232515562 144.966545696 0.234926753 -0.681696172 0.183468423 -0.184036271 0.683930053 0.000000000
37.844750000 165.578860051 145.519983246 0.249953282 -0.682530245 0.188789083 -0.182886232 0.681955844 0.000000000
37.948360000 165.907262945 146.066746049 0.259879248 -0.681941561 0.192753147 -0.182976305 0.681411479 0.000000000
38.052310000 166.230342390 146.621550370 0.265867662 -0.682055183 0.193820716 -0.184542426 0.680572076 0.000000000
38.155720000 166.555844998 147.174584490 0.264856277 -0.682779532 0.193020911 -0.185862599 0.679713273 0.000000000
38.259670000 166.899448951 147.736183116 0.274422818 -0.683707884 0.193058465 -0.185751603 0.678799161 0.000000000
38.362940000 167.233258114 148.296561272 0.276714300 -0.684692163 0.193152980 -0.185106380 0.677955895 0.000000000
38.466570000 167.563393998 148.857063022 0.275493186 -0.685359022 0.192825449 -0.185565475 0.677249446 0.000000000
38.570230000 167.891984667 149.425645328 0.279616745 -0.684609767 0.189231694 -0.188620669 0.678176286 0.000000000
38.673810000 168.213477653 149.985794412 0.281565981 -0.682015039 0.186717071 -0.190998871 0.680816901 0.000000000
38.777460000 168.544084094 150.546758262 0.289520823 -0.679097596 0.186016446 -0.190396094 0.684086007 0.000000000
38.881060000 168.879300121 151.110463340 0.292336907 -0.677366286 0.186307379 -0.187727902 0.686456633 0.000000000
38.984720000 169.209925965 151.688097883 0.294885159 -0.679854729 0.184796757 -0.186542935 0.684725813 0.000000000
39.088300000 169.543273972 152.280563913 0.303187585 -0.685075608 0.182170419 -0.186376689 0.680256628 0.000000000
39.192020000 169.884109344 152.873610431 0.306321651 -0.689831061 0.183731302 -0.181807133 0.676255930 0.000000000
39.295720000 170.228802956 153.462279763 0.312113498 -0.692992688 0.185440069 -0.177039539 0.673817570 0.000000000
39.399320000 170.569288732 154.056078748 0.301797842 -0.692262314 0.184912296 -0.175570291 0.675096589 0.000000000
39.502980000 170.888427257 154.656029770 0.294174709 -0.690719986 0.182064219 -0.176759820 0.677136978 0.000000000
39.606730000 171.208783755 155.256426246 0.291543324 -0.688008571 0.180546540 -0.176133861 0.680458681 0.000000000
39.710390000 171.551258096 155.855350350 0.281150093 -0.685801757 0.182148529 -0.172980328 0.683063444 0.000000000
39.814160000 171.916612374 156.463885217 0.273933244 -0.686811229 0.184822232 -0.169357609 0.682238286 0.000000000
39.917810000 172.262185703 157.074165795 0.276589091 -0.687659421 0.187189591 -0.165823465 0.681606306 0.000000000
40.021440000 172.605362945 157.691423396 0.281896450 -0.688514762 0.187999505 -0.164057070 0.680947051 0.000000000
40.125180000 172.939626957 158.297591160 0.277941272 -0.687334713 0.188303892 -0.163119744 0.682278965 0.000000000
40.228960000 173.283034857 158.904545540 0.274420677 -0.685199914 0.189526073 -0.161137093 0.684555171 0.000000000
40.332560000 173.628337786 159.512590591 0.274497612 -0.684135755 0.191934466 -0.158092436 0.685657502 0.000000000
40.436270000 173.967263013 160.124284324 0.274942875 -0.685143050 0.192321701 -0.156946788 0.684805863 0.000000000
40.540000000 174.299119534 160.746143464 0.273389106 -0.686541197 0.192978248 -0.155974923 0.683441588 0.000000000
40.643620000 174.632544795 161.361669205 0.272578336 -0.687512758 0.193308347 -0.155099951 0.682570213 0.000000000
40.747350000 174.966963878 161.962845014 0.273317164 -0.686580220 0.193384931 -0.154582183 0.683603846 0.000000000
40.850980000 175.295615635 162.560558819 0.273543451 -0.683851645 0.193700230 -0.154537424 0.686254568 0.000000000
40.954720000 175.614736291 163.152681093 0.273587046 -0.680463266 0.193310239 -0.154994839 0.689621269 0.000000000
41.058450000 175.931061557 163.748808118 0.278849984 -0.678763136 0.192384714 -0.155999720 0.691326850 0.000000000
41.162090000 176.250787992 164.336368848 0.284214871 -0.679488969 0.191529949 -0.156936663 0.690638765 0.000000000
41.265810000 176.578278704 164.928360550 0.293083121 -0.681530494 0.192978192 -0.155257753 0.688600489 0.000000000
41.370360000 176.894923025 165.496578262 0.302972392 -0.684040853 0.193921719 -0.153738908 0.686182794 0.000000000
41.473270000 177.198486225 166.049928106 0.308307363 -0.685678786 0.194272196 -0.153060690 0.684598672 0.000000000
41.576790000 177.486544137 166.591343723 0.308686950 -0.686933748 0.193821426 -0.153036371 0.683472860 0.000000000
41.680520000 177.772378280 167.125731975 0.309545968 -0.687856413 0.194020722 -0.150993214 0.682942577 0.000000000
41.784260000 178.045768793 167.634674189 0.308500541 -0.687467446 0.194457425 -0.147128158 0.684052722 0.000000000
41.887680000 178.305410274 168.125585568 0.310509578 -0.687000611 0.193155868 -0.142918735 0.685780728 0.000000000
41.991400000 178.558231635 168.602008832 0.322045602 -0.686483123 0.189919961 -0.138362008 0.688133189 0.000000000
42.094800000 178.756083487 169.079981398 0.317411529 -0.686057558 0.185070617 -0.134074698 0.690722715 0.000000000
42.198260000 178.958381372 169.549819200 0.316877214 -0.686438329 0.178702822 -0.127370728 0.693285237 0.000000000
42.301840000 179.168562582 170.022690169 0.316005399 -0.687892716 0.172217899 -0.118046189 0.695132867 0.000000000
42.405330000 179.341461396 170.493752487 0.324703592 -0.690660791 0.162992755 -0.110045333 0.695924607 0.000000000
42.508850000 179.490192782 170.947984842 0.330519696 -0.693210895 0.153267928 -0.100229609 0.697080787 0.000000000
42.612350000 179.624982173 171.405176971 0.342362933 -0.694872240 0.143088881 -0.087798919 0.699263536 0.000000000
42.715820000 179.725706511 171.866235334 0.354920781 -0.695735595 0.129241568 -0.076418069 0.702430693 0.000000000
42.819320000 179.813825796 172.331802598 0.365921467 -0.696392472 0.112763482 -0.063928380 0.705857694 0.000000000
42.922650000 179.870991039 172.771136221 0.379762392 -0.697228879 0.095365394 -0.050241455 0.708698193 0.000000000
43.026190000 179.910107051 173.178048741 0.380587690 -0.698301357 0.076486152 -0.035615005 0.710814079 0.000000000
43.129650000 179.920102102 173.635014180 0.383809053 -0.698866044 0.054820032 -0.021873742 0.712813129 0.000000000
43.233030000 179.893963134 174.067850601 0.405620207 -0.699697142 0.030942507 -0.008518546 0.713718365 0.000000000
43.336520000 179.846517824 174.490756482 0.424638093 -0.700352919 0.006496410 0.006253493 0.713739784 0.000000000
43.440050000 179.771367039 174.916710391 0.428773557 -0.700264662 -0.017241911 0.023025523 0.713303544 0.000000000
43.543500000 179.680586079 175.337200388 0.443675719 -0.700171666 -0.040755752 0.041387953 0.711607789 0.000000000
43.647150000 179.566852300 175.749783668 0.443169725 -0.700672748 -0.063623210 0.059802250 0.708119678 0.000000000
43.750710000 179.427509594 176.156980857 0.456613642 -0.702745405 -0.086311671 0.077911575 0.701875329 0.000000000
43.854350000 179.268189833 176.557058747 0.451204911 -0.703336461 -0.109221202 0.095039883 0.695956875 0.000000000
43.957960000 179.081256180 176.951477991 0.445502498 -0.701898174 -0.131305547 0.112475447 0.690975456 0.000000000
44.061680000 178.897220636 177.352874729 0.456569889 -0.699549902 -0.151989317 0.131981156 0.685645795 0.000000000
44.165420000 178.659280037 177.598380886 0.442474778 -0.695985015 -0.171232849 0.148619898 0.681319526 0.000000000
44.268910000 178.427345230 177.934726171 0.437420302 -0.691444742 -0.189503432 0.169827691 0.676129553 0.000000000
44.372740000 178.168947108 178.252489083 0.434197081 -0.685506251 -0.206728108 0.191433532 0.671340355 0.000000000
44.476270000 177.905372633 178.570151989 0.406496692 -0.677705998 -0.224147184 0.214027917 0.666831816 0.000000000
44.580030000 177.600197822 178.870620141 0.407579072 -0.670132373 -0.241617743 0.234474599 0.661487061 0.000000000
44.683750000 177.298289359 179.171464483 0.395392834 -0.662151229 -0.260001941 0.252879784 0.655748851 0.000000000
44.787490000 176.951949240 179.452078038 0.389780758 -0.655021805 -0.277504608 0.268848691 0.649351991 0.000000000
44.891360000 176.587730895 179.741040960 0.383146595 -0.648645415 -0.293140866 0.284145391 0.642330877 0.000000000
44.995090000 176.203481944 180.020019979 0.380199582 -0.641960131 -0.307199274 0.298563354 0.635905433 0.000000000
45.098960000 175.791201266 180.296317734 0.378567950 -0.635321703 -0.320287307 0.311353289 0.629953573 0.000000000
45.203360000 175.387983151 180.537242248 0.376157899 -0.629176275 -0.331047324 0.322530022 0.624915410 0.000000000
45.306930000 174.954880402 180.788068616 0.368445102 -0.623080488 -0.340371414 0.331368904 0.621379638 0.000000000
45.410680000 174.513769169 181.033922087 0.368711773 -0.617981312 -0.348311550 0.339106775 0.617887334 0.000000000
45.514850000 174.055393423 181.278190840 0.368026545 0.613333081 0.355708758 -0.345443797 -0.614786462 0.000000000
45.618560000 173.580664101 181.523330274 0.368964541 0.609121162 0.361921158 -0.350436968 -0.612518095 0.000000000
45.722540000 173.083634544 181.778891305 0.371775815 0.605679205 0.367289099 -0.354154422 -0.610594844 0.000000000
45.826510000 172.573421563 182.035855886 0.368500907 0.602919585 0.370562988 -0.357073220 -0.609647244 0.000000000
45.930510000 172.048025301 182.301256542 0.365729127 0.601069939 0.372345288 -0.359046543 -0.609228607 0.000000000
46.034570000 171.513299476 182.574048098 0.362226342 0.600209466 0.373376856 -0.360166402 -0.608784430 0.000000000
46.138420000 170.957477993 182.853225424 0.362399712 0.600119736 0.373767578 -0.360786511 -0.608265726 0.000000000
46.242420000 170.390998884 183.143046025 0.370771674 0.600043292 0.374230901 -0.361122825 -0.607856550 0.000000000
46.346350000 169.799518378 183.443248984 0.370793659 0.600318542 0.374160488 -0.361054347 -0.607668772 0.000000000
46.450210000 169.200161854 183.757181423 0.371634114 0.600558584 0.373696999 -0.361144728 -0.607663086 0.000000000
46.554100000 168.577034589 184.080397123 0.371809954 0.600326640 0.372549566 -0.362001213 -0.608087056 0.000000000
46.657810000 167.948181464 184.413591274 0.382378542 0.600213768 0.371168985 -0.362849661 -0.608536886 0.000000000
46.761680000 167.287169461 184.754378392 0.385285166 0.600248854 0.370373602 -0.362802343 -0.609014916 0.000000000
46.865420000 166.600963243 185.105318527 0.382361458 0.599989464 0.369984729 -0.362466370 -0.609706548 0.000000000
46.969180000 165.904120315 185.469227877 0.389653490 0.600159537 0.369612069 -0.362074362 -0.609998037 0.000000000
47.072900000 165.187937182 185.843300105 0.391825750 0.600776173 0.368689789 -0.362149904 -0.609904318 0.000000000
47.176650000 164.462871382 186.234492452 0.407867985 0.601778417 0.367704137 -0.362457346 -0.609328382 0.000000000
47.280390000 163.714784740 186.625586026 0.416408457 0.602620694 0.366214623 -0.362708594 -0.609243485 0.000000000
47.384120000 162.959617868 187.023426645 0.420914899 0.603068188 0.365568730 -0.362613256 -0.609245345 0.000000000
47.487740000 162.185886090 187.434699955 0.429364124 0.604271654 0.365195855 -0.362279278 -0.608474716 0.000000000
47.591510000 161.407618353 187.854992667 0.431555089 0.605925552 0.365368852 -0.361759716 -0.607033554 0.000000000
47.695090000 160.614601152 188.274895429 0.443927281 0.607721550 0.365520697 -0.360958874 -0.605621853 0.000000000
47.798710000 159.821605876 188.696880458 0.447892361 0.608088021 0.365420125 -0.360819203 -0.605397881 0.000000000
47.902330000 159.052469000 189.112424208 0.456463941 0.606965528 0.365291951 -0.361598081 -0.606136508 0.000000000
48.006070000 158.268779253 189.529544349 0.467431883 0.605639506 0.364503599 -0.363351858 -0.606888245 0.000000000
48.109680000 157.490847362 189.942699371 0.472197902 0.605271254 0.364272672 -0.364800181 -0.606525314 0.000000000
48.213880000 156.706921662 190.350990490 0.486867200 0.607018979 0.365177002 -0.365080677 -0.604061102 0.000000000
48.316910000 155.917962189 190.756129693 0.490368452 0.608371386 0.366667803 -0.365554183 -0.601505709 0.000000000
48.420530000 155.130518368 191.169298138 0.501714996 0.609590919 0.367720594 -0.366387832 -0.599116377 0.000000000
48.524140000 154.354817422 191.572288296 0.499831292 0.609370804 0.367871866 -0.367977984 -0.598272277 0.000000000
48.627780000 153.580113895 191.960119690 0.505321947 0.608460655 0.368368984 -0.369170842 -0.598157849 0.000000000
48.731400000 152.790447820 192.356150122 0.505284507 0.606700905 0.369242483 -0.369957137 -0.598920460 0.000000000
48.835360000 151.993849021 192.750660315 0.502560322 0.605441801 0.369949439 -0.370458293 -0.599448323 0.000000000
48.938730000 151.222231925 193.130960547 0.510462993 0.605022995 0.370377636 -0.371179210 -0.599160727 0.000000000
49.042590000 150.430286326 193.527357327 0.519061636 0.603434155 0.372108870 -0.370414328 -0.600162840 0.000000000
49.146090000 149.652892897 193.900940750 0.529541514 0.601663860 0.373006269 -0.369912523 -0.601690658 0.000000000
49.249830000 148.869402043 194.282496381 0.534427499 0.600153517 0.373188080 -0.369874706 -0.603107880 0.000000000
49.353850000 148.100134263 194.660241130 0.543828060 0.599796754 0.373163702 -0.369436153 -0.603746333 0.000000000
49.457610000 147.322116467 195.043100574 0.558466458 0.600141854 0.372792053 -0.368776448 -0.604036234 0.000000000
49.560950000 146.559972244 195.425780196 0.573925611 0.600647092 0.371787192 -0.368617486 -0.604250365 0.000000000
49.664690000 145.800300484 195.810441429 0.581278058 0.601497067 0.371048778 -0.368187191 -0.604121077 0.000000000
49.768340000 145.048948097 196.195919157 0.596600530 0.602648190 0.369998042 -0.368235271 -0.603588762 0.000000000
49.872030000 144.299019079 196.591644150 0.606279863 0.604414132 0.368195442 -0.369194609 -0.602337956 0.000000000
49.975760000 143.553850814 196.982853742 0.615088917 0.605703808 0.366051817 -0.370119900 -0.601780877 0.000000000
50.079370000 142.822468868 197.358396946 0.626316857 0.605422611 0.365301287 -0.369716686 -0.602766957 0.000000000
50.183130000 142.084477729 197.741006628 0.644266031 0.605598927 0.364839668 -0.369116661 -0.603236974 0.000000000
50.286730000 141.338176721 198.128848976 0.646281293 0.606237299 0.363725184 -0.369920384 -0.602776275 0.000000000
50.390360000 140.607593017 198.515188789 0.654544194 0.607827093 0.363564179 -0.370083461 -0.601170146 0.000000000
50.494100000 139.880668288 198.889865854 0.665857269 0.608603819 0.365298288 -0.368902206 -0.600058092 0.000000000
50.597700000 139.135295639 199.265709065 0.661204993 0.608722439 0.366387851 -0.368404779 -0.599578897 0.000000000
50.701310000 138.408182866 199.642976090 0.666313263 0.607452769 0.367258114 -0.369268059 -0.599803061 0.000000000
50.805050000 137.684589773 200.006037902 0.669070217 0.605807171 0.367800603 -0.370294538 -0.600501742 0.000000000
50.908670000 136.957047657 200.358472212 0.673190806 0.603954647 0.368631997 -0.371335353 -0.601214846 0.000000000
51.012410000 136.240677373 200.708933521 0.685009392 0.602662088 0.369940040 -0.372668007 -0.600883792 0.000000000
51.116030000 135.519051739 201.062073326 0.696373379 0.601172645 0.371800373 -0.373839563 -0.600499721 0.000000000
51.219640000 134.793643386 201.406441686 0.705684223 0.600012514 0.374017675 -0.374353027 -0.599962976 0.000000000
51.323380000 134.076514727 201.747297486 0.716101642 0.599317788 0.376336576 -0.374759235 -0.598952825 0.000000000
51.427120000 133.352757191 202.082971671 0.723395053 0.598853416 0.378856189 -0.374770534 -0.597820726 0.000000000
51.530760000 132.633446753 202.413511109 0.733937663 0.597692696 0.381714839 -0.374385978 -0.597404689 0.000000000
51.634350000 131.922923204 202.728566820 0.739440742 0.596281922 0.383837051 -0.373945473 -0.597730517 0.000000000
51.738100000 131.215058512 203.049037309 0.747879782 0.594798731 0.385435235 -0.373525816 -0.598441822 0.000000000
51.841860000 130.514725618 203.362574648 0.752224008 0.593407075 0.387224460 -0.372439100 -0.599344957 0.000000000
51.945450000 129.826270007 203.667633546 0.758982092 0.592690727 0.388680337 -0.371436933 -0.599733192 0.000000000
52.049190000 129.146073541 203.978853116 0.768984789 0.592350656 0.389698953 -0.370735943 -0.599841885 0.000000000
52.152940000 128.476870202 204.276882784 0.777649019 0.591861753 0.390483539 -0.369872511 -0.600347063 0.000000000
52.256550000 127.825603928 204.566600382 0.785897040 0.591417731 0.391248283 -0.368746910 -0.600978839 0.000000000
52.360310000 127.184912727 204.861378698 0.791962749 0.591149011 0.391830401 -0.367860420 -0.601407095 0.000000000
52.463930000 126.555897613 205.151822438 0.797048051 0.591356501 0.391989259 -0.366986154 -0.601633670 0.000000000
52.567650000 125.942269541 205.433353531 0.806545091 0.592135635 0.391587854 -0.365681713 -0.601922941 0.000000000
52.671390000 125.342075003 205.716740036 0.813366735 0.592584332 0.391086239 -0.364393053 -0.602588637 0.000000000
52.775000000 124.759649999 205.983907414 0.820450154 0.592511452 0.390458302 -0.363163267 -0.603808691 0.000000000
52.878630000 124.189077560 206.261938337 0.823718290 0.592683197 0.389230141 -0.362707269 -0.604706509 0.000000000
52.982360000 123.634008288 206.534876854 0.830449082 0.593258203 0.387755463 -0.362565041 -0.605175178 0.000000000
53.085970000 123.095990374 206.800809004 0.840466291 0.594096037 0.386009599 -0.362597075 -0.605450121 0.000000000
53.189580000 122.552717184 207.078767115 0.844965290 0.594948364 0.385022851 -0.361568958 -0.605856202 0.000000000
53.293220000 122.053450020 207.321374984 0.851167776 0.595883201 0.384261885 -0.359978548 -0.606367429 0.000000000
53.396940000 121.564327057 207.564998947 0.860470410 0.596297200 0.383528008 -0.358465806 -0.607320494 0.000000000
53.500560000 121.083937019 207.806356651 0.866627955 0.597187042 0.381733989 -0.357496656 -0.608147137 0.000000000
53.604330000 120.628767101 208.047179484 0.873660974 0.598325223 0.380155441 -0.356406727 -0.608656728 0.000000000
53.707910000 120.185608552 208.280825006 0.879309836 0.599409296 0.378776440 -0.355184473 -0.609164096 0.000000000
53.811530000 119.768588351 208.504824968 0.886719969 0.600820931 0.376896072 -0.354404605 -0.609393909 0.000000000
53.915140000 119.352582551 208.723113642 0.885753258 0.601905113 0.375774505 -0.352797577 -0.609948872 0.000000000
54.018910000 118.956168633 208.937100328 0.889184889 0.603174749 0.374769501 -0.350756893 -0.610489677 0.000000000
54.122510000 118.576758079 209.146828553 0.900052694 0.604472024 0.373453023 -0.349113717 -0.610955010 0.000000000
54.226140000 118.211060771 209.350620082 0.903547346 0.605813111 0.371464245 -0.347852981 -0.611557922 0.000000000
54.329880000 117.863675496 209.553337308 0.903498598 0.607221674 0.369434772 -0.346314727 -0.612262931 0.000000000
54.433600000 117.537529801 209.740705220 0.911772378 0.608529384 0.366875170 -0.345090347 -0.613194301 0.000000000
54.537210000 117.226725845 209.928580333 0.913950621 0.609527695 0.364191270 -0.344260529 -0.614268179 0.000000000
54.640830000 116.934324731 210.103306844 0.919197771 0.610584218 0.361882077 -0.342915347 -0.615335145 0.000000000
54.744460000 116.659394903 210.273513544 0.919561954 0.611336494 0.359757248 -0.341816522 -0.616444546 0.000000000
54.848060000 116.398420129 210.428151643 0.924217744 0.612240070 0.358085710 -0.340389184 -0.617310234 0.000000000
54.951700000 116.163244013 210.578086446 0.930598342 0.613333085 0.356685161 -0.338974813 -0.617814130 0.000000000
55.055430000 115.944809839 210.708544970 0.931600054 -0.614038884 -0.355287175 0.337753926 0.618586742 0.000000000
55.159030000 115.752441217 210.833716065 0.928411715 -0.614244501 -0.353152386 0.337726281 0.619619274 0.000000000
55.262650000 115.588474847 210.934897903 0.935257436 -0.613631838 -0.350690652 0.338120522 0.621406908 0.000000000
55.366390000 115.453265994 211.034644380 0.941458027 -0.613230719 -0.348842381 0.338472541 0.622650317 0.000000000
55.470020000 115.326380970 211.110664774 0.948293745 -0.613809459 -0.348243777 0.337795749 0.622782668 0.000000000
55.573750000 115.225094933 211.175628520 0.948338511 -0.614475017 -0.348048862 0.337052456 0.622638005 0.000000000
55.677360000 115.163577825 211.219120742 0.953092944 -0.614416550 -0.347683837 0.336791891 0.623040508 0.000000000
55.780970000 115.091463597 211.259749865 0.950037532 -0.613786654 -0.346858874 0.337019606 0.623997316 0.000000000
55.884590000 115.041825925 211.295215161 0.953160365 -0.613518126 -0.346203428 0.337369681 0.624436061 0.000000000
55.988350000 114.999817808 211.322688148 0.956648310 -0.613395093 -0.346088021 0.337428174 0.624589280 0.000000000
56.091960000 114.961963130 211.344818867 0.957773795 -0.613457849 -0.346170858 0.337264448 0.624570169 0.000000000
56.195600000 114.941721946 211.357902111 0.956562604 -0.613376390 -0.346170578 0.337206951 0.624681365 0.000000000
56.299200000 114.923601489 211.363987027 0.956613651 -0.613349500 -0.346007751 0.337233276 0.624783759 0.000000000
56.402790000 114.919517230 211.372139796 0.956028778 -0.613305197 -0.346058451 0.337289162 0.624769002 0.000000000
56.506450000 114.920880719 211.366304010 0.955199417 -0.613252368 -0.345986720 0.337285033 0.624862809 0.000000000
56.610040000 114.927910846 211.366210500 0.958978390 -0.612826116 -0.345959603 0.337432334 0.625216383 0.000000000
56.713640000 114.928631992 211.367453683 0.957678888 -0.612086725 -0.345723773 0.337658304 0.625948707 0.000000000
56.817260000 114.928982789 211.366234842 0.958357916 -0.611943818 -0.345696317 0.337706082 0.626077808 0.000000000
56.921000000 114.925280031 211.363071137 0.955556703 -0.612187281 -0.345577509 0.337641830 0.625940023 0.000000000
57.024630000 114.927866775 211.368591177 0.956095349 -0.612091973 -0.345568064 0.337896848 0.625900831 0.000000000
57.128230000 114.923857137 211.367955529 0.958864810 -0.612035979 -0.345547816 0.337825588 0.626005223 0.000000000
57.231970000 114.915121697 211.367697331 0.959172716 -0.611984103 -0.345429758 0.337825531 0.626121115 0.000000000
57.335740000 114.911218177 211.377913240 0.956917703 -0.611746674 -0.345325175 0.338018820 0.626306481 0.000000000
57.439330000 114.906466133 211.386939596 0.957067555 -0.611670889 -0.345381864 0.338128301 0.626290143 0.000000000
57.542960000 114.885263925 211.396124758 0.961616679 -0.611847593 -0.345365938 0.338037354 0.626175406 0.000000000
57.646570000 114.866666757 211.403718633 0.961036881 -0.611832068 -0.345221154 0.338042466 0.626267648 0.000000000
57.750390000 114.848741697 211.416182023 0.959040769 -0.611706571 -0.345202666 0.338041332 0.626401028 0.000000000
57.853970000 114.823984408 211.438043854 0.959651954 -0.611490228 -0.345036081 0.338218514 0.626608363 0.000000000
57.957680000 114.785412044 211.461544417 0.960215002 -0.610829274 -0.344524508 0.338482571 0.627391433 0.000000000
58.061270000 114.737833120 211.493333884 0.962138904 -0.610160663 -0.343736888 0.338870561 0.628264004 0.000000000
58.164910000 114.668187037 211.530592801 0.961017840 -0.609723944 -0.342858035 0.338696161 0.629261464 0.000000000
58.268620000 114.584358954 211.589367991 0.966948739 -0.609907346 -0.341916630 0.338295612 0.629811183 0.000000000
58.372240000 114.484344857 211.650073061 0.969998400 -0.610257175 -0.340378503 0.337413553 0.630777892 0.000000000
58.475980000 114.369693252 211.734498814 0.972817619 -0.610624863 -0.338160072 0.336238066 0.632241256 0.000000000
58.579590000 114.241782630 211.821741385 0.978625720 -0.611605367 -0.335497660 0.334104668 0.633840884 0.000000000
58.683350000 114.098992409 211.934088714 0.977173779 -0.612834974 -0.332412471 0.331254061 0.635771965 0.000000000
58.786950000 113.938358356 212.048320118 0.982855063 -0.614616927 -0.328790685 0.327175799 0.638042879 0.000000000
58.890710000 113.779094149 212.175720608 0.989516403 -0.616436082 -0.324646412 0.322513253 0.640778016 0.000000000
58.994310000 113.596172977 212.312989340 0.999728283 -0.619490238 -0.319507582 0.316959179 0.643182423 0.000000000
59.098080000 113.445412229 212.475121130 1.005276881 -0.624094574 -0.313897448 0.310854208 0.644471890 0.000000000
59.201790000 113.257908947 212.639248870 1.017010415 -0.629126827 -0.307178330 0.302825159 0.646635780 0.000000000
59.305420000 113.070767447 212.819540435 1.025092257 -0.632817592 -0.299690416 0.294782800 0.650254297 0.000000000
59.409140000 112.884293915 213.017234850 1.027812477 -0.636921321 -0.289846489 0.287079351 0.654145006 0.000000000
59.513100000 112.705710047 213.224266473 1.041370724 -0.641920477 -0.278937601 0.277903187 0.657952684 0.000000000
59.616750000 112.525187502 213.447268062 1.047117265 -0.647499437 -0.266298884 0.268135883 0.661764711 0.000000000
59.720500000 112.349729366 213.684962996 1.057717908 -0.653697451 -0.252643218 0.257162798 0.665370831 0.000000000
59.824230000 112.192461462 213.922244290 1.069437223 -0.660917337 -0.238411684 0.243676325 0.668558144 0.000000000
59.928100000 112.020153985 214.185885138 1.078659237 -0.668046608 -0.224122236 0.227473310 0.672115203 0.000000000
60.032120000 111.848693488 214.478449610 1.079117657 -0.673874902 -0.209356622 0.209284989 0.676950673 0.000000000
60.135780000 111.701703149 214.774746014 1.090155147 -0.679538047 -0.192928037 0.190341061 0.681745624 0.000000000
60.239770000 111.558636153 215.100083462 1.093355771 -0.685469227 -0.173965672 0.172015774 0.685768516 0.000000000
60.343300000 111.454213826 215.437107483 1.097341679 -0.690923457 -0.153562563 0.153903083 0.689461498 0.000000000
60.447190000 111.364678392 215.799527062 1.102859246 -0.695241315 -0.131946865 0.135109778 0.693523530 0.000000000
60.551000000 111.289499489 216.170821955 1.104606612 -0.697843726 -0.110103347 0.114648447 0.698388946 0.000000000
60.654780000 111.223942124 216.558379149 1.109857358 -0.699232208 -0.087491842 0.092742861 0.703433194 0.000000000
60.758610000 111.182680692 216.944854903 1.106686227 -0.700344060 -0.064780763 0.069226895 0.707480944 0.000000000
60.862280000 111.168443611 217.363134584 1.106746816 -0.701748250 -0.041482595 0.045295579 0.709772427 0.000000000
60.966000000 111.182166246 217.809972203 1.107513903 -0.703654108 -0.017507435 0.022855190 0.709959172 0.000000000
61.069630000 111.209107668 218.270255874 1.112573192 -0.704556578 0.006678472 0.001675678 0.709614415 0.000000000
61.173270000 111.283211311 218.762700915 1.115913080 -0.704669115 0.030150729 -0.017395219 0.708681718 0.000000000
61.276850000 111.383724560 219.230939550 1.125281115 -0.703867673 0.052077963 -0.037060840 0.707449418 0.000000000
61.380460000 111.512626579 219.714567469 1.121572421 -0.701574138 0.072084606 -0.055390236 0.706773981 0.000000000
61.483950000 111.663142940 220.200020088 1.121203027 -0.698530148 0.089725555 -0.073288102 0.706140079 0.000000000
61.587570000 111.833921568 220.710213054 1.122263538 -0.695856543 0.106328249 -0.090243889 0.704509770 0.000000000
61.691060000 112.032923674 221.219595862 1.130592930 -0.693971890 0.121618695 -0.105002347 0.701845009 0.000000000
61.794550000 112.256381205 221.734411152 1.136908029 -0.692260467 0.135202092 -0.117673344 0.699034208 0.000000000
61.897900000 112.497467909 222.274612567 1.138755773 -0.690513042 0.146574097 -0.128619909 0.696537645 0.000000000
62.002740000 112.750187775 222.808495515 1.146168137 -0.688768291 0.156886524 -0.137088334 0.694400208 0.000000000
62.104790000 113.033298709 223.366861746 1.150274156 -0.687098886 0.165209912 -0.143164881 0.692895823 0.000000000
62.208130000 113.322680234 223.928599999 1.153263846 -0.685889929 0.171488659 -0.148291250 0.691488504 0.000000000
62.311500000 113.616846871 224.511093433 1.160905871 -0.685020891 0.176354180 -0.152205840 0.690274557 0.000000000
62.414860000 113.924155702 225.094479122 1.165996635 -0.684037954 0.179639222 -0.155620701 0.689640504 0.000000000
62.518230000 114.243458995 225.693151818 1.167478138 -0.683035960 0.182339362 -0.158522839 0.689263915 0.000000000
62.621740000 114.579120734 226.308324566 1.169473187 -0.681942564 0.184894597 -0.160414540 0.689228193 0.000000000
62.725220000 114.918372027 226.925242201 1.171948435 -0.681276920 0.186389184 -0.161574658 0.689212928 0.000000000
62.828700000 115.265893566 227.560750703 1.179566010 -0.681216064 0.187533227 -0.162275602 0.688797933 0.000000000
62.932200000 115.622965578 228.204645483 1.185095892 -0.681425421 0.188351489 -0.162678232 0.688272406 0.000000000
63.035810000 115.985891509 228.869597633 1.193861552 -0.682162610 0.188763490 -0.163157542 0.687315164 0.000000000
63.139420000 116.353697914 229.541962030 1.198099848 -0.682924357 0.189525872 -0.162985102 0.686389192 0.000000000
63.242920000 116.731516372 230.239436401 1.199430272 -0.683132070 0.189649186 -0.162577017 0.686245200 0.000000000
63.346530000 117.117995349 230.938452129 1.201243348 -0.682713361 0.189091642 -0.161807429 0.686997215 0.000000000
63.450150000 117.502150657 231.654007518 1.204605667 -0.681522411 0.188681802 -0.161191062 0.688435779 0.000000000
63.553890000 117.884408805 232.374469283 1.206886016 -0.679757208 0.186906019 -0.162057771 0.690458947 0.000000000
63.657500000 118.277521799 233.114398565 1.218370950 -0.678665702 0.185682258 -0.163042012 0.691630151 0.000000000
63.761250000 118.690522395 233.865789739 1.235800120 -0.679214637 0.184896015 -0.163333694 0.691232989 0.000000000
63.864990000 119.102207969 234.639911228 1.236964524 -0.681357108 0.185564149 -0.162805919 0.689066522 0.000000000
63.968620000 119.530989768 235.424633493 1.242962761 -0.684599725 0.186707629 -0.161700148 0.685796282 0.000000000
64.072220000 119.955303410 236.203579189 1.246847151 -0.686136099 0.188035643 -0.160296793 0.684225686 0.000000000
64.175970000 120.378569083 237.001119253 1.245187337 -0.684948403 0.189031928 -0.159291580 0.685374940 0.000000000
64.279620000 120.818197789 237.802055901 1.237018452 -0.682213216 0.188902131 -0.158538507 0.688307093 0.000000000
64.383180000 121.250501149 238.607702281 1.245737422 -0.679762104 0.188616451 -0.157956434 0.690939275 0.000000000
64.486930000 121.706682406 239.428984800 1.252931971 -0.678371501 0.187614289 -0.157719435 0.692630901 0.000000000
64.590710000 122.141748935 240.263315724 1.267563027 -0.678030873 0.187270890 -0.157915645 0.693012553 0.000000000
64.694300000 122.582140725 241.117395866 1.280235055 -0.678874621 0.186407977 -0.158739518 0.692230511 0.000000000
64.797940000 123.048736048 241.982369058 1.295055419 -0.681347348 0.186405635 -0.158260105 0.689907580 0.000000000
64.901640000 123.508667765 242.856036536 1.304905419 -0.683776336 0.186891199 -0.158120547 0.687400534 0.000000000
65.005340000 123.981265356 243.742380139 1.311337376 -0.685010522 0.187672282 -0.157500049 0.686100163 0.000000000
65.108990000 124.462454851 244.629859602 1.311845699 -0.684230915 0.187926695 -0.157159128 0.686886177 0.000000000
65.212830000 124.948767204 245.518373134 1.314291463 -0.682726844 0.188250343 -0.156585619 0.688423422 0.000000000
65.316220000 125.415982462 246.424098295 1.317793214 -0.681347109 0.187934821 -0.157043311 0.689770990 0.000000000
65.419850000 125.910250893 247.330360224 1.325511094 -0.680808085 0.187833401 -0.156490732 0.690456092 0.000000000
65.523620000 126.398290021 248.249885046 1.336359776 -0.680889821 0.187746492 -0.156188519 0.690467560 0.000000000
65.627110000 126.889511990 249.171146855 1.342680669 -0.681905674 0.187911803 -0.154878858 0.689714684 0.000000000
65.730790000 127.379576419 250.089937880 1.358660485 -0.683295940 0.187498598 -0.153891138 0.688671512 0.000000000
65.834430000 127.857391504 251.008184862 1.367360260 -0.682598549 0.187330943 -0.152843436 0.689641372 0.000000000
65.938040000 128.346440904 251.937779761 1.374271643 -0.680488370 0.186936569 -0.151984456 0.692019525 0.000000000
66.041660000 128.827088439 252.861785498 1.390894346 -0.679270794 0.185842914 -0.152234047 0.693453960 0.000000000
66.145270000 129.316038606 253.807089968 1.408134528 -0.679024062 0.184991039 -0.151971441 0.693980778 0.000000000
66.248940000 129.798736710 254.747489587 1.427389513 -0.679904752 0.183839805 -0.151863760 0.693447801 0.000000000
66.352630000 130.277170188 255.686124399 1.444690219 -0.681364535 0.183316315 -0.151537706 0.692223824 0.000000000
66.456240000 130.755540559 256.627979230 1.459856804 -0.683357723 0.182525486 -0.151330396 0.690511245 0.000000000
66.559860000 131.229655134 257.559005266 1.475334023 -0.684944246 0.181735334 -0.151234886 0.689167366 0.000000000
66.663590000 131.699973642 258.492256420 1.488599191 -0.685474574 0.180846467 -0.151639460 0.688784900 0.000000000
66.767240000 132.177999941 259.429328033 1.494099236 -0.685109997 0.180513909 -0.151578907 0.689248036 0.000000000
66.870960000 132.645590139 260.347790116 1.509724834 -0.684309146 0.180856810 -0.151584296 0.689952178 0.000000000
66.974570000 133.120383679 261.271382332 1.524600179 -0.683306369 0.180247747 -0.151895295 0.691036160 0.000000000
67.078310000 133.582152446 262.185001662 1.539172471 -0.681856965 0.180253205 -0.152072683 0.692425996 0.000000000
67.181930000 134.052197308 263.094653367 1.555370413 -0.681400503 0.179697303 -0.152260276 0.692978385 0.000000000
67.285670000 134.516481773 264.012206776 1.572931333 -0.682000780 0.179906000 -0.152551894 0.692269230 0.000000000
67.389280000 134.973998721 264.931342607 1.590580977 -0.683198898 0.179497309 -0.153517796 0.690979209 0.000000000
67.492970000 135.440478513 265.836768909 1.607194071 -0.683761686 0.179158346 -0.153955762 0.690412823 0.000000000
67.596630000 135.908294826 266.748359958 1.616392198 -0.684188185 0.178478654 -0.154600100 0.690022251 0.000000000
67.700270000 136.372817549 267.657651576 1.628048278 -0.685629219 0.178373888 -0.154957462 0.688537229 0.000000000
67.803900000 136.832973389 268.565805542 1.640497956 -0.687424418 0.178402507 -0.155356015 0.686647452 0.000000000
67.907590000 137.300539801 269.474707003 1.647433858 -0.687641116 0.177515774 -0.156356108 0.686433254 0.000000000
68.011290000 137.757888040 270.372779196 1.655324400 -0.686126903 0.176298680 -0.157868906 0.687914280 0.000000000
68.114970000 138.222213222 271.270718591 1.663851245 -0.684827787 0.174838238 -0.159124446 0.689290870 0.000000000
68.218650000 138.665190239 272.171877770 1.670916583 -0.684022569 0.174112626 -0.160665594 0.689916289 0.000000000
68.322220000 139.120713744 273.068419229 1.685673575 -0.683881652 0.172996582 -0.162057399 0.690011209 0.000000000
68.425940000 139.578100703 273.966230842 1.704041813 -0.683738146 0.172407707 -0.162938983 0.690093195 0.000000000
68.529590000 140.037269327 274.872077597 1.718215341 -0.684118670 0.172205545 -0.163092963 0.689730079 0.000000000
68.633170000 140.495411035 275.771886940 1.732925705 -0.684927645 0.172380239 -0.162958720 0.688914821 0.000000000
68.736910000 140.961148401 276.675918239 1.747320776 -0.685451374 0.172702528 -0.162513143 0.688418281 0.000000000
68.840530000 141.427027168 277.584170031 1.758139107 -0.685681531 0.172728171 -0.162283534 0.688236784 0.000000000
68.944270000 141.899984142 278.492789756 1.772000819 -0.685622223 0.172220098 -0.162819203 0.688296675 0.000000000
69.047890000 142.374115058 279.406220344 1.779226282 -0.685523394 0.172687489 -0.162985277 0.688238699 0.000000000
69.151620000 142.844932492 280.328072160 1.793910362 -0.685581984 0.172967157 -0.163170547 0.688066188 0.000000000
69.255320000 143.324725160 281.254840092 1.801389964 -0.685324078 0.173097822 -0.163521204 0.688206995 0.000000000
69.359000000 143.803463374 282.187208138 1.806901496 -0.685204054 0.172970155 -0.163998500 0.688245030 0.000000000
69.462640000 144.288475642 283.123501483 1.819419167 -0.685738829 0.173251644 -0.163988095 0.687643825 0.000000000
69.566330000 144.777707926 284.068379028 1.832846960 -0.685040391 0.173851155 -0.163717875 0.688252785 0.000000000
69.669950000 145.262614879 285.010324890 1.848146623 -0.683716297 0.172976632 -0.164667790 0.689561911 0.000000000
69.773710000 145.748852071 285.956026880 1.853783608 -0.682443460 0.172464366 -0.165067009 0.690854434 0.000000000
69.877300000 146.236900646 286.895729681 1.878931961 -0.683413934 0.173371538 -0.164213272 0.689870790 0.000000000
69.980930000 146.735396100 287.851273547 1.892295281 -0.685066274 0.173748743 -0.163779966 0.688238111 0.000000000
70.084660000 147.224215983 288.806784224 1.907300107 -0.686110983 0.173910405 -0.164011924 0.687100414 0.000000000
70.188400000 147.721709158 289.761691275 1.918100606 -0.686715002 0.174547942 -0.163599763 0.686433273 0.000000000
70.292030000 148.213828746 290.708953709 1.927600582 -0.687363387 0.174743027 -0.163540456 0.685748472 0.000000000
70.395630000 148.707374480 291.652872369 1.937871705 -0.687272611 0.175328473 -0.162854443 0.685853275 0.000000000
70.499370000 149.205756052 292.599052938 1.945732744 -0.686402727 0.176110480 -0.161885596 0.686752830 0.000000000
70.602990000 149.693499882 293.530066744 1.955031499 -0.685321728 0.176099575 -0.161554433 0.687912229 0.000000000
70.706610000 150.183797080 294.473141053 1.966523876 -0.684645142 0.176788849 -0.160703752 0.688608042 0.000000000
70.810370000 150.668252260 295.408433035 1.980532277 -0.684996737 0.177325581 -0.159790615 0.688332818 0.000000000
70.913960000 151.164678743 296.354803412 1.992412730 -0.685831501 0.178321665 -0.158543116 0.687532266 0.000000000
71.017600000 151.651550883 297.289495449 1.997050817 -0.686766529 0.179529754 -0.156924288 0.686655350 0.000000000
71.121200000 152.138440717 298.224586735 2.003276655 -0.686975372 0.180778032 -0.155389936 0.686467851 0.000000000
71.224820000 152.620522383 299.144196098 2.009967873 -0.685718349 0.181228852 -0.154614019 0.687779728 0.000000000
71.328430000 153.104571525 300.067524553 2.018702767 -0.684022503 0.181779355 -0.153757790 0.689512889 0.000000000
71.432160000 153.574978552 300.979436206 2.030379007 -0.683473462 0.181943902 -0.153365853 0.690100977 0.000000000
71.535850000 154.041472380 301.906406493 2.050066044 -0.683846384 0.182577037 -0.152543186 0.689746565 0.000000000
71.639400000 154.508978360 302.810554601 2.061868356 -0.684458696 0.183051414 -0.151331043 0.689280342 0.000000000
71.743010000 154.974376930 303.704839587 2.065889117 -0.685293490 0.183396351 -0.150131770 0.688621132 0.000000000
71.846650000 155.430970920 304.590502670 2.079820570 -0.686092105 0.184016147 -0.148932330 0.687920666 0.000000000
71.950250000 155.889069134 305.478259572 2.091240685 -0.686523028 0.184600297 -0.147577141 0.687626242 0.000000000
72.053920000 156.338991535 306.358640635 2.095647483 -0.685952800 0.184561391 -0.146787384 0.688374399 0.000000000
72.157490000 156.777330723 307.225371970 2.103380978 -0.685420196 0.184480040 -0.146173789 0.689056960 0.000000000
72.261240000 157.213151928 308.091773953 2.111722699 -0.684956703 0.183866199 -0.146150716 0.689686526 0.000000000
72.364830000 157.647258167 308.944247142 2.120155342 -0.684920199 0.182999828 -0.146323869 0.689916451 0.000000000
72.468450000 158.068095715 309.787858854 2.125381677 -0.684949416 0.182675056 -0.146067081 0.690027919 0.000000000
72.572060000 158.488539072 310.626797510 2.143669798 -0.685432455 0.182548237 -0.145837081 0.689630362 0.000000000
72.675720000 158.892582504 311.453498244 2.153405479 -0.686070625 0.182229158 -0.146135489 0.689016727 0.000000000
72.779440000 159.293397790 312.258554211 2.162712849 -0.685843102 0.180838411 -0.147165625 0.689390301 0.000000000
72.883040000 159.693745051 313.058950905 2.172969434 -0.685234266 0.180318032 -0.147598407 0.690039215 0.000000000
72.986770000 160.087349897 313.845476820 2.182219214 -0.684687056 0.180721874 -0.147710993 0.690452535 0.000000000
73.090510000 160.474059303 314.615597026 2.191270316 -0.684873812 0.181142318 -0.148179296 0.690056678 0.000000000
73.194190000 160.862819405 315.377810631 2.202590523 -0.684912159 0.181440657 -0.148948670 0.689774540 0.000000000
73.297870000 161.232895303 316.111961136 2.215315987 -0.685160537 0.182774664 -0.148863640 0.689193788 0.000000000
73.401490000 161.604178820 316.828372044 2.226345392 -0.684942354 0.184088102 -0.148680647 0.689100578 0.000000000
73.505110000 161.968927276 317.533183858 2.237219354 -0.685168751 0.184816837 -0.149054692 0.688599461 0.000000000
73.608900000 162.327094206 318.215625437 2.244384230 -0.685379528 0.186680440 -0.148429248 0.688021855 0.000000000
73.712560000 162.664017916 318.870936589 2.249583429 -0.685782035 0.187591951 -0.148612368 0.687332979 0.000000000
73.816140000 163.003556710 319.524363032 2.261993060 -0.686445606 0.187579185 -0.149773315 0.686421469 0.000000000
73.919840000 163.319236160 320.135227424 2.268083221 -0.686347405 0.188355688 -0.150252189 0.686202342 0.000000000
74.023430000 163.633790397 320.737177272 2.276520734 -0.684970942 0.188517212 -0.151031239 0.687361357 0.000000000
74.127170000 163.929622612 321.304939784 2.281508965 -0.682988197 0.188648285 -0.152021486 0.689077946 0.000000000
74.230880000 164.222448022 321.861824321 2.292238432 -0.682136967 0.188635336 -0.152745749 0.689764166 0.000000000
74.334400000 164.515049020 322.417555065 2.296127978 -0.682224231 0.188999333 -0.153205822 0.689476125 0.000000000
74.438030000 164.794405496 322.934533075 2.294793729 -0.683134989 0.189463866 -0.152906455 0.688512634 0.000000000
74.541650000 165.055158396 323.415407360 2.315761988 -0.684431446 0.189572023 -0.152313638 0.687325687 0.000000000
74.645260000 165.301743762 323.901378910 2.326091310 -0.684962020 0.188990525 -0.151668027 0.687100008 0.000000000
74.748860000 165.531139426 324.355138611 2.330941245 -0.684554069 0.186919925 -0.151183578 0.688178897 0.000000000
74.852540000 165.764402120 324.797457177 2.339586537 -0.683965342 0.184271833 -0.149715712 0.689797440 0.000000000
74.955960000 165.981577892 325.226762285 2.344451421 -0.683850967 0.180691441 -0.147149013 0.691408437 0.000000000
75.059610000 166.151493292 325.649599281 2.341794755 -0.684150051 0.176706913 -0.143495947 0.692908571 0.000000000
75.163080000 166.344122689 326.062648288 2.352257246 -0.685104860 0.170947411 -0.138131387 0.694498404 0.000000000
75.266650000 166.509885150 326.465239521 2.369997826 -0.686453380 0.163690612 -0.132383729 0.696032822 0.000000000
75.370050000 166.674705402 326.881917420 2.373585807 -0.688303749 0.154958246 -0.125583434 0.697463040 0.000000000
75.473540000 166.791071636 327.302698372 2.383950470 -0.690817466 0.145466789 -0.117747057 0.698388339 0.000000000
75.577070000 166.913168430 327.702024699 2.393150745 -0.693832423 0.135581023 -0.106797040 0.699148587 0.000000000
75.680410000 167.011651717 328.130079004 2.400034978 -0.696039181 0.123913759 -0.094342361 0.700909664 0.000000000
75.783770000 167.087926385 328.538628119 2.407222788 -0.697956396 0.109952885 -0.080428948 0.703063593 0.000000000
75.887280000 167.142037237 328.953520090 2.412566838 -0.700304891 0.093676244 -0.066321841 0.704556054 0.000000000
75.990620000 167.172241392 329.342862887 2.423366156 -0.703072152 0.076584572 -0.051793423 0.705082828 0.000000000
76.094110000 167.197268195 329.757108240 2.423204034 -0.705631041 0.059158652 -0.035521858 0.705211518 0.000000000
76.197600000 167.193819585 330.162984635 2.425443063 -0.707767649 0.042281854 -0.017654121 0.704957823 0.000000000
76.300970000 167.173181293 330.518290387 2.430567989 -0.709472018 0.023786994 -0.000387378 0.704331942 0.000000000
76.404460000 167.141800976 330.905998019 2.444959426 -0.710522394 0.002127490 0.017080332 0.703464046 0.000000000
76.507950000 167.059372290 331.309739216 2.447427759 -0.711060153 -0.020152847 0.034859052 0.701977328 0.000000000
76.611340000 166.961046718 331.718982188 2.445919084 -0.711373318 -0.041486970 0.054565753 0.699463661 0.000000000
76.714820000 166.837671280 332.147098125 2.448650115 -0.711123759 -0.061661450 0.076608630 0.696155143 0.000000000
76.818440000 166.688399126 332.577701182 2.435960692 -0.709103361 -0.081100728 0.100289012 0.693207912 0.000000000
76.921990000 166.526607524 333.000969910 2.434280938 -0.707185553 -0.101770765 0.123629919 0.688655900 0.000000000
77.025530000 166.323663392 333.432510920 2.425095090 -0.703798963 -0.122914994 0.147329412 0.683997783 0.000000000
77.129020000 166.099077790 333.837325355 2.425251583 -0.698901729 -0.143348701 0.172691484 0.679091433 0.000000000
77.232630000 165.837755308 334.250678030 2.418224457 -0.692376000 -0.164353153 0.198187829 0.674036423 0.000000000
77.336250000 165.537896625 334.651399467 2.417679239 -0.683879001 -0.188018121 0.221292077 0.669319441 0.000000000
77.439860000 165.178296864 335.018998610 2.415426790 -0.674727044 -0.211183686 0.243855198 0.663836960 0.000000000
77.543570000 164.792425840 335.410910176 2.426954596 -0.665140391 -0.232771408 0.267991570 0.656952243 0.000000000
77.647090000 164.401477103 335.771393240 2.422701925 -0.656278702 -0.251598412 0.294272570 0.647611117 0.000000000
77.750840000 163.958963387 336.102042691 2.427763808 -0.648074301 -0.272793667 0.315212626 0.637357291 0.000000000
77.854700000 163.513915575 336.396205630 2.439053418 -0.639900771 -0.296235289 0.330882428 0.627127161 0.000000000
77.958590000 163.020182441 336.664603258 2.449845739 -0.631204768 -0.318319282 0.342865045 0.618625037 0.000000000
78.062560000 162.513518077 336.924090380 2.458460104 -0.621904069 -0.337383287 0.353529091 0.611902793 0.000000000
78.166570000 161.984541588 337.184363925 2.460598299 0.614495433 0.351331724 -0.363441678 -0.605699207 0.000000000
78.270660000 161.447586897 337.428675371 2.459872462 0.610096250 0.362801637 -0.370197262 -0.599259147 0.000000000
78.374790000 160.908451952 337.679102409 2.461696627 0.607439550 0.371010586 -0.375373319 -0.593686121 0.000000000
78.479010000 160.334838546 337.922255632 2.463638151 0.604722388 0.376729918 -0.378561908 -0.590826781 0.000000000
78.583150000 159.764190311 338.162696878 2.465562027 0.600509732 0.380117562 -0.380742710 -0.591551933 0.000000000
78.687370000 159.193790681 338.398718842 2.467963602 0.595547664 0.380575763 -0.383201528 -0.594677776 0.000000000
78.791490000 158.616786881 338.667501039 2.463948764 0.591238707 0.379365775 -0.386248147 -0.597771503 0.000000000
78.895610000 158.024844716 338.937943445 2.466523921 0.590360102 0.377466435 -0.387998545 -0.598707916 0.000000000
78.999750000 157.419809721 339.220819884 2.477626805 0.592178985 0.376867601 -0.387962688 -0.597310483 0.000000000
79.103610000 156.802836251 339.506692215 2.492808886 0.594404175 0.376758703 -0.387541288 -0.595439591 0.000000000
79.207550000 156.170281622 339.790702488 2.509136455 0.595125807 0.377173996 -0.386554258 -0.595097350 0.000000000
79.311380000 155.529856839 340.080651564 2.518169357 0.594653761 0.377646179 -0.385564138 -0.595911540 0.000000000
79.415180000 154.882204675 340.369989862 2.526235069 0.594002465 0.378375257 -0.383881114 -0.597183830 0.000000000
79.518970000 154.224946213 340.667563773 2.536812165 0.593255772 0.378339869 -0.381856540 -0.599242952 0.000000000
79.622670000 153.558774400 340.975478560 2.546160833 0.593152522 0.377626144 -0.379693903 -0.601166468 0.000000000
79.726400000 152.874740680 341.297542133 2.556263847 0.593683334 0.377113050 -0.377512997 -0.602336936 0.000000000
79.830150000 152.171656923 341.630078280 2.566259836 0.595247045 0.376691198 -0.375102327 -0.602563641 0.000000000
79.933870000 151.456296786 341.971560085 2.578136502 0.596610949 0.377026462 -0.372187390 -0.602812549 0.000000000
80.037500000 150.728117520 342.323244998 2.592278958 0.597728462 0.376675442 -0.370360011 -0.603050379 0.000000000
80.141270000 149.986121404 342.688708761 2.594593059 0.597557648 0.375521609 -0.369710158 -0.604336643 0.000000000
80.244850000 149.240068682 343.064495021 2.597488939 0.597540637 0.373604666 -0.369836033 -0.605463500 0.000000000
80.348500000 148.471692667 343.459656325 2.605190839 0.598937369 0.371975062 -0.369499595 -0.605292186 0.000000000
80.452210000 147.694929494 343.854647835 2.611219217 0.600855740 0.371941450 -0.367798992 -0.604446722 0.000000000
80.555830000 146.899678741 344.254642305 2.620197307 0.603347103 0.371620640 -0.366101503 -0.603191564 0.000000000
80.659450000 146.105548388 344.668298313 2.617942180 0.605487983 0.371250014 -0.365062246 -0.601903053 0.000000000
80.763190000 145.304836395 345.074210784 2.623181933 0.606779886 0.370279527 -0.363995848 -0.601845714 0.000000000
80.866800000 144.502022647 345.484839259 2.627961027 0.606633589 0.369915743 -0.362810653 -0.602931556 0.000000000
80.970420000 143.689723768 345.905453659 2.626403467 0.605312589 0.369005909 -0.362446689 -0.605031988 0.000000000
81.074090000 142.882785364 346.326845418 2.629326004 0.604569846 0.367746963 -0.363121794 -0.606135328 0.000000000
81.177670000 142.061728719 346.753655188 2.639919426 0.604649015 0.367508783 -0.363225401 -0.606138740 0.000000000
81.281390000 141.241359244 347.183447879 2.645324523 0.604881319 0.367612851 -0.363238005 -0.605836227 0.000000000
81.385030000 140.416189015 347.616371230 2.656161358 0.605351536 0.367689464 -0.363668466 -0.605061338 0.000000000
81.488620000 139.595025020 348.045754395 2.664938386 0.605518253 0.368192530 -0.364067116 -0.604348443 0.000000000
81.592230000 138.770383277 348.462317009 2.671649334 0.605126129 0.369255613 -0.363383821 -0.604503812 0.000000000
81.695850000 137.953791498 348.881794049 2.677971399 0.604548560 0.370661786 -0.362925702 -0.604496331 0.000000000
81.799470000 137.138030548 349.297756615 2.685522050 0.604254099 0.371297893 -0.362983950 -0.604365378 0.000000000
81.903080000 136.322633907 349.712832789 2.693940803 0.604455398 0.371307448 -0.363479451 -0.603860198 0.000000000
82.006700000 135.505997685 350.120091811 2.701164317 0.603577839 0.372268087 -0.363177028 -0.604328314 0.000000000
82.110320000 134.690728800 350.531882985 2.712560365 0.602754883 0.372433027 -0.364026563 -0.604536891 0.000000000
82.214070000 133.874114195 350.944062469 2.715026298 0.601988765 0.372644819 -0.365499096 -0.604281207 0.000000000
82.317670000 133.052939339 351.346274638 2.717914697 0.601833637 0.374309999 -0.366032933 -0.603082241 0.000000000
82.421410000 132.227227220 351.746454497 2.721618461 0.602099506 0.376781426 -0.365849480 -0.601386814 0.000000000
82.525020000 131.409514708 352.147563491 2.729392458 0.601882003 0.378778148 -0.366220549 -0.600123053 0.000000000
82.628780000 130.586696129 352.534290037 2.737089361 0.599949089 0.380908758 -0.365772590 -0.600982547 0.000000000
82.732380000 129.766999139 352.924516412 2.738526482 0.598416072 0.382385355 -0.365883934 -0.601505272 0.000000000
82.836140000 128.966903496 353.309333523 2.750882649 0.596788068 0.381953265 -0.368019906 -0.602093892 0.000000000
82.939730000 128.163142822 353.691537603 2.759167642 0.596140526 0.381487412 -0.369309142 -0.602241302 0.000000000
83.043500000 127.345784873 354.081994342 2.757476788 0.596408358 0.382197647 -0.369289345 -0.601537538 0.000000000
83.147220000 126.526238714 354.472405261 2.770614075 0.596913745 0.383037805 -0.368601539 -0.600923395 0.000000000
83.250970000 125.740787608 354.852823788 2.780040803 0.597426561 0.383222369 -0.368143840 -0.600576584 0.000000000
83.354570000 124.933987985 355.243173129 2.798588993 0.596383657 0.382427603 -0.368347221 -0.601993345 0.000000000
83.458190000 124.123143434 355.631391524 2.800865346 0.596235987 0.381609947 -0.367037588 -0.603456630 0.000000000
83.561980000 123.326283508 356.012797124 2.809869170 0.596456021 0.381557938 -0.365173827 -0.604402044 0.000000000
83.665550000 122.522627083 356.405698340 2.818255133 0.597996664 0.380746070 -0.363316240 -0.604511149 0.000000000
83.769380000 121.714931368 356.810574162 2.826180385 0.599206173 0.379915503 -0.361346260 -0.605016573 0.000000000
83.872920000 120.922947675 357.210498607 2.832827926 0.600412368 0.378680096 -0.359431874 -0.605735174 0.000000000
83.976710000 120.126956962 357.614374889 2.840097987 0.601803857 0.377056343 -0.357782002 -0.606343691 0.000000000
84.080130000 119.341353134 358.018988199 2.845036644 0.602962642 0.375502227 -0.356262658 -0.607051109 0.000000000
84.183750000 118.568340977 358.432083776 2.849768385 0.603701885 0.373407028 -0.355174284 -0.608245389 0.000000000
84.287600000 117.787338748 358.848284660 2.854848634 0.603898062 0.371609073 -0.353860956 -0.609914954 0.000000000
84.391160000 117.031818004 359.258319392 2.861892721 0.604331634 0.369924269 -0.352611070 -0.611232152 0.000000000
84.494760000 116.269886544 359.667123102 2.866067836 0.604789805 0.368294741 -0.351130742 -0.612613645 0.000000000
84.598480000 115.499942558 360.090786124 2.875475498 0.605963680 0.366762532 -0.349380853 -0.613372874 0.000000000
84.702120000 114.737338384 360.519534502 2.881152292 0.607082778 0.365657218 -0.347615343 -0.613929045 0.000000000
84.805710000 113.977367287 360.940484884 2.898172238 0.608523772 0.364619413 -0.345631660 -0.614239577 0.000000000
84.909310000 113.229036684 361.364351818 2.901470557 0.610035066 0.363699363 -0.344145195 -0.614120572 0.000000000
85.012960000 112.480169340 361.801784043 2.913261141 0.611661710 0.361702686 -0.343825368 -0.613860926 0.000000000
85.116700000 111.751376566 362.231659621 2.913137716 0.612587620 0.360159008 -0.343667868 -0.613933461 0.000000000
85.220270000 111.040207614 362.636456669 2.925361052 0.613059256 0.358438682 -0.343927643 -0.614323886 0.000000000
85.324080000 110.339168814 363.055885228 2.927976892 0.613030457 0.356768253 -0.344871426 -0.614795715 0.000000000
85.427750000 109.656689451 363.458430450 2.936209823 0.613741775 0.355483868 -0.345486780 -0.614484448 0.000000000
85.531340000 108.995931310 363.851977353 2.943085731 0.613890973 0.354869612 -0.346131587 -0.614327564 0.000000000
85.635010000 108.347506045 364.231772252 2.954481096 0.613722588 0.353743362 -0.347248350 -0.614515095 0.000000000
85.738670000 107.721410156 364.595193249 2.971565148 0.613755459 0.353259898 -0.348317168 -0.614155380 0.000000000
85.842510000 107.112548392 364.956827916 2.976615335 0.613741878 0.353070348 -0.349938235 -0.613355907 0.000000000
85.946050000 106.513865079 365.303892904 2.985029678 0.614041460 0.353995993 -0.351180125 -0.611810789 0.000000000
86.049580000 105.936662946 365.636836050 2.995615149 0.614406090 0.354954984 -0.352816957 -0.609944515 0.000000000
86.153190000 105.389285837 365.943457059 3.007026160 0.614002377 0.356457472 -0.354547302 -0.608469690 0.000000000
86.257680000 104.849629816 366.235814502 3.018840241 0.613326380 0.357525237 -0.356915625 -0.607138940 0.000000000
86.360510000 104.325524963 366.522895114 3.023559375 0.611555505 0.359065815 -0.359473378 -0.606506798 0.000000000
86.464180000 103.796933912 366.805621691 3.028127665 0.609679217 0.360617355 -0.362312997 -0.605785166 0.000000000
86.567780000 103.267258686 367.075803160 3.037500263 0.608241180 0.363253347 -0.364442531 -0.604376798 0.000000000
86.671550000 102.735102994 367.353482810 3.042317354 0.607402549 0.365363429 -0.366845697 -0.602491447 0.000000000
86.775140000 102.202415607 367.618381604 3.047926667 0.605947523 0.367942182 -0.368624569 -0.601300323 0.000000000
86.878890000 101.675249137 367.867114483 3.052092915 0.603727308 0.369779590 -0.370902949 -0.601005320 0.000000000
86.982510000 101.148911695 368.116498700 3.066599430 0.601143015 0.371770371 -0.372984841 -0.601079176 0.000000000
87.086250000 100.594899938 368.378690744 3.077157845 0.599165435 0.372839537 -0.375219625 -0.601000578 0.000000000
87.190180000 100.061087275 368.615035601 3.084231112 0.597232717 0.374114938 -0.377447168 -0.600736823 0.000000000
87.293640000 99.574809289 368.858219731 3.095861915 0.595297922 0.375670151 -0.379998342 -0.600077980 0.000000000
87.397220000 99.034457575 369.101510661 3.107478864 0.593584595 0.377778148 -0.381178082 -0.599703485 0.000000000
87.501040000 98.494598332 369.340617905 3.118742864 0.592130536 0.379703550 -0.382037300 -0.599378131 0.000000000
87.604560000 97.938528366 369.575835618 3.129418092 0.591170204 0.380723938 -0.383533629 -0.598722831 0.000000000
87.708320000 97.389718200 369.832661177 3.144004446 0.590394127 0.381725526 -0.385272730 -0.597733486 0.000000000
87.811980000 96.823700658 370.074998652 3.153769481 0.589221262 0.382921788 -0.386329465 -0.597443514 0.000000000
87.915650000 96.252999251 370.309389320 3.162785355 0.587030064 0.385044651 -0.385991621 -0.598453665 0.000000000
88.019280000 95.669528572 370.559823720 3.189093148 0.585895957 0.386611151 -0.385880874 -0.598626509 0.000000000
88.123030000 95.086589259 370.804150975 3.204588273 0.585385397 0.386981998 -0.386166170 -0.598702396 0.000000000
88.226620000 94.498614958 371.068092110 3.215247231 0.585270759 0.386556721 -0.387124142 -0.598470500 0.000000000
88.330460000 93.890715419 371.330094764 3.234666225 0.585603758 0.387372289 -0.386527459 -0.598002903 0.000000000
88.434330000 93.272379507 371.597078436 3.239695482 0.586815233 0.387770501 -0.385795525 -0.597029090 0.000000000
88.537780000 92.639415627 371.859495176 3.252726267 0.588003366 0.389832041 -0.383429279 -0.596041114 0.000000000
88.641400000 91.995745964 372.137103462 3.257820432 0.591608926 0.392470407 -0.380310009 -0.592731098 0.000000000
88.745080000 91.327715892 372.429438594 3.258595505 0.594544120 0.394735484 -0.376649474 -0.590623705 0.000000000
88.848890000 90.666383934 372.719927164 3.254301937 0.595491600 0.394920708 -0.374998702 -0.590595769 0.000000000
88.952550000 89.997488560 373.014813792 3.261334583 0.592922909 0.393612051 -0.374308237 -0.594479034 0.000000000
89.056170000 89.334120691 373.306443166 3.258953744 0.588716985 0.389698680 -0.375494839 -0.600458888 0.000000000
89.159790000 88.648387291 373.610432827 3.250025223 0.587894611 0.388641480 -0.374531837 -0.602547616 0.000000000
89.263540000 87.928716936 373.952444688 3.243153358 0.592028672 0.388804638 -0.371656249 -0.600170507 0.000000000
89.367140000 87.190895555 374.294263502 3.248128235 0.598454212 0.391044439 -0.366745976 -0.595343760 0.000000000
89.470880000 86.454725213 374.645088289 3.245907218 0.600768682 0.390072220 -0.365359734 -0.594502245 0.000000000
89.574490000 85.715329905 374.997648563 3.238052361 0.598605804 0.387193356 -0.366378463 -0.597929108 0.000000000
89.678230000 84.975536671 375.350892229 3.234767647 0.593865399 0.383027879 -0.368407651 -0.604060704 0.000000000
89.781980000 84.206487230 375.722445290 3.226566240 0.591134592 0.380866123 -0.368223044 -0.608204473 0.000000000
89.885590000 83.421458414 376.096946502 3.232975353 0.592084501 0.382036630 -0.364384187 -0.608858047 0.000000000
89.989350000 82.613204357 376.484543593 3.242613671 0.595280963 0.384048261 -0.358921025 -0.607719678 0.000000000
90.092950000 81.798945233 376.887213233 3.247814485 0.596932112 0.383582957 -0.355371502 -0.608479469 0.000000000
90.196710000 80.999794583 377.298602781 3.259747186 0.594973621 0.380585934 -0.354371190 -0.612847287 0.000000000
90.300450000 80.188385624 377.720789318 3.265004476 0.592419960 0.374796220 -0.355610563 -0.618148455 0.000000000
90.404050000 79.373752749 378.164792775 3.282528933 0.592548611 0.368982547 -0.357357872 -0.620510576 0.000000000
90.507790000 78.532038314 378.625337751 3.308103217 0.596131579 0.366465850 -0.355641737 -0.619555386 0.000000000
90.611400000 77.667007983 379.108772937 3.325600169 0.601741042 0.365174793 -0.352353377 -0.616767531 0.000000000
90.715140000 76.812020852 379.582286445 3.340764101 0.606472175 0.364072372 -0.349238590 -0.614552859 0.000000000
90.818760000 75.971618167 380.062771712 3.353473269 0.608064843 0.362137105 -0.348328832 -0.614638828 0.000000000
90.922380000 75.122259514 380.553899065 3.357847338 0.607619280 0.360139185 -0.348149697 -0.616352469 0.000000000
91.025980000 74.261887007 381.029107070 3.365282489 0.607265895 0.358274205 -0.348566011 -0.617551182 0.000000000
91.129600000 73.395904685 381.545651512 3.383688875 0.607935774 0.357551252 -0.349010172 -0.617060043 0.000000000
91.233220000 72.532952648 382.051800087 3.387687224 0.608439364 0.357144174 -0.349723305 -0.616395319 0.000000000
91.336840000 71.656863826 382.540183046 3.414483143 0.609023230 0.357428763 -0.349376564 -0.615850145 0.000000000
91.440450000 70.787046904 383.029531260 3.422795660 0.609344304 0.358860834 -0.349207149 -0.614794915 0.000000000
91.544070000 69.910495338 383.521001533 3.439677132 0.610358655 0.360718692 -0.348672097 -0.613002533 0.000000000
91.647680000 69.039442383 384.008408405 3.449914982 0.609639214 0.361705124 -0.349882214 -0.612447441 0.000000000
91.751300000 68.174999825 384.496786154 3.460113509 0.607282972 0.360655824 -0.353137512 -0.613537828 0.000000000
91.855040000 67.315424591 384.970627511 3.477318207 0.605219341 0.358843258 -0.356941008 -0.614438102 0.000000000
91.958670000 66.452967018 385.444960376 3.485352744 0.604653047 0.358273213 -0.359709336 -0.613713444 0.000000000
92.062270000 65.587340891 385.925165333 3.516202262 0.606656645 0.359539112 -0.360866028 -0.610307342 0.000000000
92.165880000 64.719414652 386.399731157 3.537108071 0.608078438 0.361416950 -0.360939870 -0.607734162 0.000000000
92.269500000 63.846786890 386.855424785 3.547929863 0.607711162 0.362965359 -0.360573482 -0.607396128 0.000000000
92.373110000 62.983526071 387.303296710 3.561174012 0.605692096 0.364364981 -0.360529300 -0.608599925 0.000000000
92.476860000 62.115973789 387.748971760 3.570638858 0.603189918 0.365736280 -0.360358470 -0.610361098 0.000000000
92.580470000 61.251700598 388.200191450 3.589718636 0.601898326 0.366279231 -0.361083400 -0.610881910 0.000000000
92.684080000 60.387620445 388.660682617 3.610412580 0.601463556 0.366530786 -0.362177212 -0.610511623 0.000000000
92.787830000 59.528993361 389.111896906 3.627245900 0.602156577 0.367034562 -0.362913462 -0.609086945 0.000000000
92.891470000 58.670676432 389.560008408 3.644540007 0.604172319 0.367202531 -0.364018201 -0.606324055 0.000000000
92.994930000 57.807216537 390.010386168 3.654565985 0.605945858 0.369247391 -0.363978068 -0.603329054 0.000000000
93.098570000 56.951998098 390.451883801 3.664711518 0.606796549 0.370457648 -0.364924664 -0.601156443 0.000000000
93.202160000 56.089616952 390.884622831 3.668816022 0.605231807 0.371663586 -0.365865960 -0.601417275 0.000000000
93.305780000 55.233221659 391.304090547 3.678098814 0.601952458 0.372183716 -0.367394006 -0.603451874 0.000000000
93.409390000 54.371745114 391.734998196 3.684974373 0.599382010 0.372371044 -0.368784817 -0.605044437 0.000000000
93.513130000 53.510619739 392.165224803 3.697555700 0.599738372 0.372323145 -0.369946875 -0.604010489 0.000000000
93.616750000 52.655561939 392.591765596 3.710445309 0.601236958 0.373353264 -0.369935135 -0.601888243 0.000000000
93.720480000 51.798662383 393.006707232 3.721073385 0.602614711 0.374386443 -0.369581494 -0.600083177 0.000000000
93.824120000 50.953175153 393.426911518 3.727386723 0.603418410 0.374326657 -0.370561710 -0.598706769 0.000000000
93.927850000 50.102980424 393.839660173 3.727893524 0.603915439 0.374699860 -0.370375757 -0.598086914 0.000000000
94.031550000 49.255092986 394.254652816 3.731502834 0.604042538 0.375366321 -0.369634355 -0.597999315 0.000000000
