# timestamp x y z qx qy qz qw latency
0.000000000 0.667596677 1.773323674 -0.003850474 -0.678677071 0.211020915 -0.166738913 0.683422082 0.000000000
0.103735900 0.901501245 2.169403879 -0.073123700 -0.674112572 0.213947362 -0.170007029 0.686218898 0.000000000
0.207338100 1.251571517 2.770570290 -0.113932778 -0.670403026 0.215953837 -0.172817302 0.688518629 0.000000000
0.311075200 1.631389395 3.434168626 -0.149042114 -0.667155207 0.217675385 -0.175103393 0.690550620 0.000000000
0.414691700 2.013891602 4.106186016 -0.198413843 -0.664433447 0.218917430 -0.176934395 0.692313204 0.000000000
0.518430200 2.394704644 4.779829968 -0.257903790 -0.662153792 0.219944035 -0.178242539 0.693834688 0.000000000
0.622044800 2.778036163 5.460821735 -0.324881471 -0.660289937 0.220579363 -0.179167747 0.695169664 0.000000000
0.725797700 3.160412881 6.150758056 -0.392245126 -0.658872365 0.220814740 -0.179733588 0.696292966 0.000000000
0.829419900 3.546654443 6.852936809 -0.449572183 -0.657969561 0.220812023 -0.179812602 0.697126628 0.000000000
0.933146700 3.934102763 7.563999574 -0.494534330 -0.657566308 0.220611096 -0.179385222 0.697680613 0.000000000
1.036910000 4.322080563 8.286456850 -0.520796446 -0.657645293 0.220235214 -0.178522780 0.697946084 0.000000000
1.140497000 4.710158169 9.011981365 -0.533270430 -0.658063291 0.219570908 -0.177355221 0.698059057 0.000000000
1.244242000 5.096702280 9.744007653 -0.535334462 -0.658824835 0.218715849 -0.175828832 0.697995298 0.000000000
1.347979000 5.486594775 10.479627738 -0.529962013 -0.659894898 0.217712565 -0.173885502 0.697784920 0.000000000
1.451596000 5.883208440 11.220250733 -0.519216906 -0.661341306 0.216500137 -0.171568470 0.697366208 0.000000000
1.555212000 6.282874422 11.968106065 -0.502693154 -0.662575771 0.215067766 -0.169354862 0.697178697 0.000000000
1.658960000 6.680245733 12.726277704 -0.485928412 -0.664666179 0.213361723 -0.166412201 0.696421298 0.000000000
1.762569000 7.079235288 13.490356508 -0.471016301 -0.666201664 0.211399198 -0.163903091 0.696147612 0.000000000
1.866302000 7.477693125 14.264913787 -0.459300478 -0.668403971 0.209976866 -0.161432185 0.695043521 0.000000000
1.969923000 7.880174792 15.052241117 -0.450500772 -0.669616357 0.208928579 -0.160197632 0.694477863 0.000000000
2.073666000 8.283074295 15.844593044 -0.438070895 -0.670132283 0.208314219 -0.159436528 0.694339904 0.000000000
2.177281000 8.688059235 16.640699271 -0.427027864 -0.670893362 0.207708661 -0.158610658 0.693975409 0.000000000
2.281017000 9.099960265 17.444885784 -0.415132757 -0.671569361 0.206742692 -0.157620092 0.693835686 0.000000000
2.384639000 9.513892866 18.251439183 -0.403704077 -0.672065731 0.205617786 -0.156368443 0.693972542 0.000000000
2.488250000 9.928897200 19.063843407 -0.394811707 -0.672350102 0.204286543 -0.155242100 0.694343027 0.000000000
2.591988000 10.354303979 19.879930879 -0.391643088 -0.672902227 0.203662043 -0.154792729 0.694091908 0.000000000
2.695832000 10.779380043 20.706063109 -0.385022778 -0.673766033 0.203791567 -0.155262200 0.693110365 0.000000000
2.799367000 11.202047633 21.536232843 -0.377316749 -0.674594239 0.203777656 -0.156110537 0.692117605 0.000000000
2.903084000 11.631193474 22.372785583 -0.370671453 -0.675009175 0.203106558 -0.156930470 0.691724777 0.000000000
3.006768000 12.065113146 23.213920613 -0.365448193 -0.675804902 0.201989001 -0.157034842 0.691251210 0.000000000
3.110441000 12.500137346 24.055180338 -0.364039041 -0.676787666 0.200157511 -0.156214485 0.691008292 0.000000000
3.214057000 12.935297862 24.896423904 -0.366202145 -0.677904300 0.197571553 -0.154457884 0.691052823 0.000000000
3.317669000 13.381585221 25.748651097 -0.373917683 -0.678442898 0.195402750 -0.153388849 0.691378956 0.000000000
3.421285000 13.828879149 26.604419519 -0.382703677 -0.678068738 0.194818979 -0.153690669 0.691843573 0.000000000
3.524925000 14.281586022 27.465371409 -0.381543784 -0.677571561 0.195798168 -0.154692040 0.691831070 0.000000000
3.628545000 14.734421317 28.322038430 -0.374605801 -0.676531754 0.196621267 -0.155267840 0.692485929 0.000000000
3.732256000 15.193995513 29.181156956 -0.366240785 -0.674696140 0.196234244 -0.154765216 0.694496198 0.000000000
3.835871000 15.658963103 30.037571871 -0.360886930 -0.674509039 0.195290717 -0.152653391 0.695410695 0.000000000
3.939488000 16.117186060 30.906026392 -0.363816690 -0.675271330 0.194246143 -0.150086422 0.695522201 0.000000000
4.043107000 16.578285521 31.782441755 -0.368557555 -0.675880602 0.193929654 -0.148190097 0.695425335 0.000000000
4.146888000 17.037130088 32.653601468 -0.363400886 -0.676185393 0.194698737 -0.147907892 0.694974080 0.000000000
4.250460000 17.488953216 33.531119110 -0.351777020 -0.677142940 0.195877072 -0.147940578 0.693702527 0.000000000
4.354202000 17.940376341 34.413798481 -0.343063476 -0.677347033 0.196397930 -0.147631158 0.693421871 0.000000000
4.457940000 18.389054171 35.287868750 -0.333435693 -0.677705266 0.196959172 -0.147483792 0.692943856 0.000000000
4.561559000 18.837773625 36.166766169 -0.327201582 -0.678045787 0.197994545 -0.148391791 0.692121339 0.000000000
4.665293000 19.289701631 37.054526752 -0.322339257 -0.679797429 0.198308318 -0.148010062 0.690392850 0.000000000
4.768912000 19.734634605 37.946669979 -0.321884654 -0.680365249 0.198033380 -0.147720383 0.689974345 0.000000000
4.872532000 20.181006072 38.829860932 -0.320083256 -0.680929562 0.196923564 -0.146879983 0.689914713 0.000000000
4.976146000 20.623436122 39.715536683 -0.326399864 -0.682016304 0.195655044 -0.145849133 0.689420696 0.000000000
5.079909000 21.066401542 40.608053560 -0.329555833 -0.682185823 0.195172523 -0.145210884 0.689524466 0.000000000
5.183503000 21.513581262 41.496279694 -0.332961999 -0.681706635 0.195232286 -0.145108057 0.690002950 0.000000000
5.287117000 21.959365089 42.373395724 -0.335664995 -0.682074162 0.195294274 -0.144773237 0.689692463 0.000000000
5.390861000 22.399136481 43.248717009 -0.327875871 -0.683554143 0.194291631 -0.143450382 0.688786239 0.000000000
5.494473000 22.835218571 44.122937903 -0.329361589 -0.684047380 0.192510986 -0.141786581 0.689140963 0.000000000
5.598233000 23.269591734 44.989988438 -0.335214784 -0.684181719 0.192060870 -0.141500400 0.689192016 0.000000000
5.701829000 23.705110500 45.861491921 -0.335922501 -0.683842203 0.192731492 -0.142647177 0.689105359 0.000000000
5.805571000 24.138532348 46.729389896 -0.327490647 -0.683162796 0.193084262 -0.143485597 0.689506306 0.000000000
5.909185000 24.573671782 47.586533349 -0.319531398 -0.682696355 0.192893043 -0.143703795 0.689976217 0.000000000
6.012921000 25.003305870 48.440718029 -0.311313512 -0.682100491 0.192280624 -0.143436803 0.690791550 0.000000000
6.116541000 25.433939541 49.287201861 -0.304512919 -0.681580003 0.191505090 -0.142723668 0.691667878 0.000000000
6.220278000 25.866870987 50.132417305 -0.301304638 -0.681061308 0.191585886 -0.142337871 0.692235706 0.000000000
6.323895000 26.296540378 50.981468176 -0.298880261 -0.680004587 0.192796318 -0.143049716 0.692791542 0.000000000
6.427659000 26.728217920 51.827263267 -0.291520556 -0.679836638 0.194328361 -0.143979620 0.692335542 0.000000000
6.531383000 27.161195269 52.672642366 -0.287740780 -0.680515801 0.194913785 -0.143817522 0.691536971 0.000000000
6.634992000 27.582983866 53.507190346 -0.285112333 -0.681416730 0.194521319 -0.142070468 0.691121320 0.000000000
6.738741000 27.989688643 54.337863566 -0.288931117 -0.682411138 0.192417854 -0.138927301 0.691367929 0.000000000
6.842350000 28.392291439 55.167349241 -0.296689209 -0.683281796 0.190564412 -0.136582434 0.691488562 0.000000000
6.945963000 28.786644394 55.984079678 -0.304603747 -0.684407187 0.190795369 -0.136118824 0.690402488 0.000000000
7.049705000 29.172264468 56.790494820 -0.303165427 -0.685128034 0.191612914 -0.136606014 0.689364102 0.000000000
7.153323000 29.549449379 57.584480302 -0.291189322 -0.686046812 0.192198824 -0.136722984 0.688263183 0.000000000
7.256934000 29.925795002 58.365931340 -0.279945148 -0.686215051 0.191700307 -0.136330098 0.688312429 0.000000000
7.360549000 30.294741531 59.135936911 -0.271536338 -0.686527082 0.191740687 -0.136076787 0.688040103 0.000000000
7.464167000 30.658794829 59.899516110 -0.259002006 -0.686834488 0.191529417 -0.135760700 0.687854564 0.000000000
7.567786000 31.019491986 60.649899806 -0.246951483 -0.686769681 0.191499666 -0.135652896 0.687948817 0.000000000
7.671396000 31.373688567 61.385129242 -0.238859608 -0.686577064 0.191393115 -0.135642602 0.688172721 0.000000000
7.775144000 31.717678941 62.112037336 -0.233375327 -0.687108870 0.191747502 -0.135816548 0.687508662 0.000000000
7.878754000 32.053999356 62.826628145 -0.227714877 -0.687393586 0.192624611 -0.136805698 0.686782366 0.000000000
7.982493000 32.382587047 63.532720120 -0.222693248 -0.688367766 0.192918961 -0.136733295 0.685737632 0.000000000
8.086111000 32.697914083 64.213404458 -0.216171598 -0.689661232 0.191311635 -0.135073051 0.685217130 0.000000000
8.189849000 33.003341201 64.876810674 -0.212390993 -0.690244082 0.188303930 -0.132569863 0.685951870 0.000000000
8.293470000 33.306022987 65.521830455 -0.208510910 -0.690291829 0.186131744 -0.130829814 0.686830201 0.000000000
8.397102000 33.600553432 66.150532810 -0.212835219 -0.690346783 0.184825884 -0.130569306 0.687177101 0.000000000
8.500847000 33.880325541 66.769298454 -0.216985104 -0.690662211 0.185253529 -0.131658184 0.686536935 0.000000000
8.604438000 34.151079411 67.370638157 -0.203279009 -0.690489031 0.185397904 -0.132453485 0.686519184 0.000000000
8.708175000 34.416024527 67.950530356 -0.186620815 -0.689468398 0.183878287 -0.131935078 0.688051770 0.000000000
8.811795000 34.682700842 68.509527071 -0.170013116 -0.687232119 0.181495711 -0.131435622 0.691010853 0.000000000
8.915403000 34.948882410 69.050348835 -0.160292407 -0.686020951 0.178798260 -0.130664385 0.693060788 0.000000000
9.019162000 35.209405681 69.579108299 -0.156550149 -0.686621993 0.177448313 -0.131479204 0.692658324 0.000000000
9.122890000 35.456362166 70.096895076 -0.147514814 -0.688078880 0.177021501 -0.133616337 0.690910644 0.000000000
9.226512000 35.691147583 70.602631456 -0.138563691 -0.687801982 0.176619012 -0.136590227 0.690707802 0.000000000
9.330247000 35.930068382 71.090488019 -0.132556664 -0.686584830 0.176132831 -0.140193370 0.691320705 0.000000000
9.433986000 36.174288214 71.564092167 -0.118182925 -0.685789277 0.175212123 -0.144373869 0.691483886 0.000000000
9.537749000 36.415376433 72.020449998 -0.102503592 -0.687374294 0.172652979 -0.147501641 0.689891872 0.000000000
9.641587000 36.650114967 72.468071302 -0.096435128 -0.690076265 0.169484033 -0.151891090 0.687021840 0.000000000
9.745342000 36.879852651 72.902794853 -0.094313880 -0.692557076 0.165930728 -0.157849320 0.684043333 0.000000000
9.849229000 37.120089324 73.320381201 -0.097502193 -0.693380990 0.161560950 -0.165487599 0.682447592 0.000000000
9.953059000 37.369604054 73.714243265 -0.100631991 -0.693552568 0.156772371 -0.174737319 0.681083056 0.000000000
10.056930000 37.632978011 74.090474284 -0.101491483 -0.694233329 0.152131943 -0.185130738 0.678691805 0.000000000
10.160830000 37.905859114 74.443012596 -0.100830985 -0.695249211 0.147388886 -0.196513633 0.675490521 0.000000000
10.264660000 38.195323504 74.778832699 -0.102978195 -0.696430090 0.142123479 -0.209087895 0.671616184 0.000000000
10.368670000 38.495154290 75.103247814 -0.108953651 -0.697672121 0.136527017 -0.222819611 0.667057273 0.000000000
10.472640000 38.807654449 75.402269409 -0.121133462 -0.698633136 0.130935132 -0.237828654 0.661970743 0.000000000
10.576630000 39.125961884 75.672933749 -0.130113539 -0.700241479 0.124878328 -0.253622173 0.655547914 0.000000000
10.680620000 39.456737411 75.921903457 -0.139250659 -0.701357207 0.118426477 -0.270644215 0.648710218 0.000000000
10.784610000 39.783993278 76.136011766 -0.145369907 -0.701813131 0.112344277 -0.289258251 0.641222861 0.000000000
10.888750000 40.130724758 76.328447017 -0.154255971 -0.702067835 0.107004351 -0.308780962 0.632696722 0.000000000
10.992720000 40.488836976 76.492079307 -0.170074425 -0.701697036 0.102291054 -0.328978214 0.623643443 0.000000000
11.096590000 40.861492741 76.628019091 -0.185700687 -0.700441580 0.098451543 -0.349617884 0.614374659 0.000000000
11.200570000 41.248854219 76.739289713 -0.201639672 -0.698898025 0.096553817 -0.370411113 0.604164314 0.000000000
11.304310000 41.646157171 76.826475951 -0.208405559 -0.696785204 0.096926088 -0.391534212 0.593124501 0.000000000
11.408180000 42.043740836 76.879011583 -0.213720104 -0.694721392 0.099191304 -0.412504059 0.580830159 0.000000000
11.511920000 42.437794761 76.898512310 -0.224113568 -0.691959001 0.102140948 -0.432631624 0.568849580 0.000000000
11.615530000 42.830423038 76.896151231 -0.231676763 -0.688533672 0.105664263 -0.451492115 0.557594222 0.000000000
11.719270000 43.225520037 76.867485825 -0.240185039 -0.684081587 0.110411756 -0.469520944 0.547166985 0.000000000
11.822770000 43.618839237 76.814848023 -0.243097911 -0.680950151 0.118054499 -0.486344314 0.534639351 0.000000000
11.926380000 44.004229119 76.750806766 -0.253000147 -0.678267927 0.127378440 -0.502479692 0.520808518 0.000000000
12.030000000 44.380692439 76.677115042 -0.265283693 -0.674633329 0.137429354 -0.517465539 0.508146102 0.000000000
12.133610000 44.752182797 76.591046297 -0.284471497 -0.668216215 0.147483555 -0.531775612 0.498949286 0.000000000
12.237100000 45.120425153 76.473260021 -0.295072344 -0.659151134 0.158076677 -0.545869095 0.492502261 0.000000000
12.340600000 45.494824349 76.341375793 -0.300504731 -0.651597229 0.172085289 -0.557965300 0.484233858 0.000000000
12.444110000 45.866750534 76.203414770 -0.304810422 -0.646772682 0.187644800 -0.566857574 0.474496595 0.000000000
12.547670000 46.239330784 76.067734962 -0.315415670 -0.643757326 0.205367748 -0.574000763 0.462518883 0.000000000
12.651070000 46.609036403 75.937085286 -0.328665631 -0.639063774 0.222436894 -0.580959609 0.452333123 0.000000000
12.754690000 46.979383301 75.795126402 -0.339850706 -0.632311879 0.238179994 -0.587838916 0.444856591 0.000000000
12.858060000 47.352436817 75.644534427 -0.347113995 -0.624181734 0.252734362 -0.594431934 0.439514710 0.000000000
12.961670000 47.725102884 75.473064357 -0.354042461 -0.616431261 0.265728281 -0.599048667 0.436510796 0.000000000
13.065200000 48.109727958 75.282383844 -0.380282952 -0.609707937 0.280022154 -0.602776396 0.431861600 0.000000000
13.168770000 48.506864416 75.084240015 -0.417044709 -0.602093049 0.296778802 -0.606994724 0.425398294 0.000000000
13.272350000 48.915470069 74.886542936 -0.441197644 -0.592946653 0.314596098 -0.611912712 0.418337657 0.000000000
13.375880000 49.331934885 74.682847618 -0.454689682 -0.583504372 0.331014041 -0.616377436 0.412348406 0.000000000
13.479500000 49.758465968 74.469210002 -0.466627265 -0.574027864 0.346132049 -0.620193923 0.407485109 0.000000000
13.583110000 50.193110349 74.241352880 -0.479734981 -0.564650465 0.360165843 -0.623204417 0.403815145 0.000000000
13.686720000 50.640201738 74.001361462 -0.493564096 -0.555706416 0.373769536 -0.625291432 0.400621191 0.000000000
13.790340000 51.099810294 73.750604386 -0.510452925 -0.546912271 0.387380825 -0.626638524 0.397677287 0.000000000
13.893950000 51.576383725 73.489545195 -0.527817860 -0.537943358 0.400936245 -0.627384177 0.395292506 0.000000000
13.997670000 52.065687263 73.219376131 -0.547982805 -0.529572844 0.413743357 -0.627690699 0.392903835 0.000000000
14.101300000 52.568267680 72.941051604 -0.572534344 -0.521635238 0.425977821 -0.627856219 0.390174504 0.000000000
14.204920000 53.085354276 72.654112457 -0.597417460 -0.513161561 0.437429933 -0.628164177 0.388239659 0.000000000
14.308540000 53.621383828 72.353739914 -0.622830817 -0.504772963 0.448785867 -0.628063421 0.386434782 0.000000000
14.412270000 54.173083888 72.043484411 -0.648592444 -0.496748730 0.459725577 -0.627806246 0.384385758 0.000000000
14.515890000 54.738378131 71.726014493 -0.673488153 -0.488781947 0.469829070 -0.627563273 0.382775642 0.000000000
14.619680000 55.319573518 71.395540759 -0.699538820 -0.480412083 0.479041293 -0.627409047 0.382206172 0.000000000
14.723260000 55.910557131 71.055683771 -0.723226843 -0.472061675 0.487936809 -0.626842473 0.382287797 0.000000000
14.826860000 56.519393896 70.706392485 -0.749045064 -0.464224477 0.497144421 -0.625400319 0.382383970 0.000000000
14.930480000 57.146322177 70.353368374 -0.778638862 -0.456530399 0.505613710 -0.623772320 0.383200815 0.000000000
15.034100000 57.790417468 69.993896299 -0.808426470 -0.449390314 0.514187487 -0.621600721 0.383760496 0.000000000
15.137840000 58.449338424 69.631656003 -0.837029733 -0.442292354 0.522363245 -0.619766225 0.383932208 0.000000000
15.241450000 59.121603895 69.271838125 -0.866903860 -0.435791023 0.530210357 -0.617745415 0.383866856 0.000000000
15.345080000 59.810425006 68.910216146 -0.893953518 -0.430060623 0.538522534 -0.615097492 0.383009682 0.000000000
15.448810000 60.511115663 68.549833071 -0.926406854 -0.424688506 0.545625518 -0.612754659 0.382706408 0.000000000
15.552550000 61.221350328 68.195880033 -0.960481632 -0.420614321 0.552098717 -0.609737828 0.382740618 0.000000000
15.656170000 61.935903957 67.839868540 -0.986209929 -0.417675896 0.557417045 -0.606617002 0.383208685 0.000000000
15.759900000 62.659848605 67.481465524 -1.018138836 -0.416387542 0.562107122 -0.603083768 0.383336623 0.000000000
15.863640000 63.384305506 67.125483644 -1.053303077 -0.414618993 0.566246698 -0.600874876 0.382629260 0.000000000
15.967390000 64.106645246 66.767785799 -1.088046608 -0.412058730 0.570194015 -0.599696527 0.381379684 0.000000000
16.071020000 64.838965255 66.407527530 -1.110120552 -0.409352410 0.574548084 -0.598705692 0.379310687 0.000000000
16.174740000 65.573382037 66.043109859 -1.131005588 -0.406699183 0.577502224 -0.598333897 0.378263802 0.000000000
16.278450000 66.306932417 65.679519444 -1.145462593 -0.404394029 0.580968264 -0.597396508 0.376906830 0.000000000
16.382090000 67.035765809 65.317367659 -1.158617915 -0.402401753 0.583888220 -0.596578160 0.375821600 0.000000000
16.485710000 67.764102358 64.954443615 -1.171269599 -0.401017261 0.586728293 -0.595372420 0.374788938 0.000000000
16.589330000 68.489032556 64.592412362 -1.188476367 -0.400181210 0.589109590 -0.594375425 0.373527433 0.000000000
16.693090000 69.212971016 64.224936330 -1.208081206 -0.399606168 0.591271824 -0.593900356 0.371476657 0.000000000
16.796680000 69.935199301 63.858575972 -1.228746995 -0.398963922 0.593184845 -0.594000030 0.368949174 0.000000000
16.900430000 70.657945123 63.492308408 -1.247681457 -0.398310525 0.595001331 -0.594582771 0.365777898 0.000000000
17.004190000 71.375734384 63.114800438 -1.269926994 -0.398113020 0.596460649 -0.595383767 0.362296683 0.000000000
17.107900000 72.087052222 62.733686177 -1.290803234 -0.398366635 0.597015976 -0.596442739 0.359349423 0.000000000
17.211650000 72.793371561 62.346562033 -1.311824281 -0.399021190 0.597056502 -0.597703655 0.356449103 0.000000000
17.315390000 73.489899070 61.954976836 -1.335427278 -0.399769346 0.596882523 -0.599225344 0.353333711 0.000000000
17.419150000 74.182740732 61.549684645 -1.364881350 -0.399791195 0.596758737 -0.601390989 0.349821223 0.000000000
17.522870000 74.867571551 61.141253463 -1.389474024 -0.399961750 0.597245133 -0.603192562 0.345669760 0.000000000
17.626480000 75.541166896 60.724782807 -1.411311787 -0.399881347 0.597184945 -0.605406752 0.341976191 0.000000000
17.730220000 76.205008358 60.302752149 -1.437283820 -0.399882053 0.597366303 -0.607297745 0.338285817 0.000000000
17.833840000 76.858163184 59.878585467 -1.462822014 -0.399804822 0.597575001 -0.609079488 0.334787095 0.000000000
17.937460000 77.498654100 59.444451482 -1.484886094 -0.399782961 0.597954313 -0.610535275 0.331467799 0.000000000
18.041200000 78.130528582 59.009756510 -1.509468699 -0.399244881 0.598222204 -0.612288082 0.328385481 0.000000000
18.144820000 78.746927273 58.570871880 -1.530093152 -0.398239900 0.598643728 -0.614044447 0.325545829 0.000000000
18.248550000 79.368568570 58.130572573 -1.550237607 -0.397093470 0.599341956 -0.615727175 0.322468667 0.000000000
18.352170000 79.978186257 57.689344857 -1.570686649 -0.395559979 0.600044649 -0.617593507 0.319463585 0.000000000
18.455930000 80.573439725 57.246280603 -1.590626167 -0.393551074 0.600936713 -0.619490890 0.316581199 0.000000000
18.559570000 81.161425957 56.803513979 -1.608781685 -0.390854844 0.602118602 -0.621436088 0.313851667 0.000000000
18.663260000 81.740050133 56.350943185 -1.626492348 -0.387302885 0.603401657 -0.623378051 0.311933841 0.000000000
18.766880000 82.301901731 55.901418383 -1.641345982 -0.383469373 0.604981833 -0.624928414 0.310503943 0.000000000
18.870490000 82.855076380 55.457841399 -1.657329095 -0.379749957 0.606899814 -0.625888434 0.309396597 0.000000000
18.974110000 83.397273826 55.025875291 -1.674933049 -0.376332593 0.609341362 -0.625998507 0.308549433 0.000000000
19.077720000 83.929542792 54.610087306 -1.691650176 -0.373018700 0.611539531 -0.625979248 0.308263577 0.000000000
19.181410000 84.445916103 54.206094995 -1.709696959 -0.369647097 0.613681933 -0.625605405 0.308825818 0.000000000
19.285020000 84.944777092 53.817019189 -1.729923988 -0.365837003 0.615876701 -0.625033730 0.310148373 0.000000000
19.388680000 85.434218129 53.439001298 -1.747547029 -0.361842292 0.618554580 -0.623872135 0.311839618 0.000000000
19.492240000 85.910508748 53.081734137 -1.764141541 -0.357394071 0.621588766 -0.622202102 0.314263309 0.000000000
19.595800000 86.375755406 52.745398320 -1.779247227 -0.352499895 0.624961583 -0.620014039 0.317410513 0.000000000
19.699410000 86.835913580 52.425054394 -1.788971851 -0.347424941 0.628338459 -0.617376384 0.321454649 0.000000000
19.802910000 87.295538355 52.127678732 -1.797191803 -0.342211226 0.631609646 -0.614103588 0.326860085 0.000000000
19.906520000 87.748267345 51.842019872 -1.807329577 -0.336934014 0.634931517 -0.609883179 0.333736342 0.000000000
20.010020000 88.202320294 51.576134849 -1.818952749 -0.331570249 0.638137319 -0.605078000 0.341646815 0.000000000
20.113500000 88.660866445 51.333157163 -1.830138135 -0.325492733 0.641481694 -0.599853037 0.350331344 0.000000000
20.217140000 89.123587324 51.109769267 -1.841806861 -0.318539087 0.645272466 -0.593960929 0.359675839 0.000000000
20.320610000 89.565829260 50.903571731 -1.850127308 -0.310672422 0.648997839 -0.587742718 0.369922894 0.000000000
20.424100000 90.039590321 50.716462075 -1.866580083 -0.302495571 0.653134963 -0.580379159 0.380882110 0.000000000
20.527470000 90.513082853 50.557057066 -1.878204016 -0.294492143 0.657404690 -0.572090216 0.392181383 0.000000000
20.630960000 90.999478926 50.425586745 -1.893413565 -0.287349978 0.661575028 -0.562344749 0.404372175 0.000000000
20.734440000 91.491758446 50.323492493 -1.906359974 -0.280884819 0.665040681 -0.551336351 0.418154086 0.000000000
20.837960000 91.989611082 50.259210375 -1.921027414 -0.274423329 0.666973854 -0.539940572 0.433937661 0.000000000
20.941510000 92.483318652 50.225393494 -1.936690005 -0.267905152 0.667506085 -0.527733877 0.451840028 0.000000000
21.045020000 92.972564729 50.218754698 -1.954308187 -0.262238715 0.667082448 -0.513775736 0.471451330 0.000000000
21.148370000 93.461397740 50.242011576 -1.968099565 -0.257468472 0.665603559 -0.498862465 0.491750067 0.000000000
21.251900000 93.945129951 50.304023711 -1.992035649 -0.254261251 0.664650756 -0.481997739 0.511144567 0.000000000
21.355440000 94.418882823 50.411627135 -2.014668554 -0.252037469 0.662946908 -0.464750910 0.530080280 0.000000000
21.459000000 94.886637289 50.552802024 -2.031911372 -0.250273327 0.660194927 -0.447613646 0.548769481 0.000000000
21.562720000 95.337896179 50.731366483 -2.043789568 -0.248907775 0.657092501 -0.430812034 0.566282046 0.000000000
21.666360000 95.770074530 50.945002554 -2.055426567 -0.248796416 0.654768459 -0.413353551 0.581822525 0.000000000
21.770100000 96.189381060 51.196439890 -2.070919569 -0.249262701 0.652114266 -0.396016734 0.596477859 0.000000000
21.873950000 96.613675365 51.462666746 -2.070468846 -0.251984451 0.648744470 -0.378019365 0.610520933 0.000000000
21.977710000 97.020832274 51.756879768 -2.073655905 -0.256198625 0.644634556 -0.360877437 0.623358668 0.000000000
22.081440000 97.409134750 52.071449410 -2.072774576 -0.263757608 0.639570440 -0.343638168 0.635054633 0.000000000
22.185310000 97.765204168 52.400367526 -2.066483725 -0.274229925 0.632794005 -0.327609762 0.645787534 0.000000000
22.289170000 98.081793610 52.738694691 -2.053553062 -0.288059922 0.624964006 -0.312627491 0.654756080 0.000000000
22.393170000 98.390637795 53.099310679 -2.038991968 -0.303326476 0.614739231 -0.299547887 0.663596105 0.000000000
22.497160000 98.709571655 53.477314997 -2.039571253 -0.318620349 0.603480899 -0.288822062 0.671471290 0.000000000
22.601290000 99.029428786 53.856260407 -2.049099591 -0.333503931 0.590545740 -0.282394632 0.678442429 0.000000000
22.705510000 99.353711088 54.237029278 -2.054757671 -0.350101843 0.577252164 -0.277785615 0.683406023 0.000000000
22.809640000 99.682462920 54.624657138 -2.059274012 -0.368800145 0.564148099 -0.272387673 0.686679205 0.000000000
22.913660000 100.009713956 55.022111805 -2.068978430 -0.388177290 0.551334362 -0.267599550 0.688287218 0.000000000
23.017610000 100.338448262 55.425128673 -2.083237645 -0.408128151 0.537825993 -0.263419103 0.689046435 0.000000000
23.121720000 100.671382612 55.837861425 -2.094317342 -0.427260950 0.523162648 -0.260620254 0.689801426 0.000000000
23.225710000 101.020954221 56.240918308 -2.106775597 -0.444083426 0.508642281 -0.259834389 0.690332551 0.000000000
23.329700000 101.383016951 56.642324145 -2.112592205 -0.459573196 0.493541996 -0.260369406 0.690953361 0.000000000
23.433600000 101.756643910 57.047065387 -2.122249384 -0.474013965 0.477439335 -0.261063388 0.692248763 0.000000000
23.537560000 102.142545732 57.452950144 -2.141380495 -0.487782094 0.462796764 -0.261652890 0.692405625 0.000000000
23.641430000 102.545379828 57.868715345 -2.158196445 -0.501748887 0.451242806 -0.262364981 0.689777212 0.000000000
23.745190000 102.956261017 58.298562291 -2.173264382 -0.514570525 0.441071492 -0.264256932 0.686178831 0.000000000
23.848990000 103.379431721 58.736321643 -2.183126862 -0.524488950 0.431302684 -0.267296176 0.683697368 0.000000000
23.952650000 103.821706612 59.174696213 -2.193856129 -0.532836214 0.422686399 -0.270419783 0.681391898 0.000000000
24.056420000 104.278659593 59.619047534 -2.204040846 -0.541262268 0.414622096 -0.272574951 0.678842081 0.000000000
24.160010000 104.742546583 60.071519527 -2.212001586 -0.548269128 0.405512056 -0.274171355 0.678078907 0.000000000
24.263960000 105.216487899 60.527974985 -2.226316151 -0.554636249 0.396599949 -0.273811256 0.678317409 0.000000000
24.367270000 105.698574052 60.984516691 -2.236748034 -0.561391762 0.387699578 -0.271898467 0.678674849 0.000000000
24.471000000 106.187951758 61.454193218 -2.255476388 -0.568074785 0.379231154 -0.269440559 0.678878896 0.000000000
24.574560000 106.678058568 61.942891953 -2.278761433 -0.574266295 0.372444438 -0.266795602 0.678471421 0.000000000
24.678100000 107.168990547 62.437743332 -2.301870849 -0.578887833 0.368428116 -0.266397767 0.676891298 0.000000000
24.781830000 107.669853737 62.946899922 -2.319460037 -0.582224545 0.365380805 -0.267532331 0.675231737 0.000000000
24.885470000 108.182740048 63.457287870 -2.321544549 -0.586730948 0.362756601 -0.267336647 0.672819114 0.000000000
24.989130000 108.701873118 63.982893658 -2.324389830 -0.592255251 0.358510356 -0.265520917 0.670971449 0.000000000
25.092670000 109.217631997 64.525613432 -2.331147705 -0.598314638 0.353019603 -0.262249153 0.669792606 0.000000000
25.196320000 109.736127296 65.079269344 -2.343374120 -0.602651508 0.347478701 -0.259053028 0.670045700 0.000000000
25.299900000 110.264460675 65.639559997 -2.362836799 -0.605708282 0.342657523 -0.256830249 0.670627708 0.000000000
25.403640000 110.800784479 66.216129452 -2.377051135 -0.608056248 0.339621723 -0.255788836 0.670445193 0.000000000
25.507250000 111.343680193 66.799886201 -2.390731427 -0.609699864 0.336464777 -0.255184936 0.670774313 0.000000000
25.610880000 111.896117630 67.387368348 -2.398733437 -0.612051372 0.333552781 -0.254988190 0.670161684 0.000000000
25.714630000 112.453220069 67.982137316 -2.404597417 -0.614020276 0.330617372 -0.255048636 0.669792092 0.000000000
25.818220000 113.009685538 68.578692959 -2.413663638 -0.615292554 0.327273695 -0.255523708 0.670085544 0.000000000
25.921980000 113.574169549 69.179700611 -2.424289601 -0.618300277 0.324499410 -0.254814147 0.668935461 0.000000000
26.025680000 114.143826200 69.789598239 -2.434701728 -0.622867252 0.320901339 -0.253040176 0.667105229 0.000000000
26.129230000 114.703762711 70.408365081 -2.448167669 -0.627279156 0.317031635 -0.251281283 0.665484425 0.000000000
26.232990000 115.270844986 71.032665952 -2.465758415 -0.632355910 0.314165471 -0.249973833 0.662524825 0.000000000
26.336550000 115.839815343 71.664608361 -2.482994114 -0.636938831 0.311445741 -0.250187180 0.659330608 0.000000000
26.440340000 116.406093937 72.296648020 -2.491352325 -0.640146003 0.308931818 -0.251557336 0.656881369 0.000000000
26.544050000 116.982237140 72.928714786 -2.491137990 -0.642359781 0.305569352 -0.252500148 0.655930605 0.000000000
26.647670000 117.560006461 73.560400924 -2.508381793 -0.643668667 0.301540956 -0.252956599 0.656335782 0.000000000
26.751260000 118.147760749 74.186689279 -2.521045807 -0.643079448 0.298896946 -0.254423880 0.657554506 0.000000000
26.854880000 118.744264660 74.800687337 -2.528148723 -0.641889108 0.295982794 -0.255630155 0.659564843 0.000000000
26.958500000 119.344672385 75.408221886 -2.530235974 -0.642663029 0.294083212 -0.256290942 0.659404465 0.000000000
27.062230000 119.945990268 76.027999272 -2.530801913 -0.645068985 0.293352609 -0.256622922 0.657247995 0.000000000
27.165870000 120.546084946 76.646986964 -2.541919739 -0.646684841 0.293537155 -0.257993448 0.655037431 0.000000000
27.269470000 121.142293695 77.269683695 -2.541244502 -0.649056941 0.294058639 -0.258978628 0.652061864 0.000000000
27.373230000 121.730165633 77.878905458 -2.542375808 -0.650142928 0.290307188 -0.257919458 0.653079982 0.000000000
27.476870000 122.310309261 78.482673903 -2.548821771 -0.649757729 0.284512984 -0.255153036 0.657087653 0.000000000
27.580440000 122.902875973 79.079514372 -2.563373884 -0.649222319 0.280537558 -0.253129336 0.660101961 0.000000000
27.684070000 123.495616969 79.680658007 -2.589037383 -0.648560392 0.281587945 -0.254584047 0.659745867 0.000000000
27.787700000 124.090655155 80.288911870 -2.599990437 -0.646631130 0.287429360 -0.259863449 0.657056719 0.000000000
27.891280000 124.681350298 80.891929262 -2.584262478 -0.646677103 0.292402387 -0.263257587 0.653456205 0.000000000
27.995100000 125.261536536 81.492568601 -2.567336452 -0.648994972 0.290328551 -0.260498269 0.653188725 0.000000000
28.098650000 125.828132129 82.092680441 -2.573145714 -0.652596019 0.285835975 -0.254737356 0.653854044 0.000000000
28.202280000 126.391012441 82.692782116 -2.606592443 -0.653420390 0.282597898 -0.251964936 0.655510407 0.000000000
28.305870000 126.950006765 83.291525990 -2.640590307 -0.652502023 0.281793289 -0.251433983 0.656973824 0.000000000
28.409630000 127.518118073 83.893755243 -2.644815788 -0.652353814 0.282764157 -0.251331530 0.656743021 0.000000000
28.513230000 128.081126654 84.500821146 -2.646946677 -0.652306293 0.282835782 -0.249923395 0.657296521 0.000000000
28.616840000 128.645219424 85.105346572 -2.651291361 -0.652464692 0.282875442 -0.247832997 0.657913456 0.000000000
28.722280000 129.211429481 85.718170459 -2.648345718 -0.654039708 0.283978360 -0.246763024 0.656274609 0.000000000
28.824220000 129.751183983 86.320825146 -2.645319200 -0.655889210 0.283721287 -0.245409288 0.655046453 0.000000000
28.927940000 130.292356006 86.934532383 -2.651567976 -0.656564077 0.284121541 -0.245465322 0.654175311 0.000000000
29.031560000 130.833873559 87.542947734 -2.647936703 -0.656005967 0.284628091 -0.246866432 0.653987757 0.000000000
29.135300000 131.370435136 88.149172950 -2.645022280 -0.655912956 0.283737900 -0.246858757 0.654470589 0.000000000
29.238910000 131.906427357 88.752370939 -2.647743153 -0.655669049 0.281771582 -0.245367124 0.656123348 0.000000000
29.342530000 132.440663879 89.350623087 -2.647243802 -0.654175570 0.280323184 -0.243647101 0.658869734 0.000000000
29.446140000 132.978015145 89.944224809 -2.655572538 -0.652940427 0.280381377 -0.241563302 0.660834513 0.000000000
29.549760000 133.511757568 90.543350654 -2.665817583 -0.652117542 0.282290642 -0.240697765 0.661149976 0.000000000
29.653420000 134.050267110 91.158385312 -2.672732409 -0.651188440 0.285219309 -0.241060617 0.660676426 0.000000000
29.757120000 134.585451584 91.779861190 -2.678601419 -0.650470215 0.287448336 -0.241889406 0.660114739 0.000000000
29.860880000 135.105489480 92.405697002 -2.680712486 -0.652585222 0.288336965 -0.240445861 0.658164197 0.000000000
29.964620000 135.615477722 93.027086299 -2.684870138 -0.654534522 0.286552091 -0.236747694 0.658348683 0.000000000
30.068210000 136.118749217 93.643108286 -2.697684741 -0.655195992 0.283186839 -0.231393541 0.661044973 0.000000000
30.172000000 136.622741598 94.260957163 -2.724700097 -0.654708016 0.280464103 -0.227618321 0.663993374 0.000000000
30.275700000 137.123532684 94.887356172 -2.749359339 -0.654441506 0.280234257 -0.225415914 0.665103557 0.000000000
30.379310000 137.629502806 95.524753266 -2.757816453 -0.656357544 0.281606688 -0.222982184 0.663454139 0.000000000
30.483050000 138.117070140 96.178614681 -2.760315661 -0.658254004 0.281457482 -0.219369412 0.662842676 0.000000000
30.586670000 138.598791620 96.836531517 -2.761582229 -0.658921295 0.280071729 -0.214756192 0.664275795 0.000000000
30.690400000 139.087268117 97.497599678 -2.767013595 -0.658376754 0.278875520 -0.211830139 0.666255571 0.000000000
30.794050000 139.569876210 98.164331602 -2.775220795 -0.658215325 0.278802672 -0.210034244 0.667013697 0.000000000
30.897640000 140.043987825 98.839099133 -2.776411553 -0.658869546 0.280245782 -0.209213910 0.666020091 0.000000000
31.001380000 140.509836053 99.520583008 -2.769681024 -0.659883024 0.281103569 -0.207716862 0.665123209 0.000000000
31.105010000 140.971020792 100.202553939 -2.767655975 -0.660090856 0.280919458 -0.206632564 0.665332475 0.000000000
31.208610000 141.434345484 100.884085266 -2.767966496 -0.660694108 0.279523224 -0.205120354 0.665789534 0.000000000
31.312350000 141.894453382 101.564484878 -2.772779829 -0.661325755 0.276545502 -0.203501310 0.666901828 0.000000000
31.416200000 142.344412430 102.250299402 -2.778993515 -0.663621775 0.272590049 -0.199963856 0.667319460 0.000000000
31.520060000 142.790594336 102.944377747 -2.783606390 -0.666651948 0.268405039 -0.196616284 0.666990219 0.000000000
31.623420000 143.228683887 103.639099554 -2.792985616 -0.667700619 0.264691340 -0.195305131 0.667810066 0.000000000
31.726940000 143.672806352 104.334230703 -2.803352297 -0.668578825 0.263960724 -0.196299604 0.666928449 0.000000000
31.830690000 144.117052909 105.036307482 -2.816454566 -0.669294413 0.264205588 -0.198852662 0.665355556 0.000000000
31.934300000 144.556015297 105.735077856 -2.818218300 -0.669788629 0.263979747 -0.200216660 0.664538317 0.000000000
32.038040000 144.999069233 106.423133116 -2.813216443 -0.669616216 0.260347584 -0.198419247 0.666680629 0.000000000
32.141650000 145.441524392 107.110826788 -2.813893094 -0.667576910 0.255352535 -0.195419242 0.671526226 0.000000000
32.245260000 145.895075457 107.793283390 -2.831678244 -0.666867841 0.251988155 -0.191877857 0.674516227 0.000000000
32.348880000 146.341461223 108.486392516 -2.857942560 -0.667458718 0.251924914 -0.190350476 0.674388163 0.000000000
32.452660000 146.777541391 109.185380002 -2.869668432 -0.666239937 0.252219271 -0.189723684 0.675658723 0.000000000
32.556240000 147.211034311 109.887699605 -2.869980285 -0.665085695 0.252343658 -0.188955673 0.676963404 0.000000000
32.659980000 147.645545047 110.595437481 -2.878850444 -0.663178877 0.250929716 -0.188196870 0.679566033 0.000000000
32.763730000 148.066866203 111.301422428 -2.888521625 -0.662774446 0.249221695 -0.185810804 0.681243660 0.000000000
32.867470000 148.487008758 112.012725472 -2.888329813 -0.663004470 0.245824761 -0.181631114 0.683377932 0.000000000
32.971200000 148.892371371 112.737958214 -2.891609346 -0.661241586 0.240925809 -0.176487991 0.688161543 0.000000000
33.074830000 149.303622140 113.465395714 -2.914479595 -0.658963426 0.237088078 -0.172050932 0.692787791 0.000000000
33.178560000 149.726417717 114.187425177 -2.932648811 -0.659727255 0.238102237 -0.170959548 0.691982736 0.000000000
33.282310000 150.132861556 114.929195128 -2.940829033 -0.662920148 0.241146264 -0.171393577 0.687756933 0.000000000
33.386030000 150.520341294 115.678631778 -2.932870634 -0.665531004 0.242300711 -0.170896723 0.684947559 0.000000000
33.489780000 150.903130941 116.425434573 -2.924934717 -0.666490707 0.239235633 -0.168473908 0.685691615 0.000000000
33.593560000 151.281003529 117.171742147 -2.926632593 -0.669263751 0.233628345 -0.163955516 0.686019254 0.000000000
33.697130000 151.652066726 117.925231028 -2.941303019 -0.673815950 0.228660568 -0.159224563 0.684349289 0.000000000
33.800870000 152.015393167 118.686266263 -2.957893286 -0.674659291 0.225014589 -0.157712607 0.685076645 0.000000000
33.904610000 152.395505631 119.449832273 -2.968935458 -0.673394694 0.223453565 -0.158325333 0.686688561 0.000000000
34.008350000 152.789325935 120.213565621 -2.973943880 -0.673857541 0.223360875 -0.160684065 0.685716097 0.000000000
34.112090000 153.184239893 120.972649485 -2.970610559 -0.675176642 0.222870142 -0.162529001 0.684141598 0.000000000
34.215840000 153.581474169 121.726640590 -2.976267285 -0.675818230 0.220042604 -0.161558524 0.684653062 0.000000000
34.319570000 153.967825131 122.479144267 -2.973164280 -0.676430295 0.215197078 -0.158198518 0.686371257 0.000000000
34.423340000 154.357373473 123.228345866 -2.979629241 -0.674750860 0.209599502 -0.154634204 0.690555999 0.000000000
34.526940000 154.761568184 123.979819011 -2.990274556 -0.672019927 0.206223047 -0.153230626 0.694537003 0.000000000
34.630670000 155.162002147 124.732076074 -2.999534896 -0.672548770 0.206474124 -0.154008071 0.693778137 0.000000000
34.734300000 155.554322904 125.493228313 -2.998866402 -0.674308728 0.208261869 -0.155664427 0.691160849 0.000000000
34.837900000 155.936014825 126.251352314 -2.981398344 -0.675326080 0.208621125 -0.156327504 0.689908417 0.000000000
34.941520000 156.322620557 127.003292141 -2.962965313 -0.675832030 0.205859759 -0.154564077 0.690639394 0.000000000
35.045260000 156.703358024 127.757725525 -2.958579626 -0.677010823 0.202131241 -0.152328893 0.691082639 0.000000000
35.148870000 157.074048507 128.516023359 -2.965943142 -0.679760178 0.200418007 -0.151027215 0.689165802 0.000000000
35.252510000 157.445441927 129.269534706 -2.961178454 -0.681165488 0.200263798 -0.151832746 0.687644390 0.000000000
35.356230000 157.812853457 130.024212466 -2.954764586 -0.682724329 0.200152067 -0.152321150 0.686021070 0.000000000
35.459850000 158.179038042 130.770374753 -2.951712042 -0.684109322 0.199716320 -0.153047914 0.684605115 0.000000000
35.563620000 158.532274580 131.511600824 -2.951714401 -0.685578742 0.198236124 -0.152700854 0.683642214 0.000000000
35.667200000 158.895589268 132.242480616 -2.948314014 -0.685797316 0.196122767 -0.152113279 0.684163323 0.000000000
35.770940000 159.256639157 132.965090725 -2.943321693 -0.686901087 0.193363711 -0.150384501 0.684223555 0.000000000
35.874680000 159.613265975 133.688531474 -2.952755934 -0.687416240 0.192290552 -0.150155553 0.684058891 0.000000000
35.978300000 159.966264598 134.410554774 -2.962457606 -0.688211102 0.191055537 -0.149894347 0.683662889 0.000000000
36.082080000 160.318630395 135.128182473 -2.973550280 -0.689237547 0.189706566 -0.149589960 0.683070909 0.000000000
36.185780000 160.668536641 135.832752448 -2.981439729 -0.690311088 0.188309877 -0.149216632 0.682454679 0.000000000
36.289500000 161.012306306 136.526745059 -2.990246125 -0.691267331 0.186734777 -0.148928626 0.681982305 0.000000000
36.393220000 161.346724118 137.199840065 -3.001079542 -0.692159716 0.184956241 -0.148796191 0.681590647 0.000000000
36.496880000 161.668854645 137.852193390 -3.006489064 -0.692961308 0.183041467 -0.148793015 0.681293685 0.000000000
36.600490000 161.983103835 138.483991772 -3.002753873 -0.693718608 0.181054998 -0.148814920 0.681048971 0.000000000
36.704360000 162.292544440 139.098165997 -2.997792025 -0.694407050 0.179029261 -0.148926341 0.680858515 0.000000000
36.807990000 162.598630018 139.696855244 -2.990909235 -0.695088260 0.176997295 -0.149174032 0.680640417 0.000000000
36.911770000 162.902260239 140.284404412 -2.986782370 -0.695905053 0.174951244 -0.149571742 0.680247392 0.000000000
37.015480000 163.202310090 140.871264722 -2.978838168 -0.696963925 0.172887245 -0.150190933 0.679554245 0.000000000
37.119060000 163.501725211 141.449136089 -2.970352575 -0.698148465 0.170702768 -0.151076844 0.678693652 0.000000000
37.222810000 163.807870618 142.033499806 -2.966928702 -0.699295668 0.168503439 -0.152129009 0.677826618 0.000000000
37.326430000 164.125073336 142.609906979 -2.962402411 -0.700263446 0.166312007 -0.153345473 0.677094224 0.000000000
37.430160000 164.444870702 143.178260041 -2.961470473 -0.701041484 0.164102703 -0.154779824 0.676501550 0.000000000
37.533780000 164.762733184 143.745189941 -2.960879897 -0.701736526 0.161870796 -0.156437081 0.675937225 0.000000000
37.637390000 165.080807348 144.311294582 -2.958279878 -0.701062522 0.161142766 -0.160031095 0.675969228 0.000000000
37.741030000 165.403010934 144.876486317 -2.954174236 -0.698864084 0.162558014 -0.164879585 0.676741166 0.000000000
37.844750000 165.739381933 145.428045987 -2.937151623 -0.695877199 0.164100747 -0.169828188 0.678221391 0.000000000
37.948360000 166.081165615 145.971130039 -2.916434860 -0.693531101 0.164528583 -0.172942284 0.679732244 0.000000000
38.052310000 166.422867635 146.517932131 -2.898614307 -0.693179098 0.166189284 -0.174790514 0.679214352 0.000000000
38.155720000 166.768194082 147.067063664 -2.885268873 -0.693363865 0.168324312 -0.175554815 0.678302280 0.000000000
38.259670000 167.105905142 147.620008546 -2.893878774 -0.692925729 0.170658121 -0.176100460 0.678025345 0.000000000
38.362940000 167.447011843 148.178338906 -2.904373493 -0.692097598 0.173583416 -0.176776745 0.677952576 0.000000000
38.466570000 167.792544482 148.731717511 -2.902503496 -0.692197679 0.175945827 -0.177084291 0.677160685 0.000000000
38.570230000 168.131160768 149.291150150 -2.900232588 -0.694808226 0.176948873 -0.175344120 0.674674043 0.000000000
38.673810000 168.454029736 149.852959091 -2.906176552 -0.696391849 0.176131545 -0.172473745 0.673994717 0.000000000
38.777460000 168.776405419 150.419056582 -2.914425629 -0.695610800 0.175361278 -0.169985807 0.675632195 0.000000000
38.881060000 169.105881582 150.983325032 -2.925541656 -0.692696367 0.175327998 -0.168236674 0.679064252 0.000000000
38.984720000 169.443558804 151.552813530 -2.934346858 -0.691992290 0.179412183 -0.169034823 0.678516888 0.000000000
39.088300000 169.779753089 152.136745810 -2.941292363 -0.692428130 0.185653847 -0.171645421 0.675732035 0.000000000
39.192020000 170.110063178 152.730090654 -2.940477604 -0.689891479 0.191475657 -0.175074694 0.675822219 0.000000000
39.295720000 170.448603780 153.322956858 -2.922106835 -0.687195158 0.195916782 -0.177340078 0.676705199 0.000000000
39.399320000 170.795093316 153.914073373 -2.913394327 -0.686898002 0.196234316 -0.175628428 0.677360970 0.000000000
39.502980000 171.126152530 154.511473592 -2.912488601 -0.688806957 0.195719468 -0.172755796 0.676309323 0.000000000
39.606730000 171.448466804 155.117259215 -2.921269030 -0.688504891 0.193619030 -0.168650469 0.678254898 0.000000000
39.710390000 171.784244536 155.722060233 -2.943365556 -0.686341102 0.191974322 -0.166697663 0.681390960 0.000000000
39.814160000 172.124007309 156.331236753 -2.974807192 -0.683474183 0.192723448 -0.167715454 0.683807166 0.000000000
39.917810000 172.468884044 156.939699091 -2.992389732 -0.681015156 0.194332104 -0.168637139 0.685576331 0.000000000
40.021440000 172.818131026 157.550716817 -2.998221672 -0.680124566 0.195988646 -0.169054054 0.685886107 0.000000000
40.125180000 173.161306425 158.161048066 -2.996339920 -0.679766168 0.195609453 -0.167497845 0.686730931 0.000000000
40.228960000 173.498797221 158.776072449 -3.001990903 -0.678820284 0.194154256 -0.165189037 0.688636137 0.000000000
40.332560000 173.842298047 159.368002193 -3.011890090 -0.676672978 0.193911253 -0.164295239 0.691027627 0.000000000
40.436270000 174.190121626 159.963543274 -3.020712666 -0.676030992 0.195114351 -0.163903516 0.691410244 0.000000000
40.540000000 174.530927823 160.568365716 -3.027985031 -0.675507006 0.196854788 -0.164361411 0.691320333 0.000000000
40.643620000 174.862919041 161.176440739 -3.029493550 -0.675554355 0.198290129 -0.164059707 0.690935418 0.000000000
40.747350000 175.191530535 161.777284520 -3.027842712 -0.676079164 0.198064810 -0.162430964 0.690871534 0.000000000
40.850980000 175.518452523 162.375756455 -3.028170779 -0.676399578 0.196025774 -0.159656222 0.691785659 0.000000000
40.954720000 175.842173701 162.967599585 -3.032594886 -0.676853438 0.193447092 -0.156069759 0.692885183 0.000000000
41.058450000 176.162859561 163.556527951 -3.041486040 -0.677668948 0.192149129 -0.153444336 0.693035601 0.000000000
41.162090000 176.478988128 164.144600206 -3.052457923 -0.678774896 0.192718769 -0.153062174 0.691878666 0.000000000
41.265810000 176.788121542 164.725369049 -3.054820490 -0.678165289 0.195039527 -0.154720204 0.691457216 0.000000000
41.370360000 177.101853216 165.300208105 -3.049564069 -0.677166694 0.197890655 -0.156692403 0.691181632 0.000000000
41.473270000 177.407645908 165.852366965 -3.037894091 -0.677234540 0.199716669 -0.157407522 0.690427044 0.000000000
41.576790000 177.699696880 166.394278741 -3.029566867 -0.677707482 0.201242626 -0.157635750 0.689467145 0.000000000
41.680520000 177.978411970 166.925943600 -3.023558257 -0.677193897 0.202846726 -0.157146767 0.689613316 0.000000000
41.784260000 178.252063283 167.440001777 -3.022116468 -0.675466316 0.204113004 -0.155255488 0.691360161 0.000000000
41.887680000 178.518994821 167.932647049 -3.025156518 -0.674017509 0.205449790 -0.151517764 0.693204983 0.000000000
41.991400000 178.774961785 168.413468229 -3.028775771 -0.673295327 0.207115716 -0.146034611 0.694586478 0.000000000
42.094800000 179.010286418 168.883672716 -3.030749167 -0.672757317 0.209568805 -0.139452978 0.695723635 0.000000000
42.198260000 179.225650421 169.352641194 -3.038446573 -0.671663993 0.213093916 -0.131782430 0.697202879 0.000000000
42.301840000 179.433418150 169.816584113 -3.048112845 -0.669207006 0.218247198 -0.124365613 0.699330635 0.000000000
42.405330000 179.624664970 170.277786164 -3.048394144 -0.668318026 0.224077987 -0.115977146 0.699778088 0.000000000
42.508850000 179.789313899 170.742331917 -3.048096640 -0.666801220 0.230011842 -0.106624361 0.700786651 0.000000000
42.612350000 179.932646705 171.208622604 -3.036787594 -0.664689805 0.235521897 -0.095090202 0.702619921 0.000000000
42.715820000 180.056744855 171.661067852 -3.024127583 -0.663499413 0.240320679 -0.081150050 0.703867295 0.000000000
42.819320000 180.149962392 172.116352504 -3.010449259 -0.662774490 0.244800365 -0.064995922 0.704683111 0.000000000
42.922650000 180.208502971 172.566358870 -3.000232790 -0.661824669 0.249258957 -0.047992645 0.705375635 0.000000000
43.026190000 180.243683003 173.014768705 -2.994638382 -0.660639778 0.253519676 -0.030498631 0.705940997 0.000000000
43.129650000 180.250094200 173.445779550 -2.989172780 -0.661102108 0.257262850 -0.011871483 0.704711924 0.000000000
43.233030000 180.221147619 173.876554595 -2.975514543 -0.662661111 0.260298980 0.007310121 0.702190327 0.000000000
43.336520000 180.159387251 174.314307929 -2.958380921 -0.663875174 0.262656603 0.026546169 0.699697480 0.000000000
43.440050000 180.070772302 174.744949226 -2.937258674 -0.663783384 0.264360523 0.045966492 0.698134811 0.000000000
43.543500000 179.959853478 175.168834190 -2.920610497 -0.662790817 0.265282017 0.065237365 0.697192850 0.000000000
43.647150000 179.825812634 175.588346304 -2.908833961 -0.661721900 0.266044224 0.083221402 0.696002009 0.000000000
43.750710000 179.673978841 176.006406344 -2.893443545 -0.661746701 0.266591561 0.099446596 0.693635796 0.000000000
43.854350000 179.495949267 176.415007786 -2.876820032 -0.662496472 0.265302748 0.115782087 0.690874362 0.000000000
43.957960000 179.290498876 176.806096983 -2.865112838 -0.663357013 0.261628901 0.133092819 0.688327025 0.000000000
44.061680000 179.066977230 177.188246875 -2.853319548 -0.663329542 0.255998488 0.151208547 0.686727506 0.000000000
44.165420000 178.824552922 177.543376356 -2.846148718 -0.662867129 0.249411072 0.169775797 0.685257226 0.000000000
44.268910000 178.566885907 177.878760336 -2.837335017 -0.660656127 0.241816235 0.189164808 0.685036544 0.000000000
44.372740000 178.296652133 178.201811673 -2.835689995 -0.657362470 0.232820052 0.210012438 0.685247534 0.000000000
44.476270000 178.017581688 178.520623927 -2.834530717 -0.653729234 0.222947170 0.231656803 0.685031221 0.000000000
44.580030000 177.735072265 178.827575787 -2.841779413 -0.651347171 0.211923812 0.253609105 0.683020924 0.000000000
44.683750000 177.421743652 179.127056923 -2.851744616 -0.650590885 0.199931068 0.273882129 0.679520160 0.000000000
44.787490000 177.075352096 179.420474714 -2.857224055 -0.650871705 0.187332084 0.292277726 0.675164013 0.000000000
44.891360000 176.703394798 179.705731235 -2.854169186 -0.651099030 0.173877808 0.309046144 0.671064112 0.000000000
44.995090000 176.314370303 179.976746134 -2.843650177 -0.650968548 0.158743173 0.325038177 0.667376009 0.000000000
45.098960000 175.903857074 180.240911324 -2.833300865 -0.651040315 0.142518502 0.339959807 0.663522656 0.000000000
45.203360000 175.477221786 180.499364300 -2.819085980 -0.651498894 0.124898488 0.353037518 0.659783351 0.000000000
45.306930000 175.037134833 180.743457912 -2.805008068 -0.652091994 0.105222632 0.364469096 0.656404226 0.000000000
45.410680000 174.576588379 180.981707491 -2.793169953 -0.652383739 0.084976060 0.374187589 0.653573389 0.000000000
45.514850000 174.103506696 181.213800729 -2.781850287 -0.649836453 0.122013610 0.381666984 0.645875822 0.000000000
45.618560000 173.615445206 181.444781247 -2.766973698 -0.646651936 0.160237818 0.387346749 0.637281422 0.000000000
45.722540000 173.100862407 181.683680997 -2.746288602 -0.642749630 0.199477065 0.390922305 0.627902512 0.000000000
45.826510000 172.569804870 181.930469087 -2.719214798 -0.637318340 0.239465128 0.392579639 0.618355086 0.000000000
45.930510000 172.018090548 182.187885430 -2.685474343 -0.630297820 0.280290334 0.392004016 0.608682871 0.000000000
46.034570000 171.453348570 182.457022624 -2.647571788 -0.622272091 0.322350405 0.389262429 0.597781249 0.000000000
46.138420000 170.880198598 182.738976107 -2.603356247 -0.612545172 0.365777888 0.384540993 0.585767166 0.000000000
46.242420000 170.290344573 183.032655670 -2.558347749 -0.601183660 0.410301185 0.378336912 0.571919860 0.000000000
46.346350000 169.686936430 183.340002414 -2.512882970 -0.588052213 0.455557831 0.370556175 0.556192214 0.000000000
46.450210000 169.075632745 183.662579193 -2.466053872 -0.572713619 0.501283975 0.361242174 0.538718460 0.000000000
46.554100000 168.440688915 184.002372635 -2.419617098 -0.554570416 0.547159472 0.350761357 0.519648570 0.000000000
46.657810000 167.796929747 184.356299400 -2.374550442 -0.533924433 0.592863412 0.338650912 0.498751676 0.000000000
46.761680000 167.134153697 184.722946309 -2.333247618 -0.511350365 0.638232142 0.324908089 0.474989759 0.000000000
46.865420000 166.453484762 185.100165874 -2.292428247 -0.486794113 0.682666264 0.310089190 0.448155059 0.000000000
46.969180000 165.760582362 185.489888856 -2.248357625 -0.460003961 0.726054915 0.293263525 0.418613332 0.000000000
47.072900000 165.055995081 185.890546510 -2.202725240 -0.430542189 0.767927202 0.274258267 0.386915544 0.000000000
47.176650000 164.337701895 186.304925497 -2.156496273 -0.398567635 0.807481341 0.253379656 0.353435248 0.000000000
47.280390000 163.603640935 186.731155004 -2.113565342 -0.364492326 0.844204359 0.230938170 0.318012432 0.000000000
47.384120000 162.864358305 187.158220750 -2.068013401 -0.328577788 0.877646545 0.207674282 0.280436396 0.000000000
47.487740000 162.103062687 187.605287067 -2.025914942 -0.291155474 0.907594502 0.183451631 0.240512387 0.000000000
47.591510000 161.333369776 188.058787731 -1.984235236 -0.252133247 0.933830913 0.157879971 0.198651872 0.000000000
47.695090000 160.560537239 188.506821974 -1.943179736 -0.212042898 0.955676094 0.131890806 0.155967391 0.000000000
47.798710000 159.793179636 188.953127393 -1.904846370 -0.170912404 0.972870305 0.106370588 0.114007097 0.000000000
47.902330000 159.022878142 189.402359602 -1.865985906 -0.128963947 0.985550855 0.081434142 0.073663373 0.000000000
48.006070000 158.266346005 189.845520521 -1.833285327 -0.086811864 0.994054364 0.056023920 0.034364833 0.000000000
48.109680000 157.509939008 190.290849237 -1.807808237 -0.044913145 0.998530113 0.029797021 -0.005706186 0.000000000
48.213880000 156.749237308 190.735438661 -1.788376519 -0.003570119 0.998873667 0.003806440 -0.047161035 0.000000000
48.316910000 155.996651633 191.161923702 -1.773005565 0.037061413 0.995196450 -0.021305984 -0.088071175 0.000000000
48.420530000 155.247538431 191.575461433 -1.763051975 0.076341713 0.987972643 -0.045507493 -0.126534847 0.000000000
48.524140000 154.492711682 191.985736848 -1.762578409 0.113950204 0.977876968 -0.069155340 -0.161212669 0.000000000
48.627780000 153.738820751 192.387299775 -1.765725953 0.149752018 0.965333648 -0.091173782 -0.193371722 0.000000000
48.731400000 152.981654845 192.788776527 -1.771761301 0.183703128 0.950882128 -0.111118404 -0.223000088 0.000000000
48.835360000 152.225474563 193.185573348 -1.781904745 0.215542980 0.934609592 -0.130278956 -0.251144436 0.000000000
48.938730000 151.473761732 193.568902535 -1.790167524 0.245020119 0.916771958 -0.148658892 -0.278199302 0.000000000
49.042590000 150.710373282 193.950749565 -1.791272370 0.272933992 0.898271238 -0.164157075 -0.302767690 0.000000000
49.146090000 149.950007567 194.319959093 -1.791161710 0.298547761 0.879340055 -0.178822533 -0.325042773 0.000000000
49.249830000 149.192460067 194.681595714 -1.792363909 0.321853838 0.859848422 -0.193359181 -0.345952345 0.000000000
49.353850000 148.435876874 195.045238966 -1.794284959 0.343120322 0.839935275 -0.206692451 -0.366135779 0.000000000
49.457610000 147.681792884 195.407089454 -1.791975058 0.362344482 0.819815567 -0.219062598 -0.385513282 0.000000000
49.560950000 146.933502531 195.757293000 -1.783038205 0.379878725 0.799503948 -0.231041596 -0.403863061 0.000000000
49.664690000 146.179491844 196.116244250 -1.774395822 0.396142593 0.779246208 -0.242025884 -0.421034280 0.000000000
49.768340000 145.430329265 196.480792352 -1.765423967 0.410916322 0.759146575 -0.252526093 -0.437121065 0.000000000
49.872030000 144.681487093 196.844499540 -1.752250628 0.424171525 0.738765766 -0.263206638 -0.452797885 0.000000000
49.975760000 143.935953241 197.216653970 -1.736702859 0.435998916 0.719294166 -0.273703877 -0.466483693 0.000000000
50.079370000 143.192859997 197.591060725 -1.723550949 0.447956060 0.701393933 -0.281471034 -0.477656755 0.000000000
50.183130000 142.449276699 197.960192747 -1.710197325 0.459153463 0.683889642 -0.288392479 -0.488162712 0.000000000
50.286730000 141.706500904 198.330628422 -1.698587263 0.468895227 0.666301779 -0.296437250 -0.498301277 0.000000000
50.390360000 140.966697191 198.712561660 -1.684307475 0.479174284 0.648538109 -0.302270391 -0.508353163 0.000000000
50.494100000 140.227608812 199.087566952 -1.664347199 0.489631960 0.631651737 -0.306466461 -0.517063763 0.000000000
50.597700000 139.491641584 199.452220059 -1.648257543 0.499329090 0.615808388 -0.310918783 -0.524194619 0.000000000
50.701310000 138.758923698 199.808461927 -1.627463761 0.508018987 0.601211410 -0.315921978 -0.529768679 0.000000000
50.805050000 138.032062031 200.164464031 -1.610897436 0.515571754 0.587770515 -0.321489228 -0.534187481 0.000000000
50.908670000 137.299041623 200.522299446 -1.597541416 0.522652624 0.574845623 -0.326915044 -0.538064400 0.000000000
51.012410000 136.570573443 200.873913453 -1.585269723 0.529387128 0.562135546 -0.331967819 -0.541802790 0.000000000
51.116030000 135.843151293 201.220667431 -1.567945992 0.535977744 0.549800718 -0.336309365 -0.545291701 0.000000000
51.219640000 135.116338542 201.556587091 -1.547252057 0.542198646 0.538139862 -0.340001332 -0.548475352 0.000000000
51.323380000 134.390217912 201.889802154 -1.527064768 0.547963960 0.526999007 -0.343111070 -0.551617928 0.000000000
51.427120000 133.666184449 202.217642206 -1.504290306 0.553535660 0.516311244 -0.345498740 -0.554663495 0.000000000
51.530760000 132.945601473 202.536998330 -1.477741406 0.558711944 0.507078611 -0.347533416 -0.556716059 0.000000000
51.634350000 132.230261598 202.852885312 -1.453006140 0.562935978 0.499078202 -0.349590435 -0.558400000 0.000000000
51.738100000 131.519550455 203.161849264 -1.428764455 0.566428531 0.492215332 -0.351411194 -0.559815111 0.000000000
51.841860000 130.816003933 203.464029757 -1.409040969 0.569720875 0.486095256 -0.352515235 -0.561126131 0.000000000
51.945450000 130.121686059 203.760262592 -1.389609096 0.572463749 0.480070752 -0.353365891 -0.562983016 0.000000000
52.049190000 129.437765675 204.056163456 -1.368542467 0.574664799 0.474239517 -0.354222206 -0.565140582 0.000000000
52.152940000 128.772994096 204.345630125 -1.345639691 0.576431532 0.469058745 -0.355057477 -0.567137347 0.000000000
52.256550000 128.116667766 204.629596080 -1.321542142 0.578075649 0.464385360 -0.355556079 -0.568994426 0.000000000
52.360310000 127.472353338 204.910722584 -1.301150941 0.579312202 0.460081015 -0.356072014 -0.570907657 0.000000000
52.463930000 126.841537499 205.190598053 -1.281697767 0.580134236 0.455806833 -0.356295896 -0.573356463 0.000000000
52.567650000 126.225436172 205.463768558 -1.261730127 0.580667437 0.451917344 -0.356142498 -0.575984863 0.000000000
52.671390000 125.620554376 205.741605575 -1.240825662 0.580936634 0.448560834 -0.355973946 -0.578436129 0.000000000
52.775000000 125.031896861 206.015188922 -1.218920007 0.581207195 0.445825807 -0.355961347 -0.580283608 0.000000000
52.878630000 124.457031160 206.282956585 -1.200245606 0.580922672 0.443081374 -0.356261669 -0.582482076 0.000000000
52.982360000 123.898541696 206.548569225 -1.182111357 0.580316269 0.440032426 -0.356938655 -0.584978024 0.000000000
53.085970000 123.358076080 206.813020992 -1.164380029 0.579727337 0.436852498 -0.357521071 -0.587583861 0.000000000
53.189580000 122.831926676 207.075747991 -1.149031806 0.579886835 0.434009194 -0.357161950 -0.589747928 0.000000000
53.293220000 122.320465642 207.331849288 -1.131831982 0.580243735 0.431341080 -0.356262720 -0.591894378 0.000000000
53.396940000 121.824333615 207.584072252 -1.113533875 0.580458971 0.429129666 -0.355520534 -0.593734168 0.000000000
53.500560000 121.346321433 207.827554905 -1.095410895 0.580280363 0.426992630 -0.354907808 -0.595812422 0.000000000
53.604330000 120.887037389 208.067260189 -1.078304662 0.580071526 0.424652375 -0.354242939 -0.598079699 0.000000000
53.707910000 120.445883743 208.303317284 -1.061703997 0.580113596 0.422266316 -0.353426394 -0.600207596 0.000000000
53.811530000 120.020766986 208.530505922 -1.046715460 0.579904021 0.419732541 -0.352936827 -0.602471175 0.000000000
53.915140000 119.610390010 208.753319411 -1.033838933 0.580279317 0.417435071 -0.351916404 -0.604300191 0.000000000
54.018910000 119.212174937 208.972851400 -1.021160277 0.580863062 0.415250805 -0.350359715 -0.606145975 0.000000000
54.122510000 118.830065640 209.180477238 -1.004994554 0.581404436 0.413262848 -0.348942241 -0.607800964 0.000000000
54.226140000 118.464332020 209.384103689 -0.989680313 0.581556409 0.411349245 -0.347808363 -0.609600922 0.000000000
54.329880000 118.115258755 209.583741116 -0.979218871 0.581613753 0.409591990 -0.346497349 -0.611473164 0.000000000
54.433600000 117.779068380 209.776615544 -0.968269557 0.581326982 0.408002947 -0.345639350 -0.613291102 0.000000000
54.537210000 117.467159900 209.961364267 -0.957045311 0.580970793 0.406475594 -0.344991294 -0.615005314 0.000000000
54.640830000 117.174193423 210.139251517 -0.948318650 0.580984641 0.404907078 -0.344046683 -0.616554121 0.000000000
54.744460000 116.904404283 210.306486941 -0.942205918 0.581204101 0.403296507 -0.343153462 -0.617899201 0.000000000
54.848060000 116.652444405 210.464770929 -0.935333280 0.581846954 0.401372971 -0.342031168 -0.619167619 0.000000000
54.951700000 116.419945739 210.613651146 -0.927626259 0.578800079 0.406244937 -0.340195057 -0.619857115 0.000000000
55.055430000 116.207258858 210.752257948 -0.920039111 0.575501979 0.411581118 -0.338561899 -0.620301778 0.000000000
55.159030000 116.019688626 210.879319213 -0.914047901 0.571075560 0.417618087 -0.337875577 -0.620731772 0.000000000
55.262650000 115.856099457 210.992774792 -0.905969466 0.566032117 0.424904873 -0.338029565 -0.620322097 0.000000000
55.366390000 115.717680698 211.095371098 -0.899071783 0.560894997 0.432456450 -0.338015211 -0.619777330 0.000000000
55.470020000 115.599528106 211.182645334 -0.891165674 0.556579922 0.439418004 -0.336856342 -0.619401657 0.000000000
55.573750000 115.502106563 211.256470327 -0.883975834 0.552346396 0.446339603 -0.335304136 -0.619084448 0.000000000
55.677360000 115.425463837 211.314740026 -0.875982226 0.547557310 0.454170933 -0.334405929 -0.618128166 0.000000000
55.780970000 115.358824617 211.364221116 -0.870213852 0.542079764 0.462886379 -0.334070733 -0.616670474 0.000000000
55.884590000 115.304966435 211.405325722 -0.867415190 0.536279074 0.472032912 -0.333544611 -0.615091600 0.000000000
55.988350000 115.262431991 211.441117589 -0.865603206 0.530395464 0.481369362 -0.332729369 -0.613396573 0.000000000
56.091960000 115.228727219 211.466388894 -0.862562163 0.524265246 0.491033687 -0.331523042 -0.611657046 0.000000000
56.195600000 115.211094661 211.486480214 -0.860160297 0.517606844 0.501358080 -0.330245941 -0.609639934 0.000000000
56.299200000 115.201923814 211.499733999 -0.858242724 0.510379682 0.512295161 -0.328963049 -0.607329861 0.000000000
56.402790000 115.199173631 211.508847473 -0.854832145 0.502590987 0.523840247 -0.327427333 -0.604801651 0.000000000
56.506450000 115.204893106 211.513417458 -0.852443388 0.494090321 0.536187387 -0.325821721 -0.601845533 0.000000000
56.610040000 115.207617479 211.516872250 -0.849921249 0.484814200 0.549562759 -0.324186162 -0.598196705 0.000000000
56.713640000 115.210651006 211.524784695 -0.846398640 0.474698717 0.563845773 -0.322371826 -0.593982725 0.000000000
56.817260000 115.214319868 211.526469246 -0.843929482 0.463911985 0.578530286 -0.320145741 -0.589571949 0.000000000
56.921000000 115.220944045 211.535719195 -0.840566189 0.452236107 0.593659597 -0.317511723 -0.585010335 0.000000000
57.024630000 115.225636858 211.544357355 -0.839050379 0.439432251 0.609742706 -0.314690828 -0.579726498 0.000000000
57.128230000 115.226315231 211.551389158 -0.835181535 0.425691025 0.626643867 -0.311470101 -0.573664529 0.000000000
57.231970000 115.222574649 211.564333879 -0.830781306 0.410791634 0.644328527 -0.307883373 -0.566832260 0.000000000
57.335740000 115.217683185 211.581766285 -0.826094256 0.394595993 0.662818114 -0.303854559 -0.559140910 0.000000000
57.439330000 115.209121733 211.600098733 -0.820258245 0.377126540 0.681871407 -0.299262757 -0.550698428 0.000000000
57.542960000 115.196756637 211.619396972 -0.812316746 0.358267603 0.701542146 -0.294059787 -0.541305629 0.000000000
57.646570000 115.178808044 211.645219233 -0.804078503 0.337807312 0.721869209 -0.288269160 -0.530746603 0.000000000
57.750390000 115.160504981 211.674544101 -0.794206248 0.315702038 0.742717701 -0.281831520 -0.518915825 0.000000000
57.853970000 115.131637880 211.706161134 -0.783362513 0.291834228 0.764069588 -0.274754545 -0.505510028 0.000000000
57.957680000 115.091212240 211.740022846 -0.775763230 0.265851529 0.786064234 -0.267012227 -0.490031075 0.000000000
58.061270000 115.036758554 211.780808884 -0.766918266 0.237844304 0.808263573 -0.258342968 -0.472651028 0.000000000
58.164910000 114.964686658 211.832676839 -0.755970753 0.207683862 0.830230181 -0.248567890 -0.453651039 0.000000000
58.268620000 114.877051210 211.896454505 -0.744218944 0.175160433 0.851627570 -0.237452943 -0.433203652 0.000000000
58.372240000 114.772982332 211.971194290 -0.727477098 0.140005657 0.872348118 -0.224961746 -0.410852028 0.000000000
58.475980000 114.652776557 212.060426658 -0.708200860 0.101844922 0.892117317 -0.211208356 -0.386193391 0.000000000
58.579590000 114.512706307 212.164538181 -0.684592418 0.060648369 0.910347635 -0.195803350 -0.359513570 0.000000000
58.683350000 114.366480482 212.277043677 -0.659117473 0.016601179 0.926458587 -0.178755843 -0.330825085 0.000000000
58.786950000 114.202700321 212.399709860 -0.627876840 -0.030256475 0.939931483 -0.160230260 -0.299899344 0.000000000
58.890710000 114.023891542 212.538223552 -0.597568277 -0.080031186 0.950220294 -0.140271757 -0.266458696 0.000000000
58.994310000 113.831143042 212.692872231 -0.565399365 -0.132259170 0.956324287 -0.119973830 -0.231425260 0.000000000
59.098080000 113.622674294 212.861402579 -0.529000839 -0.187028270 0.957352520 -0.099713523 -0.196351196 0.000000000
59.201790000 113.405125375 213.032307927 -0.486766640 -0.243790139 0.953391333 -0.078757090 -0.159400926 0.000000000
59.305420000 113.188876921 213.211617629 -0.444576512 -0.301150601 0.944366512 -0.057456987 -0.119075192 0.000000000
59.409140000 112.969433506 213.403093270 -0.406671674 -0.359016329 0.929452267 -0.037648879 -0.076212338 0.000000000
59.513100000 112.750042907 213.594502756 -0.371006355 -0.416680972 0.908279975 -0.018811039 -0.032412939 0.000000000
59.616750000 112.528085467 213.802209971 -0.337612711 -0.472985948 0.880985742 -0.001903686 0.012032932 0.000000000
59.720500000 112.312089351 214.014304798 -0.312662193 -0.527224791 0.847760380 0.012812253 0.056322322 0.000000000
59.824230000 112.100508862 214.235770631 -0.294965426 -0.579069117 0.808852846 0.025725043 0.098864828 0.000000000
59.928100000 111.903748476 214.464330904 -0.278801893 -0.627672246 0.765036839 0.037235446 0.139139168 0.000000000
60.032120000 111.708695564 214.708321472 -0.270440893 -0.672376014 0.716895013 0.047384897 0.178119926 0.000000000
60.135780000 111.524804953 214.970470629 -0.266380032 -0.712421044 0.665444694 0.054765208 0.215963857 0.000000000
60.239770000 111.352874525 215.251272808 -0.267964020 -0.746860248 0.612183407 0.057550552 0.253217654 0.000000000
60.343300000 111.210411993 215.544211019 -0.273365059 -0.775752514 0.557981860 0.057132266 0.289136966 0.000000000
60.447190000 111.101193484 215.858200778 -0.283721324 -0.799476675 0.503337750 0.054716220 0.323255767 0.000000000
60.551000000 111.022158117 216.192027444 -0.298955126 -0.818451498 0.448978663 0.051497223 0.354828609 0.000000000
60.654780000 110.966231100 216.543592936 -0.322709295 -0.832987973 0.395628729 0.046741287 0.383958590 0.000000000
60.758610000 110.929721082 216.907566275 -0.358389081 -0.844057682 0.344307973 0.039530277 0.409213888 0.000000000
60.862280000 110.917880601 217.295274854 -0.395870978 -0.851494886 0.296158124 0.028967504 0.431749590 0.000000000
60.966000000 110.939183999 217.705805123 -0.430393640 -0.855186556 0.252499926 0.015246329 0.452401691 0.000000000
61.069630000 110.995267931 218.141517970 -0.460471906 -0.855291235 0.213443569 0.000753242 0.472142117 0.000000000
61.173270000 111.084696619 218.596038636 -0.486501942 -0.853123250 0.178855861 -0.014384411 0.489882016 0.000000000
61.276850000 111.213223429 219.064397573 -0.507644625 -0.849579821 0.148190000 -0.029037838 0.505381693 0.000000000
61.380460000 111.375348802 219.547684339 -0.521297507 -0.845040335 0.121690966 -0.042607895 0.518924569 0.000000000
61.483950000 111.562903588 220.040433057 -0.540294075 -0.840038400 0.098952335 -0.054829125 0.530601252 0.000000000
61.587570000 111.771655732 220.544741425 -0.567687823 -0.834642681 0.080545869 -0.067547293 0.540667478 0.000000000
61.691060000 112.001268995 221.061009569 -0.586677580 -0.828629557 0.066689239 -0.080585264 0.549937830 0.000000000
61.794550000 112.257937269 221.586630269 -0.597690586 -0.822403760 0.056724655 -0.092827759 0.558406104 0.000000000
61.897900000 112.532993789 222.122363195 -0.605787778 -0.815936837 0.050416520 -0.103694599 0.566526859 0.000000000
62.002740000 112.826655597 222.670539195 -0.613438170 -0.809179168 0.046888501 -0.113130492 0.574658189 0.000000000
62.104790000 113.135993844 223.222950920 -0.613309969 -0.802471140 0.046312476 -0.120691341 0.582519377 0.000000000
62.208130000 113.459873604 223.787862974 -0.615734011 -0.796171852 0.048252508 -0.126996838 0.589621812 0.000000000
62.311500000 113.792251477 224.364554687 -0.613637530 -0.790362555 0.051834243 -0.132101406 0.595977736 0.000000000
62.414860000 114.130053126 224.953327735 -0.613115909 -0.784856486 0.056427922 -0.135911045 0.601950475 0.000000000
62.518230000 114.476599865 225.554560444 -0.614259282 -0.779634123 0.061442598 -0.139004491 0.607513944 0.000000000
62.621740000 114.827923938 226.174469434 -0.619128536 -0.774411602 0.066790562 -0.141567808 0.613012437 0.000000000
62.725220000 115.181581757 226.800055386 -0.622347176 -0.769440570 0.072900167 -0.143473213 0.618111812 0.000000000
62.828700000 115.541881019 227.437395809 -0.624993255 -0.764582246 0.079617127 -0.145310328 0.622864359 0.000000000
62.932200000 115.908217448 228.087861297 -0.627407503 -0.759994131 0.086485340 -0.147037411 0.627143689 0.000000000
63.035810000 116.278704381 228.755649869 -0.630929712 -0.755724820 0.093512517 -0.148793176 0.630869239 0.000000000
63.139420000 116.650742813 229.433410795 -0.633548983 -0.751421944 0.100466529 -0.150453873 0.634535398 0.000000000
63.242920000 117.031358133 230.127271042 -0.635900523 -0.747367395 0.106864655 -0.151078753 0.638119999 0.000000000
63.346530000 117.418503808 230.834122665 -0.639837739 -0.743446503 0.112688469 -0.150650879 0.641788843 0.000000000
63.450150000 117.812343518 231.552803126 -0.644050550 -0.739727439 0.117477176 -0.149315476 0.645528712 0.000000000
63.553890000 118.208322663 232.279369175 -0.651904271 -0.737030065 0.121400384 -0.147239977 0.648358712 0.000000000
63.657500000 118.601715418 233.021739465 -0.660443952 -0.734628772 0.125191729 -0.146127907 0.650610662 0.000000000
63.761250000 119.000092935 233.774412939 -0.664899503 -0.732070816 0.129469316 -0.146336967 0.652606702 0.000000000
63.864990000 119.406960098 234.542908357 -0.673500925 -0.728931976 0.135239124 -0.148970491 0.654351852 0.000000000
63.968620000 119.820835692 235.326528350 -0.669559137 -0.725567003 0.141619600 -0.152714348 0.655877078 0.000000000
64.072220000 120.239479953 236.118151721 -0.660242961 -0.722368422 0.146402761 -0.154669805 0.657896151 0.000000000
64.175970000 120.665346449 236.918324760 -0.652343289 -0.719269847 0.149062906 -0.154212724 0.660794653 0.000000000
64.279620000 121.101114272 237.725492208 -0.653842455 -0.716530064 0.150248755 -0.151716526 0.664072341 0.000000000
64.383180000 121.541080720 238.536287816 -0.666020774 -0.714127680 0.151195805 -0.149014496 0.667050347 0.000000000
64.486930000 121.992182085 239.365750150 -0.679308814 -0.712202527 0.152893537 -0.147139508 0.669134584 0.000000000
64.590710000 122.446914370 240.207962939 -0.685926541 -0.710476470 0.155448472 -0.146699717 0.670476062 0.000000000
64.694300000 122.903002404 241.063495054 -0.684778156 -0.709136157 0.158832903 -0.147161508 0.671000380 0.000000000
64.797940000 123.358318692 241.924064741 -0.680197544 -0.707479245 0.162967379 -0.149271826 0.671291795 0.000000000
64.901640000 123.821799805 242.795619132 -0.672063717 -0.705974681 0.167175440 -0.151782141 0.671278112 0.000000000
65.005340000 124.289879315 243.679833968 -0.658145452 -0.704464256 0.169981636 -0.153252480 0.671825894 0.000000000
65.108990000 124.760087946 244.568407873 -0.654144428 -0.702959536 0.171051509 -0.152824393 0.673226542 0.000000000
65.212830000 125.237856488 245.464290625 -0.661767702 -0.701622054 0.171245991 -0.151527913 0.674863390 0.000000000
65.316220000 125.719386223 246.367475618 -0.676714737 -0.700399544 0.171586274 -0.150077163 0.676369333 0.000000000
65.419850000 126.209737235 247.273934745 -0.688810681 -0.698991932 0.172575050 -0.149414111 0.677719378 0.000000000
65.523620000 126.704472576 248.187014566 -0.698603381 -0.697787558 0.174274752 -0.149265209 0.678557833 0.000000000
65.627110000 127.195336681 249.103922597 -0.699968960 -0.696141008 0.176801652 -0.149765930 0.679484392 0.000000000
65.730790000 127.687772990 250.016966921 -0.700308348 -0.695027321 0.179571134 -0.150147092 0.679814006 0.000000000
65.834430000 128.170661336 250.935748591 -0.688826065 -0.693867678 0.180794756 -0.149166056 0.680889410 0.000000000
65.938040000 128.661420154 251.860218056 -0.687491343 -0.692678784 0.180492393 -0.146761263 0.682700322 0.000000000
66.041660000 129.147782658 252.787950466 -0.692483456 -0.692225448 0.180516265 -0.144709622 0.683591202 0.000000000
66.145270000 129.631611760 253.721057389 -0.693963677 -0.691652024 0.181374716 -0.143774980 0.684141393 0.000000000
66.248940000 130.107381204 254.652722182 -0.685536057 -0.691340243 0.183159027 -0.143773089 0.683981534 0.000000000
66.352630000 130.588144738 255.579947382 -0.672505274 -0.690862164 0.185496493 -0.144617658 0.683656533 0.000000000
66.456240000 131.068715913 256.511218720 -0.658452164 -0.690543757 0.187943907 -0.145561805 0.683109192 0.000000000
66.559860000 131.551367432 257.445784340 -0.645666207 -0.690433357 0.189705304 -0.145987458 0.682642907 0.000000000
66.663590000 132.023538284 258.383845190 -0.631068264 -0.690745264 0.190355315 -0.145754982 0.682195954 0.000000000
66.767240000 132.493560988 259.317912212 -0.625467524 -0.690581799 0.190094795 -0.145457040 0.682497617 0.000000000
66.870960000 132.964409619 260.254658845 -0.621501148 -0.690240264 0.189353438 -0.144953648 0.683155980 0.000000000
66.974570000 133.433291420 261.176761371 -0.621918259 -0.690358713 0.188322962 -0.143851555 0.683553977 0.000000000
67.078310000 133.901251612 262.096996930 -0.624098930 -0.689767458 0.187189455 -0.142794285 0.684682959 0.000000000
67.181930000 134.367496010 263.007697373 -0.625207519 -0.689516102 0.186762864 -0.142344925 0.685146043 0.000000000
67.285670000 134.837774007 263.917716529 -0.622108960 -0.689351588 0.187161287 -0.143046016 0.685056843 0.000000000
67.389280000 135.302353803 264.828953341 -0.614724734 -0.689598858 0.188097247 -0.144182549 0.684312964 0.000000000
67.492970000 135.766642347 265.740166127 -0.602867793 -0.689935702 0.188550150 -0.144881221 0.683700958 0.000000000
67.596630000 136.229385040 266.652166657 -0.593719371 -0.690167202 0.188832893 -0.145461433 0.683265939 0.000000000
67.700270000 136.696344872 267.563253899 -0.590763317 -0.690318919 0.189620672 -0.146726235 0.682623764 0.000000000
67.803900000 137.162291876 268.474390687 -0.584033169 -0.690572334 0.190839109 -0.148420306 0.681660986 0.000000000
67.907590000 137.631466973 269.382292973 -0.576193425 -0.691350766 0.190709188 -0.148515326 0.680887158 0.000000000
68.011290000 138.097581422 270.291675448 -0.574818679 -0.692339767 0.189022340 -0.147158786 0.680647114 0.000000000
68.114970000 138.557054576 271.192834252 -0.581293268 -0.693122607 0.187263961 -0.145752467 0.680639023 0.000000000
68.218650000 139.018849362 272.098165420 -0.593044093 -0.693733231 0.186233590 -0.145469232 0.680360166 0.000000000
68.322220000 139.481229963 273.000679785 -0.595322072 -0.694444285 0.185774859 -0.145630113 0.679725465 0.000000000
68.425940000 139.946185418 273.910988718 -0.597899922 -0.694757269 0.184929259 -0.145616462 0.679639134 0.000000000
68.529590000 140.405451545 274.817299916 -0.595729966 -0.694470057 0.185057409 -0.146517914 0.679704050 0.000000000
68.633170000 140.875478084 275.726177080 -0.588331657 -0.693928286 0.185548639 -0.147766757 0.679853088 0.000000000
68.736910000 141.351992198 276.636251518 -0.581049907 -0.693245064 0.185870186 -0.148760954 0.680245348 0.000000000
68.840530000 141.826160534 277.546293111 -0.577142152 -0.692750877 0.185794263 -0.149364620 0.680637146 0.000000000
68.944270000 142.307544216 278.459660467 -0.570506810 -0.692713793 0.185482033 -0.149788697 0.680666852 0.000000000
69.047890000 142.786123351 279.373533084 -0.568558880 -0.692408958 0.184888526 -0.150455646 0.680991311 0.000000000
69.151620000 143.262903982 280.285210975 -0.568753148 -0.692205089 0.184422751 -0.151113451 0.681179190 0.000000000
69.255320000 143.747087108 281.211343916 -0.568229833 -0.691818965 0.183768245 -0.151488754 0.681664807 0.000000000
69.359000000 144.232220955 282.143410567 -0.570129648 -0.691810382 0.183485590 -0.151924697 0.681652639 0.000000000
69.462640000 144.717582530 283.079060082 -0.576064968 -0.691493373 0.183514841 -0.152779777 0.681775298 0.000000000
69.566330000 145.205259900 284.012700295 -0.578510689 -0.691003800 0.183031679 -0.153021652 0.682347072 0.000000000
69.669950000 145.701238232 284.953053814 -0.577772939 -0.691360367 0.181317819 -0.151653154 0.682748864 0.000000000
69.773710000 146.192941534 285.903952077 -0.587833030 -0.691190473 0.180141292 -0.150773457 0.683426814 0.000000000
69.877300000 146.690516201 286.858832924 -0.593185892 -0.690188971 0.181154200 -0.152129227 0.683870630 0.000000000
69.980930000 147.189960197 287.810185093 -0.588348232 -0.689667450 0.182868814 -0.154083050 0.683502903 0.000000000
70.084660000 147.687625219 288.767454438 -0.578263834 -0.689372237 0.183756396 -0.155297400 0.683287804 0.000000000
70.188400000 148.184501294 289.727911460 -0.570651606 -0.688978748 0.184317682 -0.156221887 0.683322764 0.000000000
70.292030000 148.683379705 290.680657210 -0.569538313 -0.688972783 0.184935948 -0.156930308 0.682999325 0.000000000
70.395630000 149.180959711 291.632175794 -0.568253981 -0.688319533 0.185036794 -0.157275816 0.683550966 0.000000000
70.499370000 149.676957405 292.575996954 -0.569583013 -0.687579373 0.184422932 -0.156649609 0.684604768 0.000000000
70.602990000 150.173069328 293.516737601 -0.573278176 -0.687210352 0.183641813 -0.155761618 0.685387434 0.000000000
70.706610000 150.667835414 294.455910389 -0.579526214 -0.686503966 0.183217418 -0.155108997 0.686356235 0.000000000
70.810370000 151.159319291 295.396486517 -0.586368361 -0.685993075 0.183862316 -0.155326433 0.686645359 0.000000000
70.913960000 151.652945905 296.334555590 -0.587582871 -0.685117919 0.184832342 -0.156068799 0.687090221 0.000000000
71.017600000 152.142043738 297.267046843 -0.589077000 -0.684097736 0.186059852 -0.156933024 0.687578392 0.000000000
71.121200000 152.637590496 298.200626455 -0.587701644 -0.683348692 0.186781867 -0.157013931 0.688108803 0.000000000
71.224820000 153.127202507 299.127906014 -0.588170920 -0.682855199 0.186197796 -0.155707798 0.689053148 0.000000000
71.328430000 153.613769660 300.048013635 -0.593927554 -0.682256653 0.185038732 -0.153893763 0.690364568 0.000000000
71.432160000 154.097404943 300.963028219 -0.605229404 -0.681946747 0.184883122 -0.152865896 0.690940578 0.000000000
71.535850000 154.576035621 301.876834462 -0.609485639 -0.681661074 0.185612138 -0.152522287 0.691102934 0.000000000
71.639400000 155.054851755 302.784863150 -0.610614366 -0.681020108 0.186855104 -0.152629507 0.691376175 0.000000000
71.743010000 155.519318231 303.690682580 -0.609156071 -0.680573937 0.188234984 -0.152666197 0.691433106 0.000000000
71.846650000 155.983966281 304.583370875 -0.607342305 -0.680141231 0.189614281 -0.152753945 0.691462625 0.000000000
71.950250000 156.444267169 305.465965153 -0.604350868 -0.679867532 0.190537791 -0.152226339 0.691594267 0.000000000
72.053920000 156.899955630 306.346797685 -0.605866304 -0.679646015 0.190710324 -0.151050578 0.692022102 0.000000000
72.157490000 157.344030436 307.215790935 -0.608171027 -0.679709664 0.190649478 -0.149463090 0.692320976 0.000000000
72.261240000 157.786121043 308.079333661 -0.615912770 -0.680196551 0.190620350 -0.147887500 0.692189152 0.000000000
72.364830000 158.218799568 308.934662068 -0.621866569 -0.680954757 0.190896066 -0.146613406 0.691638503 0.000000000
72.468450000 158.643802952 309.778396865 -0.627087917 -0.681313297 0.191262343 -0.145803297 0.691355412 0.000000000
72.572060000 159.065429815 310.611534468 -0.630440978 -0.681784149 0.191959110 -0.145447765 0.690772771 0.000000000
72.675720000 159.480783386 311.436960351 -0.627837700 -0.682577058 0.192590532 -0.145107279 0.689885008 0.000000000
72.779440000 159.884603809 312.256230025 -0.625985530 -0.683624755 0.192274724 -0.143983982 0.689170689 0.000000000
72.883040000 160.280711892 313.059883323 -0.624555112 -0.684209711 0.191548827 -0.142898224 0.689018299 0.000000000
72.986770000 160.673004394 313.852477092 -0.625721779 -0.684450894 0.190893822 -0.142532011 0.689036391 0.000000000
73.090510000 161.059847528 314.630338364 -0.626213217 -0.684798102 0.190622878 -0.142871143 0.688696097 0.000000000
73.194190000 161.438402278 315.388844386 -0.624815887 -0.685201568 0.190367263 -0.143416398 0.688252027 0.000000000
73.297870000 161.812687977 316.133845102 -0.620982048 -0.684807305 0.190199578 -0.144312801 0.688503370 0.000000000
73.401490000 162.186527539 316.854824778 -0.619487359 -0.684441411 0.189945868 -0.144928914 0.688807761 0.000000000
73.505110000 162.553498916 317.560654715 -0.615354826 -0.684459490 0.189937364 -0.145632948 0.688643630 0.000000000
73.608900000 162.913519765 318.247521649 -0.613668146 -0.683859872 0.190131742 -0.146689709 0.688961338 0.000000000
73.712560000 163.265485669 318.910667995 -0.613638768 -0.683697048 0.190529305 -0.147520299 0.688835751 0.000000000
73.816140000 163.606861389 319.550648678 -0.613573558 -0.684442339 0.190978855 -0.148141318 0.687837126 0.000000000
73.919840000 163.932907986 320.170330611 -0.612185979 -0.684794273 0.190999920 -0.148435829 0.687417369 0.000000000
74.023430000 164.252627020 320.766232799 -0.609119577 -0.685210347 0.190224663 -0.147547818 0.687408903 0.000000000
74.127170000 164.559922316 321.341465052 -0.610199765 -0.685544394 0.188750567 -0.146183486 0.687773579 0.000000000
74.230880000 164.857329720 321.896947103 -0.612825361 -0.685893043 0.188008334 -0.145508703 0.687772359 0.000000000
74.334400000 165.142548395 322.435744104 -0.614433053 -0.685918805 0.188494560 -0.145928080 0.687524683 0.000000000
74.438030000 165.416032713 322.954901994 -0.624988579 -0.685709673 0.189737096 -0.146813204 0.687202999 0.000000000
74.541650000 165.687474078 323.456259574 -0.626204713 -0.685440217 0.191450150 -0.147759998 0.686793660 0.000000000
74.645260000 165.942821949 323.939684549 -0.617628095 -0.685320570 0.192954964 -0.147524306 0.686542554 0.000000000
74.748860000 166.189477756 324.402929862 -0.610060598 -0.685589815 0.193713046 -0.145348705 0.686524301 0.000000000
74.852540000 166.417155311 324.850950369 -0.605914853 -0.685608979 0.194480850 -0.142323748 0.686921741 0.000000000
74.955960000 166.627283211 325.280375106 -0.606203749 -0.685196456 0.196156667 -0.138648587 0.687608135 0.000000000
75.059610000 166.825992483 325.702637944 -0.607089360 -0.684235641 0.198914609 -0.134382268 0.688618888 0.000000000
75.163080000 167.020979949 326.107051311 -0.605880869 -0.683101454 0.202309151 -0.128945516 0.689794509 0.000000000
75.266650000 167.200807182 326.512837201 -0.605975710 -0.682214171 0.206375838 -0.122395712 0.690660646 0.000000000
75.370050000 167.361471405 326.920528005 -0.602671584 -0.681454126 0.211064366 -0.115271761 0.691219595 0.000000000
75.473540000 167.498749466 327.334456256 -0.598229311 -0.680365019 0.216485442 -0.107342548 0.691892384 0.000000000
75.577070000 167.615824448 327.742333068 -0.589444755 -0.678064739 0.222786826 -0.098587363 0.693451347 0.000000000
75.680410000 167.723556584 328.153460300 -0.582851336 -0.675258280 0.228789621 -0.087608106 0.695705673 0.000000000
75.783770000 167.810326666 328.559908952 -0.577165840 -0.672642854 0.234793126 -0.074386786 0.697775312 0.000000000
75.887280000 167.875371262 328.970869772 -0.570077928 -0.670745453 0.241001671 -0.059758582 0.698890294 0.000000000
75.990620000 167.912851471 329.385597837 -0.564247530 -0.669091078 0.246916358 -0.044772489 0.699531890 0.000000000
76.094110000 167.925125116 329.802292514 -0.556937742 -0.667275518 0.252257918 -0.029693787 0.700162556 0.000000000
76.197600000 167.917066435 330.211808811 -0.554545858 -0.664512274 0.256785786 -0.013760171 0.701637481 0.000000000
76.300970000 167.905261454 330.587466092 -0.547338888 -0.662695082 0.260477475 0.003142886 0.702123092 0.000000000
76.404460000 167.863372478 330.977957607 -0.539869137 -0.662115570 0.263368249 0.021830470 0.701258560 0.000000000
76.507950000 167.795215290 331.379180011 -0.531333340 -0.661722936 0.265634396 0.041278509 0.699897999 0.000000000
76.611340000 167.697197488 331.792165589 -0.522510659 -0.660231510 0.267390546 0.060452430 0.699243986 0.000000000
76.714820000 167.571381038 332.216257219 -0.517704183 -0.657379182 0.268265409 0.080077655 0.699624078 0.000000000
76.818440000 167.419601740 332.653764329 -0.518296197 -0.653721672 0.268014934 0.100710354 0.700480832 0.000000000
76.921990000 167.242720533 333.095330552 -0.516606492 -0.650630492 0.267440798 0.121499096 0.700280909 0.000000000
77.025530000 167.041726238 333.532384911 -0.507984073 -0.647656471 0.265492006 0.143588461 0.699598059 0.000000000
77.129020000 166.819911030 333.959808222 -0.505858580 -0.643849747 0.262066729 0.167463479 0.699095498 0.000000000
77.232630000 166.561176468 334.387778963 -0.510493640 -0.640038636 0.257487404 0.192657023 0.697806601 0.000000000
77.336250000 166.264235017 334.794478261 -0.514141833 -0.638135610 0.251340281 0.219131277 0.693968652 0.000000000
77.439860000 165.908674752 335.182645780 -0.506566024 -0.636562003 0.244411764 0.245740739 0.688958051 0.000000000
77.543570000 165.517001620 335.559137174 -0.490533898 -0.633499697 0.236538211 0.272396926 0.684490850 0.000000000
77.647090000 165.096132596 335.920920974 -0.472777883 -0.628310007 0.229405818 0.297272922 0.681343023 0.000000000
77.750840000 164.646447933 336.273035480 -0.466680458 -0.626849487 0.221490789 0.320644705 0.674676607 0.000000000
77.854700000 164.172591390 336.603673381 -0.457350214 -0.629551627 0.211065958 0.341971388 0.664959758 0.000000000
77.958590000 163.666856266 336.896069005 -0.431967744 -0.634052674 0.196871500 0.361330443 0.654720651 0.000000000
78.062560000 163.136962589 337.161167516 -0.394448835 -0.638344627 0.179121866 0.379263654 0.645438282 0.000000000
78.166570000 162.568815053 337.415061727 -0.357628610 -0.632339168 0.227330584 0.389133835 0.630113355 0.000000000
78.270660000 161.987426560 337.650010203 -0.323363219 -0.624545500 0.276515807 0.394063065 0.614976607 0.000000000
78.374790000 161.384265194 337.876520432 -0.283338462 -0.614927136 0.326075252 0.394627392 0.599840619 0.000000000
78.479010000 160.774622790 338.101402188 -0.238033488 -0.603201291 0.374618140 0.393170816 0.584145668 0.000000000
78.583150000 160.166819804 338.329062778 -0.188237543 -0.589984928 0.420403905 0.390724786 0.567901825 0.000000000
78.687370000 159.554326412 338.558564383 -0.129526215 -0.574141701 0.463806832 0.387735453 0.552182713 0.000000000
78.791490000 158.940845077 338.803697156 -0.072677353 -0.555611752 0.507208467 0.382380936 0.536488557 0.000000000
78.895610000 158.311792967 339.069212167 -0.019407435 -0.535958071 0.552756534 0.371634400 0.518745634 0.000000000
78.999750000 157.681760944 339.354182148 0.036191200 -0.515434185 0.600019414 0.356595076 0.497136054 0.000000000
79.103610000 157.060307320 339.649934869 0.096457643 -0.492942569 0.647414958 0.339238080 0.471994726 0.000000000
79.207550000 156.438330403 339.958205943 0.154220099 -0.468135977 0.692479320 0.322152621 0.444453358 0.000000000
79.311380000 155.810715342 340.276162289 0.210390528 -0.441092941 0.735484832 0.304416734 0.414523258 0.000000000
79.415180000 155.177139666 340.601017273 0.261701945 -0.412027574 0.776105858 0.285731094 0.382427402 0.000000000
79.518970000 154.531632262 340.938707632 0.314101647 -0.381516169 0.813756838 0.266203982 0.348397274 0.000000000
79.622670000 153.880652472 341.284190754 0.362698814 -0.349438424 0.848656532 0.244645765 0.312767210 0.000000000
79.726400000 153.220431634 341.641309533 0.410339260 -0.315657910 0.880755829 0.221541815 0.274860834 0.000000000
79.830150000 152.553496633 342.009678735 0.450913870 -0.280276163 0.909693540 0.196918474 0.234789373 0.000000000
79.933870000 151.867858368 342.383252744 0.490733326 -0.243731251 0.934736224 0.172180862 0.192917132 0.000000000
80.037500000 151.178321768 342.760410123 0.525671570 -0.205552719 0.955688290 0.146825163 0.151163303 0.000000000
80.141270000 150.474042552 343.146674677 0.551602560 -0.166265398 0.972343456 0.121196691 0.110523223 0.000000000
80.244850000 149.759654854 343.544848522 0.571649054 -0.126595906 0.984902427 0.094557845 0.070707148 0.000000000
80.348500000 149.030747559 343.953996661 0.587045548 -0.087288063 0.993458071 0.067370730 0.029715998 0.000000000
80.452210000 148.284176797 344.370636475 0.601889754 -0.048281300 0.997907188 0.041215447 -0.012306403 0.000000000
80.555830000 147.529044683 344.787234443 0.614189692 -0.009876086 0.998364104 0.015515727 -0.054137243 0.000000000
80.659450000 146.763444468 345.203431755 0.626294452 0.027896002 0.995101219 -0.009759679 -0.094340473 0.000000000
80.763190000 145.990473925 345.627668564 0.632648660 0.064590708 0.988621407 -0.033911912 -0.131551265 0.000000000
80.866800000 145.203715997 346.049934379 0.636395958 0.100155475 0.979456846 -0.055455981 -0.166005427 0.000000000
80.970420000 144.421678142 346.476380960 0.633087698 0.134201064 0.968057297 -0.076403161 -0.197528990 0.000000000
81.074090000 143.634233337 346.906753714 0.630262816 0.166816697 0.954348305 -0.097440433 -0.227808834 0.000000000
81.177670000 142.844737846 347.334603688 0.630603251 0.198071154 0.938549237 -0.117334351 -0.257149368 0.000000000
81.281390000 142.045888141 347.765290336 0.633491948 0.227843622 0.920965266 -0.135893198 -0.285382727 0.000000000
81.385030000 141.244174341 348.190574538 0.638226240 0.256093986 0.902069730 -0.153587279 -0.311603949 0.000000000
81.488620000 140.435476268 348.611851000 0.647140976 0.282604922 0.882247662 -0.170085651 -0.335923193 0.000000000
81.592230000 139.626942781 349.029127599 0.657216722 0.307643851 0.861927147 -0.184752595 -0.358194545 0.000000000
81.695850000 138.817416816 349.438161733 0.665311344 0.331091864 0.841371422 -0.197858827 -0.378581817 0.000000000
81.799470000 138.009393882 349.842853239 0.671807981 0.352533812 0.820705007 -0.210586640 -0.397261211 0.000000000
81.903080000 137.203203904 350.241338371 0.678608225 0.372092620 0.799927443 -0.222891894 -0.414707574 0.000000000
82.006700000 136.392822975 350.639611151 0.684037755 0.390422783 0.779705728 -0.233878356 -0.430034815 0.000000000
82.110320000 135.587692620 351.033034254 0.687633641 0.407086450 0.759866313 -0.244700712 -0.443852870 0.000000000
82.214070000 134.772980639 351.432487117 0.694130480 0.422444885 0.740079568 -0.255772036 -0.456512012 0.000000000
82.317670000 133.961029363 351.824855139 0.701948534 0.437576694 0.720230391 -0.264753021 -0.468722369 0.000000000
82.421410000 133.143381144 352.214453657 0.711182496 0.452041174 0.700452704 -0.272450044 -0.480412073 0.000000000
82.525020000 132.315794710 352.596358568 0.726743655 0.465162273 0.681853111 -0.279594285 -0.490435961 0.000000000
82.628780000 131.488835740 352.974274488 0.743198350 0.477177188 0.665510605 -0.286071066 -0.497554933 0.000000000
82.732380000 130.669317237 353.347104719 0.751577573 0.487340109 0.649815764 -0.292723439 -0.504531544 0.000000000
82.836140000 129.854201250 353.716288618 0.760732667 0.495888556 0.634739004 -0.299817899 -0.511185058 0.000000000
82.939730000 129.041155355 354.094143207 0.777955077 0.503363165 0.619902906 -0.306273682 -0.518210713 0.000000000
83.043500000 128.222130156 354.467470151 0.791430462 0.509993007 0.605658785 -0.312309003 -0.524926333 0.000000000
83.147220000 127.402018090 354.838537326 0.801196028 0.517275940 0.591986638 -0.315676824 -0.531343171 0.000000000
83.250970000 126.589149787 355.209295639 0.825824338 0.522944194 0.579131104 -0.319632642 -0.537560701 0.000000000
83.354570000 125.775488179 355.584400237 0.849601916 0.527538765 0.568295047 -0.323794097 -0.542126345 0.000000000
83.458190000 124.960099813 355.961580773 0.867573144 0.531586403 0.558483899 -0.326810127 -0.546540732 0.000000000
83.561980000 124.150554375 356.339820848 0.884651822 0.535989288 0.548851172 -0.328369331 -0.551045784 0.000000000
83.665550000 123.344697884 356.717675924 0.908132054 0.539684201 0.539177325 -0.329447562 -0.556321022 0.000000000
83.769380000 122.537083427 357.106715916 0.932527137 0.543098357 0.530136497 -0.330236120 -0.561198339 0.000000000
83.872920000 121.737116117 357.498727817 0.958385740 0.545973701 0.521783369 -0.331005633 -0.565765061 0.000000000
83.976710000 120.938177021 357.891580176 0.982164754 0.548548996 0.513802954 -0.331758353 -0.570120092 0.000000000
84.080130000 120.146620042 358.290212040 1.002546167 0.550824123 0.506248302 -0.332641795 -0.574155796 0.000000000
84.183750000 119.354080350 358.705146162 1.024110328 0.552626757 0.499321363 -0.333738248 -0.577841350 0.000000000
84.287600000 118.567138500 359.124034923 1.045176235 0.554520255 0.492993246 -0.334668726 -0.580914615 0.000000000
84.391160000 117.789894447 359.541201775 1.064653307 0.556376537 0.487047965 -0.335399296 -0.583726597 0.000000000
84.494760000 117.020899558 359.961816750 1.083320309 0.558189657 0.481010637 -0.335812647 -0.586756287 0.000000000
84.598480000 116.249281116 360.385494013 1.107018513 0.560145208 0.474788879 -0.335692118 -0.590020057 0.000000000
84.702120000 115.483196420 360.813918856 1.130574107 0.562184263 0.468735848 -0.335373131 -0.593093941 0.000000000
84.805710000 114.717246894 361.242527459 1.156930429 0.564400356 0.462809883 -0.334782915 -0.595969504 0.000000000
84.909310000 113.962013283 361.671935761 1.183773628 0.566572151 0.456740314 -0.334202749 -0.598909680 0.000000000
85.012960000 113.217369684 362.103630321 1.210099370 0.568347920 0.450725851 -0.334173063 -0.601793331 0.000000000
85.116700000 112.487209161 362.533995575 1.235325319 0.569815466 0.445024814 -0.334820917 -0.604283214 0.000000000
85.220270000 111.768908689 362.961054580 1.262040001 0.571237553 0.439885174 -0.335907461 -0.606098069 0.000000000
85.324080000 111.070721679 363.381458077 1.283669388 0.572403208 0.434901990 -0.337621571 -0.607640108 0.000000000
85.427750000 110.388705243 363.796537282 1.302034791 0.573660415 0.429316567 -0.339077220 -0.609612707 0.000000000
85.531340000 109.724943868 364.196040708 1.323644886 0.575390740 0.424089733 -0.340236258 -0.610993194 0.000000000
85.635010000 109.081041938 364.582223845 1.348269345 0.576716608 0.419322454 -0.342121715 -0.611979874 0.000000000
85.738670000 108.459263899 364.956258740 1.372630070 0.578511030 0.414381387 -0.343679200 -0.612778640 0.000000000
85.842510000 107.845304031 365.323444283 1.395707313 0.580229963 0.409503322 -0.345797861 -0.613240620 0.000000000
85.946050000 107.255885343 365.669098519 1.415366778 0.582518952 0.403948985 -0.347326677 -0.613890110 0.000000000
86.049580000 106.685736899 365.998659742 1.443874960 0.584841329 0.398254375 -0.348987870 -0.614460364 0.000000000
86.153190000 106.126397385 366.318849143 1.471106974 0.587208688 0.393240567 -0.351060542 -0.614251015 0.000000000
86.257680000 105.578654703 366.625259107 1.493850958 0.589247921 0.388708693 -0.353810836 -0.613604377 0.000000000
86.360510000 105.042084013 366.917695545 1.520098724 0.591021309 0.385054501 -0.357138695 -0.612273466 0.000000000
86.464180000 104.509081043 367.200104307 1.537450453 0.592582014 0.381572887 -0.360691351 -0.610860408 0.000000000
86.567780000 103.972808194 367.476636963 1.556032926 0.594801800 0.377809148 -0.363510821 -0.609369305 0.000000000
86.671550000 103.439946753 367.747161776 1.573461751 0.596622389 0.374022192 -0.366083713 -0.608384615 0.000000000
86.775140000 102.912283093 368.009739180 1.591231321 0.598452556 0.371045916 -0.368475951 -0.606963706 0.000000000
86.878890000 102.380097499 368.256619428 1.613368234 0.599717668 0.369194052 -0.371434071 -0.605038182 0.000000000
86.982510000 101.849098519 368.508947938 1.630495973 0.600522650 0.368177984 -0.374614607 -0.602894199 0.000000000
87.086250000 101.318520254 368.753180427 1.646624284 0.600657733 0.367107741 -0.377838320 -0.601398701 0.000000000
87.190180000 100.788376318 368.993433170 1.661030393 0.600777816 0.366029751 -0.380860679 -0.600027817 0.000000000
87.293640000 100.256217430 369.233103089 1.677340940 0.600748984 0.365260928 -0.383463719 -0.598866169 0.000000000
87.397220000 99.720807895 369.474468455 1.695239190 0.601315122 0.364652081 -0.385174108 -0.597569988 0.000000000
87.501040000 99.175010263 369.715537818 1.720039192 0.601679165 0.364286846 -0.386610823 -0.596497567 0.000000000
87.604560000 98.622633429 369.955060010 1.746523652 0.601373822 0.363578568 -0.388399616 -0.596075405 0.000000000
87.708320000 98.067461477 370.198132515 1.774599255 0.600870462 0.362863886 -0.390120083 -0.595894965 0.000000000
87.811980000 97.507183157 370.438647914 1.803239331 0.600655506 0.362836149 -0.391378070 -0.595303366 0.000000000
87.915650000 96.936387133 370.681027094 1.832920901 0.601018499 0.364033447 -0.392094613 -0.593732454 0.000000000
88.019280000 96.354466892 370.922990789 1.860659020 0.600934279 0.365117489 -0.392491397 -0.592889294 0.000000000
88.123030000 95.763957953 371.168173018 1.888882591 0.599972471 0.365933160 -0.393144071 -0.592928069 0.000000000
88.226620000 95.168584640 371.419091442 1.918055012 0.598258599 0.366384558 -0.393914467 -0.593869007 0.000000000
88.330460000 94.562423784 371.679344160 1.947321769 0.597761081 0.366877531 -0.393432385 -0.594384998 0.000000000
88.434330000 93.944729494 371.943961126 1.977874880 0.597476606 0.366750950 -0.392129032 -0.595609157 0.000000000
88.537780000 93.316035931 372.211393591 2.008381402 0.598314152 0.366654401 -0.389881057 -0.596303183 0.000000000
88.641400000 92.674146372 372.490338730 2.032994343 0.600034458 0.365011108 -0.385723751 -0.598283150 0.000000000
88.745080000 92.016818157 372.777312567 2.057328759 0.601778993 0.364685961 -0.381585001 -0.599382249 0.000000000
88.848890000 91.349099261 373.063643421 2.079367138 0.601756777 0.366093838 -0.379484966 -0.599879358 0.000000000
88.952550000 90.686625338 373.361536027 2.104271803 0.600932461 0.370597074 -0.379279136 -0.598067992 0.000000000
89.056170000 90.006388298 373.665859465 2.121664831 0.597255527 0.376689374 -0.381765615 -0.596360601 0.000000000
89.159790000 89.308917330 373.973817946 2.115928132 0.594309055 0.380670866 -0.383000094 -0.595984368 0.000000000
89.263540000 88.590480126 374.303748448 2.097665823 0.594485777 0.379244432 -0.379172860 -0.599156294 0.000000000
89.367140000 87.858439119 374.642726510 2.111410316 0.597187728 0.375686806 -0.372168220 -0.603089593 0.000000000
89.470880000 87.117970789 374.990010970 2.146617225 0.597343642 0.375396082 -0.369494189 -0.604758132 0.000000000
89.574490000 86.373393981 375.351453738 2.173246527 0.594623973 0.378826483 -0.371468684 -0.604089267 0.000000000
89.678230000 85.619249719 375.715674498 2.191117440 0.591049137 0.384180479 -0.374924299 -0.602078107 0.000000000
89.781980000 84.854508064 376.089962982 2.188619892 0.588574124 0.388191443 -0.376634339 -0.600861447 0.000000000
89.885590000 84.075003575 376.474082084 2.184909203 0.589743598 0.388734589 -0.373355411 -0.601409715 0.000000000
89.989350000 83.277497580 376.864378014 2.203278714 0.592332364 0.387799412 -0.367367640 -0.603154212 0.000000000
90.092950000 82.468587988 377.258795025 2.240653786 0.593366445 0.387957064 -0.362855309 -0.604765743 0.000000000
90.196710000 81.662604751 377.663239847 2.278478779 0.591250401 0.391800044 -0.362587286 -0.604521421 0.000000000
90.300450000 80.842959962 378.076450492 2.311366207 0.586739419 0.395714057 -0.364639624 -0.605132369 0.000000000
90.404050000 80.019002827 378.511890837 2.325852419 0.582288489 0.396646092 -0.366060710 -0.607956865 0.000000000
90.507790000 79.192525445 378.972696664 2.353831584 0.581022499 0.394314177 -0.363478960 -0.612219104 0.000000000
90.611400000 78.353062466 379.452216808 2.396444261 0.581596121 0.390465753 -0.358822534 -0.616870194 0.000000000
90.715140000 77.507077439 379.933155146 2.450802656 0.582695032 0.386629715 -0.354380864 -0.620804451 0.000000000
90.818760000 76.657282661 380.419090178 2.510112677 0.582872212 0.385249968 -0.352553653 -0.622533829 0.000000000
90.922380000 75.802721904 380.921500826 2.547359253 0.582264936 0.385171464 -0.352953396 -0.622924062 0.000000000
91.025980000 74.948458570 381.429424284 2.573369514 0.582345547 0.384068768 -0.353457268 -0.623243776 0.000000000
91.129600000 74.091572646 381.937473447 2.599019798 0.582940283 0.381889804 -0.353767636 -0.623850354 0.000000000
91.233220000 73.234075892 382.452305812 2.633351468 0.583700574 0.379040006 -0.353899685 -0.624801830 0.000000000
91.336840000 72.378749618 382.966547422 2.666707837 0.585309377 0.376618762 -0.353803924 -0.624815192 0.000000000
91.440450000 71.514666848 383.475200147 2.698315117 0.587698101 0.373708307 -0.353366128 -0.624568189 0.000000000
91.544070000 70.644673600 383.972075642 2.732385572 0.589898208 0.370485049 -0.353323485 -0.624438506 0.000000000
91.647680000 69.768388391 384.472485221 2.774110009 0.591455300 0.368367192 -0.354395364 -0.623610589 0.000000000
91.751300000 68.898051312 384.963975434 2.811343491 0.590923139 0.367828139 -0.357898164 -0.622431690 0.000000000
91.855040000 68.029778105 385.443697155 2.840877146 0.589649487 0.367315616 -0.362133968 -0.621491520 0.000000000
91.958670000 67.161893703 385.926719837 2.862641706 0.589040406 0.364979737 -0.364925316 -0.621812436 0.000000000
92.062270000 66.296763315 386.416570529 2.901587862 0.590427528 0.361112550 -0.365290026 -0.622540166 0.000000000
92.165880000 65.432593302 386.899335987 2.949094437 0.592553118 0.357965836 -0.364853445 -0.622593949 0.000000000
92.269500000 64.567704419 387.376469758 2.998738134 0.594465649 0.356775077 -0.364948263 -0.621397539 0.000000000
92.373110000 63.708540497 387.839135491 3.040091579 0.595910441 0.357428321 -0.365767296 -0.619152669 0.000000000
92.476860000 62.833576379 388.289908539 3.075860214 0.597151030 0.358440622 -0.366711038 -0.616809519 0.000000000
92.580470000 61.959214296 388.733911782 3.107850077 0.597537746 0.358798725 -0.367898854 -0.615518115 0.000000000
92.684080000 61.091569361 389.170423315 3.143608447 0.597678449 0.358419840 -0.368835837 -0.615041312 0.000000000
92.787830000 60.219545916 389.625293104 3.180551030 0.597811928 0.357228301 -0.369306524 -0.615322299 0.000000000
92.891470000 59.351619756 390.076383322 3.220765103 0.598152426 0.354533659 -0.369229669 -0.616594689 0.000000000
92.994930000 58.483448988 390.537239635 3.261251938 0.599472946 0.351893428 -0.368704316 -0.617138825 0.000000000
93.098570000 57.622900711 390.991869072 3.301930260 0.600415817 0.350024043 -0.368807047 -0.617223928 0.000000000
93.202160000 56.766636440 391.435894707 3.345174323 0.601248670 0.350126461 -0.369872830 -0.615715509 0.000000000
93.305780000 55.911280611 391.873456761 3.374411096 0.600710663 0.352039004 -0.372636238 -0.613479806 0.000000000
93.409390000 55.061658545 392.297491775 3.394760560 0.600440982 0.353480929 -0.374605116 -0.611713060 0.000000000
93.513130000 54.201547443 392.722077086 3.412947195 0.599993381 0.353166903 -0.375498011 -0.611786176 0.000000000
93.616750000 53.345867337 393.143575225 3.442576844 0.600694337 0.351965897 -0.374842867 -0.612192083 0.000000000
93.720480000 52.492906826 393.559107218 3.478589719 0.600999355 0.350800565 -0.374390591 -0.612838008 0.000000000
93.824120000 51.644932912 393.974606255 3.513430997 0.600689919 0.350258884 -0.374816051 -0.613191050 0.000000000
93.927850000 50.795211299 394.389214853 3.542780843 0.601207140 0.350506934 -0.374511122 -0.612728556 0.000000000
94.031550000 49.955369127 394.804538740 3.567425787 0.601645307 0.351451936 -0.374155586 -0.611973903 0.000000000
