# timestamp x y z qx qy qz qw latency
0.000000000 0.669249144 1.777713089 -0.003860005 -0.678677071 0.211020915 -0.166738913 0.683422082 0.000000000
0.103735900 1.009179920 2.351086709 -0.007052223 -0.677939852 0.210475628 -0.165024720 0.684736744 0.000000000
0.207338100 1.354563951 2.948049932 -0.005952296 -0.677971421 0.208545701 -0.164245723 0.685482885 0.000000000
0.311075200 1.704683799 3.566327647 -0.007732055 -0.677801889 0.207335595 -0.163046859 0.686303338 0.000000000
0.414691700 2.065376940 4.201456807 -0.011869796 -0.678101032 0.205133338 -0.161951954 0.686928576 0.000000000
0.518430200 2.427457784 4.844897956 -0.008196343 -0.678307525 0.203910304 -0.160312213 0.687473260 0.000000000
0.622044800 2.799681703 5.507485412 -0.008931472 -0.678362859 0.201708190 -0.159409383 0.688277768 0.000000000
0.725797700 3.167513764 6.181318241 -0.010050885 -0.678738745 0.199093991 -0.158718110 0.688827888 0.000000000
0.829419900 3.548207551 6.875759691 -0.006597263 -0.679713288 0.197606959 -0.157144645 0.688655862 0.000000000
0.933146700 3.927151067 7.574849194 -0.006442835 -0.680887394 0.196543582 -0.155125306 0.688258031 0.000000000
1.036910000 4.308407920 8.291959899 0.002094834 -0.682135169 0.195919451 -0.153555312 0.687552140 0.000000000
1.140497000 4.692355729 9.005757094 0.003004872 -0.682116775 0.194385760 -0.153256243 0.688072239 0.000000000
1.244242000 5.072691161 9.730986103 0.003909554 -0.682176305 0.193823185 -0.152468244 0.688346931 0.000000000
1.347979000 5.466381160 10.462513303 0.002197539 -0.681820785 0.193924678 -0.151021007 0.688989326 0.000000000
1.451596000 5.868689323 11.199493510 0.004903788 -0.682246970 0.193497955 -0.149923492 0.688927108 0.000000000
1.555212000 6.268446126 11.949603646 0.006179795 -0.682102206 0.193418929 -0.148890685 0.689316518 0.000000000
1.658960000 6.659757218 12.711468881 0.011190773 -0.681700961 0.191802643 -0.149459469 0.690041603 0.000000000
1.762569000 7.061899741 13.474468444 0.017600522 -0.680993278 0.190969754 -0.149416528 0.690980036 0.000000000
1.866302000 7.459387841 14.252470737 0.025027324 -0.680963664 0.188922304 -0.150301023 0.691380108 0.000000000
1.969923000 7.871470274 15.046852776 0.032315096 -0.681288552 0.188208866 -0.150359300 0.691241935 0.000000000
2.073666000 8.280614632 15.831236322 0.041118644 -0.681790577 0.188185150 -0.149421907 0.690956621 0.000000000
2.177281000 8.685058511 16.629148632 0.045566067 -0.682370139 0.187731586 -0.149176690 0.690560758 0.000000000
2.281017000 9.108498294 17.436951880 0.054045301 -0.682461915 0.187309275 -0.148645069 0.690699365 0.000000000
2.384639000 9.523698176 18.239960702 0.060910150 -0.682331915 0.186749275 -0.148130878 0.691089798 0.000000000
2.488250000 9.938033196 19.054716079 0.070039374 -0.682093659 0.186855378 -0.147459280 0.691439852 0.000000000
2.591988000 10.368262065 19.867402241 0.074414293 -0.682659192 0.186778875 -0.146855622 0.691030756 0.000000000
2.695832000 10.789712462 20.698250119 0.081726438 -0.683941546 0.186737761 -0.146898863 0.689763506 0.000000000
2.799367000 11.213352528 21.526705191 0.084854340 -0.685216804 0.186984966 -0.147302621 0.688343295 0.000000000
2.903084000 11.648403678 22.361387783 0.088102095 -0.686097699 0.188163696 -0.146971944 0.687214391 0.000000000
3.006768000 12.084003814 23.201630217 0.088577769 -0.686189513 0.188977093 -0.147215111 0.686847379 0.000000000
3.110441000 12.514556412 24.039073657 0.085473701 -0.685081818 0.189125917 -0.148181371 0.687703840 0.000000000
3.214057000 12.950051670 24.874781777 0.086452409 -0.683474782 0.188675113 -0.149263320 0.689191110 0.000000000
3.317669000 13.408495940 25.733740375 0.089220655 -0.682415818 0.189016457 -0.149687229 0.690054464 0.000000000
3.421285000 13.851894926 26.587454334 0.089818469 -0.682358586 0.190332983 -0.148933593 0.689912242 0.000000000
3.524925000 14.306885894 27.450366347 0.098517571 -0.683996832 0.191320566 -0.147690444 0.688282142 0.000000000
3.628545000 14.761677134 28.301276180 0.101383952 -0.684873427 0.192550668 -0.145847774 0.687459858 0.000000000
3.732256000 15.219916593 29.161274995 0.097139621 -0.683923565 0.194355159 -0.143196237 0.688454404 0.000000000
3.835871000 15.672127394 30.020186571 0.099271078 -0.682560985 0.194353325 -0.142415221 0.689967529 0.000000000
3.939488000 16.121891491 30.895030759 0.098566522 -0.681299293 0.193406964 -0.142570192 0.691446860 0.000000000
4.043107000 16.580941629 31.778118318 0.099753585 -0.681345796 0.192034812 -0.142247834 0.691849761 0.000000000
4.146888000 17.026113953 32.638500696 0.117217763 -0.681970320 0.192161118 -0.141831789 0.691284551 0.000000000
4.250460000 17.472661371 33.528289212 0.122783322 -0.683301747 0.191029448 -0.142122832 0.690222843 0.000000000
4.354202000 17.936665054 34.412220230 0.127680411 -0.683875465 0.190517960 -0.141486190 0.689926745 0.000000000
4.457940000 18.378585100 35.278757101 0.131852431 -0.684959613 0.190068770 -0.141205923 0.689031987 0.000000000
4.561559000 18.833194729 36.167819043 0.131707672 -0.685963794 0.190309578 -0.141037224 0.688000319 0.000000000
4.665293000 19.286435408 37.063215931 0.133392346 -0.687338424 0.188372925 -0.142406797 0.686878327 0.000000000
4.768912000 19.741273378 37.959015846 0.132888557 -0.687185669 0.188167966 -0.142361023 0.687096799 0.000000000
4.872532000 20.185044006 38.833910143 0.126238137 -0.686502063 0.187849683 -0.142840237 0.687767461 0.000000000
4.976146000 20.631284253 39.719359642 0.130110807 -0.686006608 0.186958574 -0.143858910 0.688292118 0.000000000
5.079909000 21.082990233 40.612733753 0.137864116 -0.686233990 0.186649124 -0.143503275 0.688223674 0.000000000
5.183503000 21.533291886 41.499195064 0.132234806 -0.686368916 0.186977576 -0.142171654 0.688276338 0.000000000
5.287117000 21.975802890 42.370531554 0.132452751 -0.686814234 0.186865923 -0.141841624 0.687930439 0.000000000
5.390861000 22.410388380 43.246077822 0.136606196 -0.685828874 0.185561205 -0.143133577 0.688998239 0.000000000
5.494473000 22.848446849 44.122619941 0.138322518 -0.684475160 0.184646938 -0.143437485 0.690525127 0.000000000
5.598233000 23.283563125 44.980570208 0.138121943 -0.684165720 0.184179962 -0.143477785 0.690947997 0.000000000
5.701829000 23.724474160 45.861353247 0.147265562 -0.685324196 0.184883490 -0.142630364 0.689786504 0.000000000
5.805571000 24.155727899 46.729401507 0.153793329 -0.686209161 0.185953474 -0.141505961 0.688850024 0.000000000
5.909185000 24.593687049 47.578975966 0.155200815 -0.686245423 0.186617185 -0.140500603 0.688840204 0.000000000
6.012921000 25.020428900 48.431518313 0.158208681 -0.685493686 0.187577727 -0.139516523 0.689527478 0.000000000
6.116541000 25.449426211 49.274951766 0.164306760 -0.684890253 0.188198649 -0.138670787 0.690128266 0.000000000
6.220278000 25.886627094 50.119349806 0.172918313 -0.685330934 0.188558983 -0.137366544 0.689853212 0.000000000
6.323895000 26.316707211 50.975645297 0.169202943 -0.686359373 0.189487689 -0.135559821 0.688933060 0.000000000
6.427659000 26.739619979 51.827809396 0.168233879 -0.688069685 0.190149990 -0.134585112 0.687233540 0.000000000
6.531383000 27.174105316 52.678124473 0.166178201 -0.689020597 0.189749255 -0.134109680 0.686484108 0.000000000
6.634992000 27.587117273 53.511275759 0.159352912 -0.687826035 0.188359534 -0.134507752 0.687985244 0.000000000
6.738741000 27.981102071 54.344696873 0.158885218 -0.685406354 0.186873858 -0.135599121 0.690586106 0.000000000
6.842350000 28.386584146 55.181620018 0.164532916 -0.684071532 0.185321907 -0.136623154 0.692124298 0.000000000
6.945963000 28.781693240 55.992612018 0.171582945 -0.684895694 0.183423146 -0.137977406 0.691546146 0.000000000
7.049705000 29.171970312 56.799770065 0.181369349 -0.686026083 0.182151218 -0.138284966 0.690699946 0.000000000
7.153323000 29.552174150 57.591634497 0.191077046 -0.686811228 0.181147820 -0.138700245 0.690100026 0.000000000
7.256934000 29.937731806 58.369971676 0.198359269 -0.686903313 0.180500475 -0.138486814 0.690220849 0.000000000
7.360549000 30.308473824 59.138880341 0.205235528 -0.687484832 0.179410791 -0.138345496 0.689954272 0.000000000
7.464167000 30.674514261 59.907284062 0.217348540 -0.687881970 0.178789607 -0.138200754 0.689748667 0.000000000
7.567786000 31.038428498 60.655010378 0.219155222 -0.688076815 0.178456289 -0.137423530 0.689795928 0.000000000
7.671396000 31.387110325 61.385469505 0.223224088 -0.688481323 0.178166582 -0.136835178 0.689584129 0.000000000
7.775144000 31.727787698 62.114995527 0.228846309 -0.689766502 0.176993645 -0.137101315 0.688548221 0.000000000
7.878754000 32.067153801 62.832293869 0.230431423 -0.691353744 0.176425264 -0.136682315 0.687184161 0.000000000
7.982493000 32.397499650 63.547185066 0.229730046 -0.692297158 0.174895816 -0.137096501 0.686542532 0.000000000
8.086111000 32.709469946 64.217878368 0.238626515 -0.691315789 0.173106225 -0.138144235 0.687773862 0.000000000
8.189849000 33.019504472 64.875397476 0.242378367 -0.688946616 0.171837053 -0.138563709 0.690380102 0.000000000
8.293470000 33.325861568 65.523925693 0.250310390 -0.687063441 0.171165008 -0.138420847 0.692449303 0.000000000
8.397102000 33.620391901 66.153663212 0.252767789 -0.686738168 0.170690176 -0.138567727 0.692859681 0.000000000
8.500847000 33.899471575 66.781720300 0.263936322 -0.688259587 0.169903372 -0.138952356 0.691464987 0.000000000
8.604438000 34.173562826 67.381397331 0.274742562 -0.689099829 0.169523733 -0.138355914 0.690840626 0.000000000
8.708175000 34.442930793 67.951452570 0.285455116 -0.687772171 0.169966711 -0.137343907 0.692255306 0.000000000
8.811795000 34.722977317 68.502585082 0.297086781 -0.685375474 0.172293814 -0.134864033 0.694540851 0.000000000
8.915403000 34.983372079 69.041935665 0.302935179 -0.683323545 0.173506626 -0.134454096 0.696337906 0.000000000
9.019162000 35.233821384 69.575127953 0.311015552 -0.683188405 0.173787673 -0.136356241 0.696030476 0.000000000
9.122890000 35.474627119 70.093713332 0.323589219 -0.684480702 0.173785415 -0.139104975 0.694215100 0.000000000
9.226512000 35.718408432 70.592582640 0.331979234 -0.685057222 0.176212553 -0.139711448 0.692911574 0.000000000
9.330247000 35.964401704 71.075237686 0.339871126 -0.685758804 0.179828497 -0.140025186 0.691223207 0.000000000
9.433986000 36.211448353 71.549530420 0.349578367 -0.686010902 0.184674479 -0.140779238 0.689540127 0.000000000
9.537749000 36.444263796 72.004267927 0.355197776 -0.685506327 0.187122105 -0.145789587 0.688339879 0.000000000
9.641587000 36.679634221 72.451563688 0.356502662 -0.684680983 0.190561297 -0.152854032 0.686683324 0.000000000
9.745342000 36.920311727 72.881060467 0.355645622 -0.683965565 0.195108040 -0.160781931 0.684304851 0.000000000
9.849229000 37.182280195 73.292031006 0.355389505 -0.682341464 0.203193283 -0.167699069 0.681908820 0.000000000
9.953059000 37.438528032 73.673177699 0.357273325 -0.680149491 0.213481794 -0.175381703 0.679016533 0.000000000
10.056930000 37.706681634 74.042515426 0.360177121 -0.678030836 0.224166992 -0.184890911 0.675158275 0.000000000
10.160830000 37.980432526 74.381301024 0.362090821 -0.675588443 0.235468509 -0.195662529 0.670709334 0.000000000
10.264660000 38.275986100 74.716875197 0.353732094 -0.671981765 0.248035672 -0.208228440 0.666002800 0.000000000
10.368670000 38.574438226 75.047528634 0.348828552 -0.667576266 0.262250000 -0.222511629 0.660344941 0.000000000
10.472640000 38.888173931 75.337672229 0.335977529 -0.662245718 0.277222273 -0.237601126 0.654311948 0.000000000
10.576630000 39.196266726 75.599844044 0.334446317 -0.655999338 0.292653798 -0.254809682 0.647372110 0.000000000
10.680620000 39.528531257 75.849865983 0.326711083 -0.647980893 0.310013156 -0.273322989 0.639771169 0.000000000
10.784610000 39.833031469 76.050202032 0.325512603 -0.639368539 0.328868905 -0.292553914 0.630448509 0.000000000
10.888750000 40.188483482 76.249177439 0.311558077 -0.629566605 0.348093031 -0.312573425 0.620302334 0.000000000
10.992720000 40.539758554 76.415178417 0.296130270 -0.618548557 0.367959393 -0.332975032 0.609205381 0.000000000
11.096590000 40.906665411 76.554966243 0.289803517 -0.606518280 0.388470948 -0.352824421 0.597277847 0.000000000
11.200570000 41.280173620 76.671924190 0.276133788 -0.594092978 0.408005213 -0.372721546 0.584520255 0.000000000
11.304310000 41.661171428 76.765849857 0.273098755 -0.582176912 0.427484523 -0.391248029 0.570308693 0.000000000
11.408180000 42.032479802 76.813149867 0.262015708 -0.571017771 0.445107382 -0.409455005 0.555125862 0.000000000
11.511920000 42.404687146 76.833582235 0.241774218 -0.557640266 0.462765548 -0.426435216 0.541330202 0.000000000
11.615530000 42.779846851 76.846321692 0.238467212 -0.543578823 0.480048217 -0.442964020 0.527122994 0.000000000
11.719270000 43.159158443 76.834226693 0.224465575 -0.528658860 0.496917085 -0.457726435 0.513886885 0.000000000
11.822770000 43.530099606 76.802516492 0.215063736 -0.516011638 0.510437609 -0.473140592 0.499322958 0.000000000
11.926380000 43.901564494 76.761463682 0.190466471 -0.503270125 0.522600527 -0.488443190 0.484800082 0.000000000
12.030000000 44.268313144 76.706085257 0.179322724 -0.490363034 0.534401177 -0.502025227 0.471094628 0.000000000
12.133610000 44.631513282 76.632318943 0.156606955 -0.476345535 0.546785769 -0.512557586 0.459787967 0.000000000
12.237100000 44.994113640 76.510179736 0.149592500 -0.462179858 0.560703467 -0.518036001 0.451265003 0.000000000
12.340600000 45.362123545 76.408912426 0.126410907 -0.451717366 0.570459169 -0.525743519 0.440592227 0.000000000
12.444110000 45.723060781 76.306023372 0.109605678 -0.442451054 0.576620693 -0.535253585 0.430405903 0.000000000
12.547670000 46.092106784 76.195829952 0.099004261 -0.435999809 0.579731959 -0.545935536 0.419248629 0.000000000
12.651070000 46.466358759 76.071092179 0.092843940 -0.428791100 0.583941777 -0.554093153 0.410037768 0.000000000
12.754690000 46.840813996 75.925056942 0.083435515 -0.421014929 0.588910580 -0.560099264 0.402764911 0.000000000
12.858060000 47.224427187 75.764949495 0.064861316 -0.411546777 0.594244261 -0.564821468 0.398095111 0.000000000
12.961670000 47.597948811 75.588783969 0.040904793 -0.402365813 0.597551905 -0.569917641 0.395256064 0.000000000
13.065200000 47.986196332 75.414325576 0.010541492 -0.394722304 0.599701915 -0.575820128 0.391130535 0.000000000
13.168770000 48.390893395 75.232723176 -0.004125080 -0.390395765 0.602491112 -0.579945177 0.385044411 0.000000000
13.272350000 48.811392123 75.041657963 -0.013697332 -0.387491333 0.606256492 -0.582095223 0.378772602 0.000000000
13.375880000 49.236624064 74.831652084 -0.023204418 -0.384057363 0.609891866 -0.583897968 0.373624166 0.000000000
13.479500000 49.668749733 74.609406047 -0.040323642 -0.379760082 0.613435383 -0.585378102 0.369880777 0.000000000
13.583110000 50.107255304 74.373816736 -0.058082493 -0.375486192 0.616351646 -0.586815992 0.367107287 0.000000000
13.686720000 50.560455089 74.134044235 -0.074073863 -0.371311017 0.618649605 -0.588445659 0.364873267 0.000000000
13.790340000 51.025418742 73.882735617 -0.092698490 -0.368334202 0.620270520 -0.589675485 0.363149034 0.000000000
13.893950000 51.512681213 73.621372933 -0.110741916 -0.366052649 0.621496269 -0.590563994 0.361914375 0.000000000
13.997670000 52.004483476 73.354769562 -0.133666901 -0.363949864 0.622224025 -0.591944764 0.360526220 0.000000000
14.101300000 52.510274522 73.072940053 -0.155146910 -0.361986406 0.623214179 -0.593048893 0.358974845 0.000000000
14.204920000 53.034404594 72.777189122 -0.174352611 -0.360083751 0.624352217 -0.593477573 0.358201579 0.000000000
14.308540000 53.583151674 72.477002634 -0.196893040 -0.358559927 0.625128299 -0.593873434 0.357720186 0.000000000
14.412270000 54.140083986 72.165768605 -0.219504375 -0.357439203 0.625980691 -0.594142987 0.356902651 0.000000000
14.515890000 54.709117697 71.841706552 -0.240580418 -0.356117636 0.627007743 -0.593977874 0.356695675 0.000000000
14.619680000 55.293827400 71.503764679 -0.264585531 -0.354507268 0.627969711 -0.593255936 0.357807256 0.000000000
14.723260000 55.885815571 71.165768017 -0.286417908 -0.353691520 0.628607649 -0.592254208 0.359151339 0.000000000
14.826860000 56.504051338 70.817943309 -0.314491208 -0.354006355 0.628331650 -0.591716320 0.360209153 0.000000000
14.930480000 57.137282598 70.467535938 -0.342900420 -0.354209411 0.628064828 -0.590641583 0.362233056 0.000000000
15.034100000 57.785727825 70.110752600 -0.369039014 -0.355465748 0.627512315 -0.589517412 0.363787873 0.000000000
15.137840000 58.446960726 69.751323565 -0.395546771 -0.356452665 0.627568536 -0.588044829 0.365106160 0.000000000
15.241450000 59.121668000 69.397211437 -0.423874850 -0.357932036 0.627306501 -0.586924061 0.365911680 0.000000000
15.345080000 59.820670795 69.031754068 -0.450406055 -0.360543448 0.626680455 -0.585886352 0.366083613 0.000000000
15.448810000 60.524477818 68.667417520 -0.483565035 -0.362156992 0.626102126 -0.585077308 0.366773751 0.000000000
15.552550000 61.237971157 68.311919361 -0.514746453 -0.363938108 0.624660201 -0.585169805 0.367321367 0.000000000
15.656170000 61.954595978 67.944535052 -0.535747197 -0.364901907 0.622585370 -0.586129095 0.368356810 0.000000000
15.759900000 62.679890843 67.576570922 -0.561342944 -0.366278830 0.619752124 -0.588401541 0.368145012 0.000000000
15.863640000 63.400319861 67.207895222 -0.587128207 -0.366558443 0.618382988 -0.589863962 0.367828621 0.000000000
15.967390000 64.117413304 66.836849014 -0.608017800 -0.367493151 0.618052106 -0.590020045 0.367201206 0.000000000
16.071020000 64.865564543 66.462882707 -0.627154574 -0.368769460 0.618083277 -0.589934865 0.366004103 0.000000000
16.174740000 65.597551805 66.088862458 -0.648258988 -0.368653079 0.618653298 -0.589423971 0.365981401 0.000000000
16.278450000 66.329033852 65.721992134 -0.662441735 -0.369687485 0.618474684 -0.589485128 0.365140400 0.000000000
16.382090000 67.053290261 65.357747532 -0.679951522 -0.370214743 0.618092775 -0.589867782 0.364634565 0.000000000
16.485710000 67.781988093 64.990672603 -0.698476251 -0.371126616 0.617411882 -0.590479027 0.363871022 0.000000000
16.589330000 68.504364706 64.624279350 -0.720640874 -0.371388952 0.616749664 -0.591601960 0.362901115 0.000000000
16.693090000 69.227909180 64.245728012 -0.740831718 -0.371688539 0.616734262 -0.592533443 0.361096384 0.000000000
16.796680000 69.948530021 63.872121780 -0.761470326 -0.371618080 0.617398762 -0.593193400 0.358943396 0.000000000
16.900430000 70.672279062 63.499181469 -0.782193525 -0.371171626 0.618667978 -0.593799901 0.356206729 0.000000000
17.004190000 71.388455090 63.104199779 -0.807841861 -0.370598486 0.619908861 -0.594507176 0.353455774 0.000000000
17.107900000 72.093381015 62.717509430 -0.831551577 -0.368432559 0.621111207 -0.595989840 0.351104583 0.000000000
17.211650000 72.798078321 62.321079722 -0.852872186 -0.365859174 0.622323230 -0.597815078 0.348536935 0.000000000
17.315390000 73.487812561 61.924495539 -0.875618404 -0.362667337 0.624049909 -0.599790001 0.345378152 0.000000000
17.419150000 74.182070193 61.508047239 -0.901956260 -0.359276177 0.626236737 -0.601062476 0.342741999 0.000000000
17.522870000 74.865631280 61.102119004 -0.924290531 -0.356610077 0.628129678 -0.603014937 0.338607954 0.000000000
17.626480000 75.535126652 60.680301546 -0.943952284 -0.353146490 0.630564445 -0.604253320 0.335490631 0.000000000
17.730220000 76.197586359 60.262144657 -0.975044300 -0.349722334 0.632063119 -0.606582694 0.332036049 0.000000000
17.833840000 76.849564384 59.841559372 -0.998753417 -0.346215884 0.633697130 -0.608793812 0.328530977 0.000000000
17.937460000 77.488244498 59.403030006 -1.017627168 -0.343321967 0.634910278 -0.610925682 0.325251867 0.000000000
18.041200000 78.123172396 58.973479468 -1.042639397 -0.339863974 0.636256230 -0.613088958 0.322168309 0.000000000
18.144820000 78.739378284 58.536887945 -1.056751978 -0.336454032 0.637867202 -0.614567741 0.319735215 0.000000000
18.248550000 79.383190627 58.100762398 -1.082034966 -0.333163642 0.639306920 -0.616490039 0.316589136 0.000000000
18.352170000 79.989932524 57.664809359 -1.100454011 -0.330058789 0.640757107 -0.618111755 0.313734576 0.000000000
18.455930000 80.579196884 57.226877944 -1.118510243 -0.327233101 0.642502226 -0.619123327 0.311120063 0.000000000
18.559570000 81.172816787 56.787853071 -1.136564206 -0.324462199 0.644340881 -0.619737613 0.308989322 0.000000000
18.663260000 81.755689935 56.328653253 -1.154646467 -0.322516476 0.646002194 -0.619569780 0.307892149 0.000000000
18.766880000 82.314607604 55.889779029 -1.173025582 -0.320633983 0.647712796 -0.618974585 0.307461292 0.000000000
18.870490000 82.878543342 55.459899235 -1.193466070 -0.319567166 0.648791937 -0.618796698 0.306653707 0.000000000
18.974110000 83.425549007 55.043117655 -1.215019353 -0.319113670 0.649330771 -0.618792188 0.305993863 0.000000000
19.077720000 83.963473172 54.639635309 -1.229411398 -0.318631539 0.649467322 -0.618995691 0.305794824 0.000000000
19.181410000 84.478128665 54.239745647 -1.249192100 -0.318537591 0.649179442 -0.618918316 0.306659376 0.000000000
19.285020000 84.978802128 53.859869861 -1.271585831 -0.318679736 0.648428404 -0.618748880 0.308437441 0.000000000
19.388680000 85.477640489 53.482360690 -1.285722327 -0.320322976 0.647425476 -0.618160829 0.310017150 0.000000000
19.492240000 85.959224726 53.133386309 -1.300478767 -0.322837835 0.645889120 -0.617166736 0.312583105 0.000000000
19.595800000 86.432768265 52.806453128 -1.311409658 -0.326645050 0.643979095 -0.615614449 0.315614934 0.000000000
19.699410000 86.905705062 52.483686247 -1.324415761 -0.331047524 0.641582695 -0.613475084 0.320042972 0.000000000
19.802910000 87.370504625 52.199741767 -1.329804132 -0.336114474 0.638484841 -0.611142915 0.325374407 0.000000000
19.906520000 87.813637799 51.915381311 -1.343053036 -0.342695725 0.633868705 -0.608484549 0.332440460 0.000000000
20.010020000 88.268890223 51.662609580 -1.352476609 -0.350088963 0.628565803 -0.605421254 0.340305532 0.000000000
20.113500000 88.728917936 51.426904689 -1.363460406 -0.358560585 0.623091110 -0.601089968 0.349116923 0.000000000
20.217140000 89.193200112 51.207327032 -1.372079318 -0.369205067 0.617089985 -0.595215116 0.358617533 0.000000000
20.320610000 89.608824000 50.999516194 -1.373865288 -0.381493993 0.610693118 -0.586986638 0.370085039 0.000000000
20.424100000 90.124640546 50.814651085 -1.398465027 -0.394212704 0.603784277 -0.577946761 0.382123582 0.000000000
20.527470000 90.588687539 50.664273206 -1.406528075 -0.408879351 0.595877596 -0.567564876 0.394484067 0.000000000
20.630960000 91.083288303 50.537145702 -1.428720265 -0.424467035 0.586267480 -0.556847237 0.407479242 0.000000000
20.734440000 91.572043138 50.436542950 -1.439004369 -0.440883056 0.575140811 -0.545207158 0.421407562 0.000000000
20.837960000 92.061977252 50.374144772 -1.454184165 -0.456433079 0.562938550 -0.532289160 0.437535466 0.000000000
20.941510000 92.539282712 50.333873676 -1.469180435 -0.471511983 0.549193148 -0.517884440 0.455915609 0.000000000
21.045020000 93.017100528 50.323991617 -1.485495821 -0.486835048 0.532965262 -0.502624916 0.475718256 0.000000000
21.148370000 93.495918830 50.343998758 -1.491408935 -0.502021126 0.515795973 -0.486137391 0.495580206 0.000000000
21.251900000 93.963044348 50.412114195 -1.522026217 -0.517745091 0.496536134 -0.470393019 0.513928299 0.000000000
21.355440000 94.413674923 50.518772030 -1.537116444 -0.533348590 0.477617668 -0.453194265 0.531070242 0.000000000
21.459000000 94.865093595 50.638558564 -1.544494607 -0.548478650 0.458287714 -0.434272718 0.548225089 0.000000000
21.562720000 95.289060149 50.804502038 -1.546510753 -0.562727644 0.440235997 -0.414749581 0.563482609 0.000000000
21.666360000 95.701950057 51.010553054 -1.565375922 -0.577586100 0.421573900 -0.395198195 0.576617838 0.000000000
21.770100000 96.109107778 51.251733354 -1.593501011 -0.591592945 0.403368717 -0.375001428 0.588799962 0.000000000
21.873950000 96.545188476 51.484033754 -1.587696309 -0.605908928 0.384835280 -0.352898798 0.600198815 0.000000000
21.977710000 96.931006783 51.757513014 -1.597618306 -0.618564698 0.367119119 -0.332553313 0.609925865 0.000000000
22.081440000 97.304370287 52.049910838 -1.606460874 -0.629895272 0.349123176 -0.315000365 0.618158332 0.000000000
22.185310000 97.630650961 52.351309536 -1.599921919 -0.639236682 0.333147901 -0.299559199 0.625022581 0.000000000
22.289170000 97.923919712 52.665234640 -1.603634839 -0.647045767 0.317927555 -0.288392606 0.630145658 0.000000000
22.393170000 98.253428081 52.998857893 -1.606254969 -0.652423494 0.305008014 -0.277808508 0.635717019 0.000000000
22.497160000 98.607221261 53.350342618 -1.631544489 -0.656570147 0.294018780 -0.267651692 0.640961130 0.000000000
22.601290000 98.944173431 53.696800438 -1.642052556 -0.658557520 0.288469704 -0.258562142 0.645161098 0.000000000
22.705510000 99.287885958 54.058470426 -1.648521847 -0.660351830 0.284136266 -0.252267475 0.647736956 0.000000000
22.809640000 99.629060825 54.441325176 -1.660785576 -0.662414307 0.278390352 -0.249564773 0.649171411 0.000000000
22.913660000 99.961858735 54.830645456 -1.678026826 -0.664334683 0.273551195 -0.248074510 0.649837064 0.000000000
23.017610000 100.303084317 55.226672114 -1.692906955 -0.665582735 0.268921790 -0.248714514 0.650247479 0.000000000
23.121720000 100.648257330 55.622509958 -1.692090976 -0.665614475 0.265741252 -0.250143606 0.650973989 0.000000000
23.225710000 101.022641858 55.999427929 -1.705412847 -0.664902468 0.265009396 -0.249871074 0.652103653 0.000000000
23.329700000 101.398235428 56.406452510 -1.712419906 -0.663166101 0.266138946 -0.250765604 0.653067680 0.000000000
23.433600000 101.782579944 56.815657222 -1.723591101 -0.660156903 0.267612131 -0.252171036 0.654970518 0.000000000
23.537560000 102.172214350 57.225386473 -1.733387582 -0.658061844 0.268706459 -0.253949974 0.655942725 0.000000000
23.641430000 102.581231296 57.660822266 -1.736307377 -0.658416684 0.268492441 -0.256968469 0.654497124 0.000000000
23.745190000 102.999954991 58.104533312 -1.749809329 -0.659366746 0.269877858 -0.259184458 0.652092672 0.000000000
23.848990000 103.431254905 58.545185536 -1.759731857 -0.659975381 0.272692988 -0.259485478 0.650183295 0.000000000
23.952650000 103.880464649 58.992886519 -1.766375740 -0.661018222 0.275545993 -0.258869624 0.648163431 0.000000000
24.056420000 104.334698226 59.456115729 -1.777639743 -0.661875132 0.277902006 -0.258905355 0.646266045 0.000000000
24.160010000 104.798018861 59.918233312 -1.788756756 -0.661098251 0.280529508 -0.258371009 0.646139861 0.000000000
24.263960000 105.262775775 60.384821780 -1.800412154 -0.659389225 0.281748732 -0.257542876 0.647684467 0.000000000
24.367270000 105.739261679 60.856980930 -1.811097464 -0.656988510 0.281346661 -0.257796144 0.650193281 0.000000000
24.471000000 106.211336618 61.345076201 -1.823975598 -0.654858965 0.280133672 -0.258855601 0.652440526 0.000000000
24.574560000 106.695624288 61.843100127 -1.835645429 -0.654221619 0.278064219 -0.259055299 0.653884329 0.000000000
24.678100000 107.175970156 62.340792425 -1.843760465 -0.655997911 0.277902492 -0.257487350 0.652791858 0.000000000
24.781830000 107.683554613 62.862489767 -1.848075485 -0.658407728 0.279168407 -0.255195889 0.650722155 0.000000000
24.885470000 108.202945963 63.381518322 -1.857046711 -0.660913938 0.278303217 -0.253985850 0.649023323 0.000000000
24.989130000 108.715668802 63.923406207 -1.867759117 -0.661311019 0.276632562 -0.254477387 0.649140525 0.000000000
25.092670000 109.229533853 64.473720323 -1.882279647 -0.660690892 0.273712793 -0.256058524 0.650386719 0.000000000
25.196320000 109.748984194 65.024014073 -1.893416741 -0.659408603 0.271967931 -0.255430516 0.652662999 0.000000000
25.299900000 110.280393698 65.583920214 -1.906798131 -0.658560555 0.271001588 -0.253801156 0.654554129 0.000000000
25.403640000 110.823170033 66.167675584 -1.918147108 -0.659220329 0.270567241 -0.251720408 0.654873088 0.000000000
25.507250000 111.365508263 66.752454353 -1.918023973 -0.660012731 0.270692643 -0.249258664 0.654964737 0.000000000
25.610880000 111.919606627 67.340529832 -1.927643362 -0.660976271 0.270734660 -0.247976477 0.654462207 0.000000000
25.714630000 112.475288917 67.939216992 -1.941539067 -0.661526358 0.271499338 -0.246297740 0.654223517 0.000000000
25.818220000 113.028014726 68.533574530 -1.951696925 -0.661331458 0.272988769 -0.244694146 0.654402483 0.000000000
25.921980000 113.591401074 69.138781311 -1.966061081 -0.662004220 0.272620061 -0.244440979 0.653970430 0.000000000
26.025680000 114.157495487 69.762164002 -1.980391735 -0.662000512 0.270972387 -0.246434227 0.653910896 0.000000000
26.129230000 114.714805199 70.374508009 -1.991797004 -0.661536262 0.269070835 -0.248809520 0.654266370 0.000000000
26.232990000 115.283874437 71.004156581 -2.007037296 -0.662019209 0.266377222 -0.252120085 0.653612427 0.000000000
26.336550000 115.859943300 71.637743830 -2.011995198 -0.662692977 0.265414019 -0.254884991 0.652247697 0.000000000
26.440340000 116.432635454 72.257912363 -2.020385355 -0.663335792 0.265760542 -0.256483733 0.650824904 0.000000000
26.544050000 117.024624611 72.893827851 -2.027753787 -0.662786954 0.266408956 -0.257506742 0.650714992 0.000000000
26.647670000 117.609917398 73.516314590 -2.043835695 -0.661196289 0.267518857 -0.257875535 0.651731031 0.000000000
26.751260000 118.206960603 74.138793007 -2.049610389 -0.660823368 0.269982452 -0.256292751 0.651717713 0.000000000
26.854880000 118.804946866 74.749200540 -2.051455932 -0.659391886 0.272114273 -0.254432532 0.653008614 0.000000000
26.958500000 119.396040601 75.365034126 -2.052813014 -0.659155244 0.272893869 -0.254330694 0.652961867 0.000000000
27.062230000 119.990077496 75.995266295 -2.061997619 -0.660254545 0.272917851 -0.255533497 0.651369645 0.000000000
27.165870000 120.582928617 76.624081865 -2.069086355 -0.662537393 0.272947899 -0.256255331 0.648750223 0.000000000
27.269470000 121.175121380 77.258242139 -2.075330251 -0.664423473 0.272154433 -0.257590641 0.646622359 0.000000000
27.373230000 121.754192030 77.853330746 -2.086501177 -0.661816191 0.272488250 -0.258061078 0.648963761 0.000000000
27.476870000 122.338486245 78.448038721 -2.093461443 -0.656044855 0.273141796 -0.257580896 0.654714281 0.000000000
27.580440000 122.924305528 79.047743137 -2.097210601 -0.652499802 0.273450424 -0.257322398 0.658220372 0.000000000
27.684070000 123.514388376 79.652122641 -2.101718914 -0.655565178 0.274457802 -0.255383344 0.655504813 0.000000000
27.787700000 124.110568844 80.274677729 -2.104962010 -0.662279204 0.277282076 -0.251345775 0.649096455 0.000000000
27.891280000 124.698509664 80.887932941 -2.113339868 -0.667276442 0.278758638 -0.248798879 0.644309623 0.000000000
27.995100000 125.269315514 81.496286384 -2.125348824 -0.666038478 0.276736146 -0.250588046 0.645767359 0.000000000
28.098650000 125.824863251 82.089801377 -2.145374527 -0.661610226 0.272556387 -0.253807080 0.650820168 0.000000000
28.202280000 126.391331161 82.684738458 -2.166456901 -0.658828975 0.271814999 -0.253898818 0.653908540 0.000000000
28.305870000 126.957225840 83.281743341 -2.168458261 -0.658276722 0.272578072 -0.251945205 0.654901950 0.000000000
28.409630000 127.530333870 83.899232284 -2.162750358 -0.659302656 0.271770741 -0.250873334 0.654616867 0.000000000
28.513230000 128.093357487 84.510883528 -2.170680211 -0.659152864 0.270647738 -0.249671947 0.655691408 0.000000000
28.616840000 128.653336295 85.112524112 -2.175844489 -0.659320346 0.268560154 -0.248205162 0.656937076 0.000000000
28.722280000 129.202486933 85.738453919 -2.173075007 -0.660315679 0.265837278 -0.249347028 0.656612371 0.000000000
28.824220000 129.749353469 86.339359552 -2.176209859 -0.661351788 0.263061667 -0.250668730 0.656184090 0.000000000
28.927940000 130.291816373 86.944532784 -2.177550615 -0.662350572 0.262134267 -0.250244810 0.655709449 0.000000000
29.031560000 130.838025853 87.548310845 -2.178880709 -0.664039130 0.262614305 -0.248986045 0.654287177 0.000000000
29.135300000 131.380035761 88.150790937 -2.182583337 -0.664007336 0.262565842 -0.248007610 0.654710364 0.000000000
29.238910000 131.924494751 88.748836291 -2.187079934 -0.662941970 0.262151892 -0.246621981 0.656476906 0.000000000
29.342530000 132.460140810 89.342557710 -2.187464549 -0.661631520 0.261862940 -0.243914247 0.658921370 0.000000000
29.446140000 132.992139316 89.938369388 -2.194709037 -0.661534522 0.260658819 -0.240672029 0.660686030 0.000000000
29.549760000 133.520325168 90.547456057 -2.198682812 -0.663966411 0.259297006 -0.237659169 0.659872553 0.000000000
29.653420000 134.061420227 91.178331703 -2.209123492 -0.667200850 0.258503932 -0.234226705 0.658146332 0.000000000
29.757120000 134.586650930 91.806719444 -2.223966915 -0.670401867 0.258945399 -0.231528648 0.655669964 0.000000000
29.860880000 135.091697932 92.433642375 -2.234640958 -0.672648258 0.255650263 -0.232217266 0.654417608 0.000000000
29.964620000 135.607069853 93.033103923 -2.241648868 -0.672089305 0.252431167 -0.231825803 0.656377384 0.000000000
30.068210000 136.107175370 93.638203478 -2.256470992 -0.669259565 0.249141087 -0.230291385 0.661049341 0.000000000
30.172000000 136.609595672 94.257694251 -2.273341226 -0.667566432 0.247766947 -0.227558551 0.664216610 0.000000000
30.275700000 137.108515727 94.894502037 -2.272626200 -0.668674240 0.245857283 -0.225125129 0.664640981 0.000000000
30.379310000 137.613738749 95.549235156 -2.278275165 -0.671415919 0.241349395 -0.224404620 0.663772325 0.000000000
30.483050000 138.098795523 96.204332155 -2.283725477 -0.672342509 0.236729512 -0.223793263 0.664703892 0.000000000
30.586670000 138.585250412 96.855980562 -2.285585149 -0.671632133 0.232022933 -0.221697003 0.667776965 0.000000000
30.690400000 139.081588717 97.517939136 -2.287939134 -0.671562421 0.229412884 -0.218556055 0.669781228 0.000000000
30.794050000 139.559552590 98.183273241 -2.289130031 -0.673191336 0.227147242 -0.215747821 0.669828660 0.000000000
30.897640000 140.031108478 98.860032065 -2.289289333 -0.676692901 0.224116443 -0.213469157 0.668048993 0.000000000
31.001380000 140.501347308 99.538704197 -2.295300925 -0.679743003 0.220630872 -0.211112411 0.666860569 0.000000000
31.105010000 140.965759361 100.215392198 -2.301371932 -0.681481106 0.218824353 -0.207822337 0.666715292 0.000000000
31.208610000 141.435410334 100.894663833 -2.315038923 -0.682762492 0.216487411 -0.205861654 0.666775494 0.000000000
31.312350000 141.900766077 101.571852075 -2.324171811 -0.682471475 0.215010200 -0.204223136 0.668054048 0.000000000
31.416200000 142.345449758 102.256680960 -2.324540566 -0.681589700 0.211578957 -0.205078949 0.669785376 0.000000000
31.520060000 142.796716894 102.954910749 -2.327900137 -0.680137373 0.207855618 -0.206526606 0.671979134 0.000000000
31.623420000 143.242690389 103.642228467 -2.332222207 -0.679788771 0.206218735 -0.206372511 0.672882937 0.000000000
31.726940000 143.696120802 104.334431919 -2.336467160 -0.682331819 0.205059859 -0.205173358 0.671027299 0.000000000
31.830690000 144.145736021 105.038937102 -2.344525768 -0.686267402 0.204268047 -0.204416147 0.667477083 0.000000000
31.934300000 144.589733714 105.732245419 -2.353437748 -0.689106539 0.203237012 -0.203029688 0.665286285 0.000000000
32.038040000 145.041736277 106.408524239 -2.361922686 -0.688164653 0.202527029 -0.200303797 0.667300983 0.000000000
32.141650000 145.493211211 107.086751109 -2.373906201 -0.683972229 0.204026774 -0.195245933 0.672632211 0.000000000
32.245260000 145.931142580 107.775927645 -2.385466021 -0.682791392 0.202039132 -0.192483349 0.675223122 0.000000000
32.348880000 146.353418412 108.485364219 -2.387933922 -0.684227730 0.198350299 -0.191712620 0.675082101 0.000000000
32.452660000 146.783849870 109.181292160 -2.393102009 -0.686776540 0.197032320 -0.187757648 0.673990590 0.000000000
32.556240000 147.211803510 109.885984360 -2.403015758 -0.688052196 0.196677556 -0.182881249 0.674133936 0.000000000
32.659980000 147.647920362 110.596138804 -2.416989838 -0.689102526 0.197803998 -0.177420977 0.674190689 0.000000000
32.763730000 148.060844378 111.299064763 -2.424312923 -0.689134564 0.197304348 -0.173957102 0.675206246 0.000000000
32.867470000 148.473786195 112.016480295 -2.427683046 -0.687069304 0.195808683 -0.171273050 0.678424848 0.000000000
32.971200000 148.885348398 112.741869074 -2.433410031 -0.683325716 0.195156388 -0.167510890 0.683315485 0.000000000
33.074830000 149.307111960 113.460634714 -2.443537016 -0.681386233 0.196137901 -0.161984376 0.686297157 0.000000000
33.178560000 149.712365558 114.186474462 -2.447011621 -0.684756090 0.193226334 -0.160153013 0.684195655 0.000000000
33.282310000 150.104895451 114.943614395 -2.450064618 -0.690721399 0.189032128 -0.160570998 0.679255296 0.000000000
33.386030000 150.495341076 115.695801606 -2.452476460 -0.694161074 0.186580896 -0.159694860 0.676628054 0.000000000
33.489780000 150.887729166 116.437238031 -2.466000752 -0.693345341 0.185169441 -0.158448765 0.678143425 0.000000000
33.593560000 151.267592314 117.175280592 -2.478343640 -0.689936127 0.183094961 -0.159595560 0.681904416 0.000000000
33.697130000 151.641121715 117.929275730 -2.483872014 -0.687961928 0.177504224 -0.163402081 0.684470888 0.000000000
33.800870000 152.022584909 118.675745832 -2.485130057 -0.686880853 0.176990386 -0.162654448 0.685866334 0.000000000
33.904610000 152.422960912 119.437433000 -2.486453390 -0.688211936 0.178495440 -0.159568009 0.684866234 0.000000000
34.008350000 152.822586155 120.209334797 -2.494384040 -0.691070899 0.179262960 -0.158739554 0.681973282 0.000000000
34.112090000 153.217676900 120.960303570 -2.497912643 -0.693190926 0.178940619 -0.158630829 0.679928566 0.000000000
34.215840000 153.611064779 121.711497440 -2.508576270 -0.692923458 0.178541794 -0.157790822 0.680501261 0.000000000
34.319570000 154.000562201 122.461163776 -2.510417985 -0.689774175 0.178051424 -0.157058146 0.683989778 0.000000000
34.423340000 154.398511282 123.204700340 -2.512657660 -0.685027078 0.179805357 -0.153840329 0.689014578 0.000000000
34.526940000 154.797982530 123.962101876 -2.512938891 -0.682821888 0.182349643 -0.150023396 0.691372445 0.000000000
34.630670000 155.181373633 124.722620652 -2.512225764 -0.684595373 0.181410656 -0.150175808 0.689830832 0.000000000
34.734300000 155.570590163 125.496456998 -2.504475475 -0.688991432 0.179856803 -0.150491255 0.685780372 0.000000000
34.837900000 155.949809432 126.248641706 -2.493304501 -0.690533099 0.179579229 -0.150128938 0.684380480 0.000000000
34.941520000 156.333613603 127.003430055 -2.495585364 -0.689216744 0.179285992 -0.149763130 0.685862827 0.000000000
35.045260000 156.711413071 127.757436171 -2.501607553 -0.686974100 0.178659895 -0.150653618 0.688077550 0.000000000
35.148870000 157.078793453 128.514523721 -2.499255301 -0.687504905 0.176279616 -0.152777654 0.687692876 0.000000000
35.252510000 157.454893560 129.266296421 -2.494584452 -0.688881728 0.175468942 -0.153389027 0.686385039 0.000000000
35.356230000 157.826111412 130.021808516 -2.490828043 -0.690393919 0.174185680 -0.154142056 0.685022490 0.000000000
35.459850000 158.193826048 130.767196377 -2.492995178 -0.691673444 0.173151362 -0.155153277 0.683764516 0.000000000
35.563620000 158.546098316 131.503621212 -2.492952615 -0.691839983 0.171817783 -0.156056829 0.683726812 0.000000000
35.667200000 158.927335467 132.231969686 -2.490853555 -0.690428106 0.172061588 -0.155472089 0.685224248 0.000000000
35.770940000 159.282274588 132.953781975 -2.489326037 -0.688889925 0.170481898 -0.156633937 0.686900578 0.000000000
35.874680000 159.642500515 133.684152591 -2.493480160 -0.689157294 0.169600396 -0.156553092 0.686869027 0.000000000
35.978300000 159.996322595 134.410572398 -2.491688338 -0.692549083 0.169935597 -0.154696202 0.683788524 0.000000000
36.082080000 160.351550397 135.125446761 -2.494695409 -0.695442089 0.170876659 -0.152656186 0.681070889 0.000000000
36.185780000 160.701962323 135.819621780 -2.492354466 -0.695663045 0.172774215 -0.150151217 0.680923352 0.000000000
36.289500000 161.041017028 136.508253325 -2.498311543 -0.693275420 0.172531764 -0.150059224 0.683435595 0.000000000
36.393220000 161.367832533 137.165130488 -2.508619675 -0.691624904 0.171709667 -0.151175423 0.685066985 0.000000000
36.496880000 161.680657631 137.806314881 -2.504991125 -0.689500508 0.171754687 -0.152023077 0.687006813 0.000000000
36.600490000 161.990042121 138.432593532 -2.497659821 -0.688049246 0.172700219 -0.151330311 0.688376355 0.000000000
36.704360000 162.303067692 139.039465401 -2.485106205 -0.686108954 0.174168786 -0.151696091 0.689860879 0.000000000
36.807990000 162.612604885 139.641006403 -2.480255019 -0.685190582 0.176007099 -0.152894272 0.690042542 0.000000000
36.911770000 162.917956158 140.232920529 -2.481458538 -0.686511718 0.177826264 -0.154454914 0.687912175 0.000000000
37.015480000 163.218081166 140.837178114 -2.470507801 -0.689734236 0.179501962 -0.157322923 0.683589955 0.000000000
37.119060000 163.520721747 141.418210311 -2.464008259 -0.691333740 0.179479919 -0.161155988 0.681082495 0.000000000
37.222810000 163.836458547 142.021711781 -2.467648051 -0.690359653 0.181144192 -0.163641915 0.681037191 0.000000000
37.326430000 164.166180097 142.596811155 -2.462250660 -0.687109302 0.183017032 -0.166272523 0.683183007 0.000000000
37.430160000 164.483331758 143.162553666 -2.465381406 -0.683416517 0.184584394 -0.169899859 0.685568744 0.000000000
37.533780000 164.793763026 143.737091820 -2.464874490 -0.681316773 0.185940176 -0.173832737 0.686305971 0.000000000
37.637390000 165.119624152 144.301230733 -2.455041949 -0.681168893 0.188466413 -0.176283492 0.685137564 0.000000000
37.741030000 165.450649157 144.872981123 -2.448428049 -0.682227421 0.192442877 -0.176376197 0.682951625 0.000000000
37.844750000 165.791940834 145.414591071 -2.440349481 -0.683026630 0.197468020 -0.175417451 0.680962350 0.000000000
37.948360000 166.125394455 145.958321168 -2.432720457 -0.682520428 0.201429957 -0.175331011 0.680331445 0.000000000
38.052310000 166.450510693 146.510566637 -2.433785239 -0.682639561 0.202423271 -0.176935972 0.679501075 0.000000000
38.155720000 166.785045477 147.069610917 -2.433796416 -0.683502015 0.201636568 -0.178356461 0.678495882 0.000000000
38.259670000 167.114578010 147.621962801 -2.443835838 -0.684104100 0.201521927 -0.178200483 0.677963923 0.000000000
38.362940000 167.450336610 148.187426794 -2.445392639 -0.685160251 0.201546122 -0.177752450 0.677007132 0.000000000
38.466570000 167.791847009 148.740389928 -2.445894933 -0.685915132 0.201366616 -0.177842073 0.676272219 0.000000000
38.570230000 168.113774012 149.307125181 -2.449217181 -0.685105067 0.198061319 -0.181086463 0.677207836 0.000000000
38.673810000 168.432286138 149.864605741 -2.454251563 -0.682531739 0.195381363 -0.183328198 0.679975970 0.000000000
38.777460000 168.766966070 150.428918496 -2.448477283 -0.679684598 0.194553933 -0.182736163 0.683216736 0.000000000
38.881060000 169.101578069 150.986428744 -2.447865230 -0.677945942 0.194996052 -0.179939194 0.685556509 0.000000000
38.984720000 169.436375883 151.564124951 -2.452658861 -0.680334643 0.193344864 -0.178832532 0.683945511 0.000000000
39.088300000 169.769819821 152.159223827 -2.451431662 -0.685603251 0.190880087 -0.178594467 0.679424014 0.000000000
39.192020000 170.112114275 152.750549273 -2.453813066 -0.690299818 0.192403821 -0.173905259 0.675443478 0.000000000
39.295720000 170.457295904 153.340043339 -2.455439534 -0.693251698 0.194009600 -0.169192875 0.673153868 0.000000000
39.399320000 170.792325997 153.930290214 -2.469208162 -0.692618933 0.193414965 -0.167876670 0.674304893 0.000000000
39.502980000 171.109515945 154.530423140 -2.476164105 -0.691227225 0.190524650 -0.169330346 0.676189703 0.000000000
39.606730000 171.437517362 155.127087623 -2.489273497 -0.688408243 0.188964964 -0.168387730 0.679729289 0.000000000
39.710390000 171.786710786 155.722736736 -2.504065577 -0.686193667 0.190646194 -0.165428686 0.682221101 0.000000000
39.814160000 172.133404094 156.334083513 -2.513520177 -0.687124535 0.193523440 -0.161961091 0.681305480 0.000000000
39.917810000 172.480999314 156.945148392 -2.522100384 -0.687904005 0.195676140 -0.158675006 0.680676994 0.000000000
40.021440000 172.825607971 157.560273995 -2.519696297 -0.688808280 0.196637895 -0.156575275 0.679971231 0.000000000
40.125180000 173.162046598 158.174358841 -2.527829935 -0.687583361 0.196616647 -0.155917556 0.681366811 0.000000000
40.228960000 173.498734704 158.784055336 -2.530213456 -0.685585566 0.197947430 -0.154184540 0.683385963 0.000000000
40.332560000 173.845891330 159.345544251 -2.537442877 -0.684449731 0.200378916 -0.150753027 0.684580441 0.000000000
40.436270000 174.186310200 159.956929381 -2.544688461 -0.685400321 0.200763314 -0.149529180 0.683784700 0.000000000
40.540000000 174.523612692 160.577450365 -2.551721999 -0.686838154 0.201143764 -0.148488249 0.682455696 0.000000000
40.643620000 174.851673070 161.189429089 -2.555348282 -0.687798178 0.201693141 -0.147806390 0.681474001 0.000000000
40.747350000 175.181531798 161.782354084 -2.560187852 -0.686899188 0.201728112 -0.147306889 0.682477805 0.000000000
40.850980000 175.509947640 162.382935998 -2.565758916 -0.684094397 0.202073150 -0.147225290 0.685205087 0.000000000
40.954720000 175.836089957 162.968000633 -2.569092825 -0.680782632 0.201594509 -0.147721266 0.688529657 0.000000000
41.058450000 176.154819734 163.561331931 -2.570378078 -0.679089323 0.200895117 -0.148602718 0.690214514 0.000000000
41.162090000 176.474197430 164.154217258 -2.570471359 -0.679784051 0.199805781 -0.149797190 0.689588352 0.000000000
41.265810000 176.787419269 164.733469344 -2.565534534 -0.681774249 0.201076982 -0.148416771 0.687549549 0.000000000
41.370360000 177.114382875 165.309883833 -2.560364830 -0.684286824 0.202327747 -0.146470004 0.685099674 0.000000000
41.473270000 177.415250908 165.863377391 -2.559786381 -0.685957560 0.202596599 -0.146007108 0.683446244 0.000000000
41.576790000 177.695170678 166.403542832 -2.559945945 -0.687209909 0.202315564 -0.145921238 0.682288756 0.000000000
41.680520000 177.979457519 166.933787499 -2.560178604 -0.688198212 0.202520286 -0.143866274 0.681667991 0.000000000
41.784260000 178.260082989 167.445208683 -2.570913028 -0.687629364 0.202933681 -0.139956444 0.682931895 0.000000000
41.887680000 178.519745956 167.937892795 -2.575500500 -0.687099701 0.201442320 -0.135903231 0.684722794 0.000000000
41.991400000 178.763858338 168.417427899 -2.577624479 -0.686288971 0.198173916 -0.131684007 0.687309151 0.000000000
42.094800000 178.977990003 168.889989300 -2.574101052 -0.686062374 0.193476833 -0.127005250 0.689749810 0.000000000
42.198260000 179.183701471 169.363639257 -2.579345748 -0.686373317 0.187118616 -0.120201394 0.692408780 0.000000000
42.301840000 179.384782279 169.827207281 -2.581086131 -0.687809339 0.180857421 -0.110907272 0.694196286 0.000000000
42.405330000 179.561803571 170.291598920 -2.572981295 -0.690443491 0.171643952 -0.102896988 0.695153472 0.000000000
42.508850000 179.719076017 170.762480083 -2.564329648 -0.693049573 0.162119035 -0.092634471 0.696289137 0.000000000
42.612350000 179.857504881 171.238190974 -2.556189404 -0.694462224 0.151507647 -0.080662846 0.698756866 0.000000000
42.715820000 179.971591581 171.684268515 -2.542187515 -0.695326844 0.137451281 -0.069245721 0.702020480 0.000000000
42.819320000 180.053546161 172.143595544 -2.535011696 -0.695788428 0.121230552 -0.057013721 0.705642298 0.000000000
42.922650000 180.103592868 172.584726372 -2.525933724 -0.696317603 0.103969093 -0.043237276 0.708846077 0.000000000
43.026190000 180.142418602 173.036386535 -2.518308556 -0.697323682 0.084998210 -0.028585746 0.711124351 0.000000000
43.129650000 180.156762363 173.447910303 -2.504528223 -0.698043598 0.063090834 -0.014960828 0.713113494 0.000000000
43.233030000 180.123075801 173.888238764 -2.486274452 -0.698557843 0.039359429 -0.001861747 0.714467850 0.000000000
43.336520000 180.075898203 174.330296000 -2.469499005 -0.699011159 0.015051032 0.012954700 0.714834975 0.000000000
43.440050000 180.009096305 174.748230467 -2.456145287 -0.698913027 -0.008789223 0.029654682 0.714537564 0.000000000
43.543500000 179.919185559 175.161820783 -2.445234503 -0.698467187 -0.032410949 0.047961869 0.713297118 0.000000000
43.647150000 179.806463055 175.569994759 -2.434114763 -0.699035883 -0.055261741 0.066930927 0.709799426 0.000000000
43.750710000 179.672557660 175.987307533 -2.421756927 -0.700741069 -0.078312551 0.084898195 0.704003832 0.000000000
43.854350000 179.503670226 176.389813352 -2.416849030 -0.701286409 -0.100933570 0.101991824 0.698288947 0.000000000
43.957960000 179.307793201 176.764305253 -2.421431817 -0.699823873 -0.122655799 0.118505539 0.693655922 0.000000000
44.061680000 179.109475985 177.143742391 -2.413356649 -0.697215454 -0.143261671 0.137305563 0.688849684 0.000000000
44.165420000 178.886866300 177.473555060 -2.414986722 -0.693390430 -0.163335507 0.155736608 0.684307923 0.000000000
44.268910000 178.644609575 177.800867765 -2.418472623 -0.688550595 -0.181327239 0.176478489 0.679613017 0.000000000
44.372740000 178.390629754 178.116785620 -2.422953449 -0.682198691 -0.198666892 0.197939330 0.675245461 0.000000000
44.476270000 178.124749605 178.433191533 -2.421544953 -0.674865638 -0.216068566 0.220305676 0.670325410 0.000000000
44.580030000 177.862634808 178.723753370 -2.421559334 -0.666549935 -0.234517224 0.241466356 0.665136719 0.000000000
44.683750000 177.539615428 179.019846044 -2.425862769 -0.658593834 -0.252531174 0.259392473 0.659695167 0.000000000
44.787490000 177.188681529 179.315858326 -2.423053353 -0.651300515 -0.270289139 0.275143456 0.653488714 0.000000000
44.891360000 176.817805027 179.602670637 -2.418224730 -0.644849880 -0.285885499 0.290287290 0.646661737 0.000000000
44.995090000 176.442543620 179.872510333 -2.406687193 -0.638195686 -0.299851357 0.304542433 0.640350948 0.000000000
45.098960000 176.040653941 180.144009515 -2.399717806 -0.631303812 -0.313114426 0.317387524 0.634570732 0.000000000
45.203360000 175.622046144 180.407787113 -2.393943437 -0.624957046 -0.324264608 0.328650525 0.629499791 0.000000000
45.306930000 175.190916950 180.654430555 -2.389726899 -0.618936658 -0.333483837 0.337190359 0.626105906 0.000000000
45.410680000 174.743121574 180.909803911 -2.382191866 -0.613791072 -0.341258190 0.345172725 0.622622805 0.000000000
45.514850000 174.283714918 181.150177848 -2.369320888 0.609205192 0.348737498 -0.351300060 -0.619547786 0.000000000
45.618560000 173.800471575 181.397482884 -2.369422644 0.604786859 0.354737687 -0.356568764 -0.617456674 0.000000000
45.722540000 173.304071446 181.654197575 -2.356425968 0.601355564 0.360175976 -0.360081383 -0.615618510 0.000000000
45.826510000 172.795299186 181.914285547 -2.346188002 0.598552082 0.363540933 -0.362835488 -0.614755076 0.000000000
45.930510000 172.266158958 182.182590250 -2.330716879 0.596805587 0.365334484 -0.364739505 -0.614262891 0.000000000
46.034570000 171.733615581 182.457521118 -2.313063260 0.595921518 0.366577175 -0.365642209 -0.613844030 0.000000000
46.138420000 171.185020683 182.740667346 -2.296808298 0.595770189 0.367082272 -0.366419932 -0.613225017 0.000000000
46.242420000 170.611383383 183.026942163 -2.280606749 0.595760923 0.367387601 -0.366626537 -0.612927610 0.000000000
46.346350000 170.022884299 183.325849283 -2.263885887 0.595943234 0.367497450 -0.366425072 -0.612804988 0.000000000
46.450210000 169.429213242 183.639003761 -2.247204347 0.596256750 0.367097471 -0.366478227 -0.612707960 0.000000000
46.554100000 168.787339303 183.966960662 -2.231255470 0.596082136 0.365841828 -0.367290768 -0.613142183 0.000000000
46.657810000 168.156495414 184.301059886 -2.212051219 0.595855465 0.364432810 -0.368280234 -0.613607906 0.000000000
46.761680000 167.492141248 184.643175812 -2.198903732 0.595870611 0.363416919 -0.368364406 -0.614144952 0.000000000
46.865420000 166.807823258 184.993893682 -2.180112846 0.595654858 0.363149458 -0.367915643 -0.614781133 0.000000000
46.969180000 166.115691936 185.356152295 -2.155668691 0.595852755 0.362646342 -0.367563596 -0.615096845 0.000000000
47.072900000 165.403540795 185.730708791 -2.133373986 0.596628995 0.361840439 -0.367667400 -0.614756880 0.000000000
47.176650000 164.665162285 186.125897579 -2.110501429 0.597390780 0.360660139 -0.368028988 -0.614494251 0.000000000
47.280390000 163.923384217 186.525866543 -2.086324650 0.598196447 0.359195810 -0.368530730 -0.614267435 0.000000000
47.384120000 163.177811858 186.915679383 -2.055601148 0.598846837 0.358316306 -0.368513289 -0.614157835 0.000000000
47.487740000 162.382609251 187.353617721 -2.035990250 0.599888116 0.358255811 -0.367992321 -0.613488936 0.000000000
47.591510000 161.602747555 187.775417213 -2.013691460 0.601612611 0.358422999 -0.367485802 -0.612004416 0.000000000
47.695090000 160.809517029 188.192466162 -1.988264011 0.603445176 0.358566453 -0.366682466 -0.610596419 0.000000000
47.798710000 160.033059875 188.615230388 -1.965885638 0.603850684 0.358376130 -0.366726323 -0.610280841 0.000000000
47.902330000 159.237075969 189.041005424 -1.930993831 0.602801042 0.358299922 -0.367271665 -0.611034855 0.000000000
48.006070000 158.464552157 189.448595038 -1.905425661 0.601415894 0.357522032 -0.368841886 -0.611908965 0.000000000
48.109680000 157.677056635 189.868752512 -1.879827018 0.601131412 0.357220966 -0.370359758 -0.611447346 0.000000000
48.213880000 156.881759255 190.290619256 -1.852987959 0.602609096 0.358258836 -0.370845161 -0.609086817 0.000000000
48.316910000 156.093279485 190.705016217 -1.825669466 0.604180112 0.359819835 -0.371282036 -0.606337965 0.000000000
48.420530000 155.312478300 191.114929506 -1.805583911 0.605067302 0.361033491 -0.372178196 -0.604178590 0.000000000
48.524140000 154.521678078 191.519113378 -1.788784288 0.604804024 0.361191278 -0.373685196 -0.603417209 0.000000000
48.627780000 153.739974850 191.914450247 -1.769246379 0.603742905 0.361927098 -0.374660080 -0.603434424 0.000000000
48.731400000 152.947467252 192.322937420 -1.746246140 0.602187888 0.362496476 -0.375568800 -0.604081227 0.000000000
48.835360000 152.163390167 192.721085719 -1.728387125 0.600935960 0.363302599 -0.376258163 -0.604414583 0.000000000
48.938730000 151.387258675 193.101110930 -1.704809319 0.600406006 0.363667105 -0.376798186 -0.604385632 0.000000000
49.042590000 150.592753428 193.496763846 -1.672072313 0.599195269 0.365196649 -0.376286299 -0.604983519 0.000000000
49.146090000 149.812454138 193.877376721 -1.646390529 0.597226786 0.366144926 -0.375655683 -0.606746131 0.000000000
49.249830000 149.040192820 194.253225798 -1.619935555 0.595797396 0.366422298 -0.375617909 -0.608006044 0.000000000
49.353850000 148.269360176 194.636040669 -1.594147599 0.595451210 0.366259017 -0.375116566 -0.608752619 0.000000000
49.457610000 147.500833241 195.025523052 -1.561848731 0.595686443 0.366003324 -0.374479178 -0.609068611 0.000000000
49.560950000 146.741004065 195.400305164 -1.531744789 0.596151323 0.364963784 -0.374320189 -0.609335239 0.000000000
49.664690000 145.983859049 195.784974386 -1.501593819 0.597169884 0.364114062 -0.373889462 -0.609110622 0.000000000
49.768340000 145.233278126 196.175599107 -1.471391961 0.598191871 0.363139586 -0.373896447 -0.608685118 0.000000000
49.872030000 144.485621150 196.562351304 -1.441082939 0.599997797 0.361481445 -0.374487494 -0.607530184 0.000000000
49.975760000 143.746117284 196.959138410 -1.416971554 0.601183479 0.359296022 -0.375756623 -0.606870458 0.000000000
50.079370000 143.005946191 197.341080865 -1.390655234 0.600876778 0.358493772 -0.375338904 -0.607906259 0.000000000
50.183130000 142.265513424 197.727584315 -1.362228088 0.600992602 0.357837709 -0.375051238 -0.608355681 0.000000000
50.286730000 141.522619614 198.111717619 -1.332587951 0.601870991 0.356649816 -0.375739252 -0.607760014 0.000000000
50.390360000 140.795435506 198.510344100 -1.311526072 0.603317650 0.356780299 -0.375859783 -0.606172463 0.000000000
50.494100000 140.062767403 198.884400523 -1.283637079 0.604140096 0.358419979 -0.374597321 -0.605166680 0.000000000
50.597700000 139.331731809 199.252471106 -1.266489400 0.604193218 0.359682306 -0.374143630 -0.604645134 0.000000000
50.701310000 138.607488185 199.611729709 -1.235889296 0.603217449 0.360475652 -0.374631211 -0.604844996 0.000000000
50.805050000 137.884978952 199.985779755 -1.220855652 0.601432403 0.361039760 -0.375924186 -0.605483578 0.000000000
50.908670000 137.150443058 200.355576298 -1.194958992 0.599632564 0.361772809 -0.377169323 -0.606056536 0.000000000
51.012410000 136.431027829 200.706799391 -1.166689245 0.598283257 0.363099227 -0.378463241 -0.605790121 0.000000000
51.116030000 135.708849940 201.060696231 -1.141364509 0.596724929 0.364941776 -0.379611624 -0.605501341 0.000000000
51.219640000 134.987539336 201.397810516 -1.113997086 0.595536712 0.367248789 -0.380124530 -0.604954290 0.000000000
51.323380000 134.265971293 201.742221731 -1.087708748 0.594818190 0.369502341 -0.380358722 -0.604141195 0.000000000
51.427120000 133.547805306 202.079157529 -1.061744402 0.594388925 0.372151372 -0.380371272 -0.602928567 0.000000000
51.530760000 132.832644581 202.404793858 -1.034959893 0.593185449 0.375084856 -0.379868038 -0.602613183 0.000000000
51.634350000 132.122992145 202.736169030 -1.012271642 0.591944629 0.377029025 -0.379746707 -0.602696531 0.000000000
51.738100000 131.417284718 203.054331186 -0.988473645 0.590409411 0.378647310 -0.379269445 -0.603487887 0.000000000
51.841860000 130.717911964 203.365974941 -0.966933062 0.589054260 0.380529825 -0.378056649 -0.604388370 0.000000000
51.945450000 130.026925208 203.678256574 -0.941319470 0.588318997 0.381916058 -0.377106974 -0.604823290 0.000000000
52.049190000 129.347264748 203.990021454 -0.917101845 0.588134748 0.382750493 -0.376543715 -0.604825932 0.000000000
52.152940000 128.685390334 204.286756715 -0.894944389 0.587477688 0.383693535 -0.375494131 -0.605519112 0.000000000
52.256550000 128.034181174 204.577874352 -0.869543828 0.587086834 0.384467033 -0.374449437 -0.606054262 0.000000000
52.360310000 127.396448206 204.870771680 -0.850672518 0.586726381 0.385070882 -0.373569448 -0.606562805 0.000000000
52.463930000 126.771170533 205.159157075 -0.827803524 0.587048086 0.385199266 -0.372726541 -0.606688549 0.000000000
52.567650000 126.163565809 205.433770960 -0.805704288 0.587828391 0.384786524 -0.371313714 -0.607061149 0.000000000
52.671390000 125.560286191 205.728403947 -0.787130363 0.588310740 0.384131008 -0.370199594 -0.607689150 0.000000000
52.775000000 124.979492854 206.003444056 -0.765877610 0.588204319 0.383727962 -0.369032390 -0.608755801 0.000000000
52.878630000 124.410886162 206.273118735 -0.746594721 0.588493435 0.382318533 -0.368468960 -0.609703732 0.000000000
52.982360000 123.859183534 206.542825775 -0.727195790 0.589119368 0.380692873 -0.368461703 -0.610120710 0.000000000
53.085970000 123.324284812 206.808241234 -0.708139015 0.589870242 0.379087090 -0.368317287 -0.610482147 0.000000000
53.189580000 122.796483688 207.068169322 -0.690353861 0.590580792 0.378343489 -0.367109462 -0.610983777 0.000000000
53.293220000 122.285945257 207.325871159 -0.672149208 0.591569069 0.377521883 -0.365745682 -0.611353712 0.000000000
53.396940000 121.789192672 207.578975744 -0.652781901 0.592119455 0.376634658 -0.364239267 -0.612266805 0.000000000
53.500560000 121.315977305 207.819149648 -0.635564722 0.592973819 0.374894444 -0.363174469 -0.613139879 0.000000000
53.604330000 120.862303319 208.059900777 -0.618853188 0.594101795 0.373323153 -0.362062843 -0.613663897 0.000000000
53.707910000 120.423451800 208.296762312 -0.604355895 0.595175088 0.371984575 -0.360963165 -0.614084428 0.000000000
53.811530000 119.992224543 208.521283440 -0.590019465 0.596560155 0.370059494 -0.360232880 -0.614332340 0.000000000
53.915140000 119.588438818 208.738152764 -0.572939306 0.597790524 0.368942245 -0.358662465 -0.614727049 0.000000000
54.018910000 119.188014339 208.961171390 -0.559019081 0.599144740 0.367728669 -0.356922063 -0.615148638 0.000000000
54.122510000 118.808810311 209.163672634 -0.540403943 0.600621910 0.366232782 -0.355148309 -0.615626956 0.000000000
54.226140000 118.445393287 209.369816612 -0.528874561 0.601893247 0.364371925 -0.353767849 -0.616283967 0.000000000
54.329880000 118.098418509 209.571707132 -0.523720686 0.603312728 0.362258707 -0.352330693 -0.616964719 0.000000000
54.433600000 117.759116175 209.765258368 -0.509187298 0.604606053 0.359653456 -0.351207115 -0.617862828 0.000000000
54.537210000 117.457780727 209.944274592 -0.495836538 0.605507104 0.357219245 -0.350072949 -0.619035127 0.000000000
54.640830000 117.165284066 210.120193858 -0.489646788 0.606509053 0.354804781 -0.348862102 -0.620125446 0.000000000
54.744460000 116.896356631 210.284491051 -0.483227932 0.607366928 0.352596294 -0.347766775 -0.621159833 0.000000000
54.848060000 116.637620990 210.442098092 -0.473906893 0.608185132 0.350980213 -0.346302610 -0.622091825 0.000000000
54.951700000 116.402023397 210.591691851 -0.465539298 -0.609226183 -0.349606014 0.344945579 0.622600707 0.000000000
55.055430000 116.185023752 210.725824939 -0.458976071 -0.609911584 -0.348242814 0.343802324 0.623325568 0.000000000
55.159030000 115.997152735 210.852568507 -0.454649096 -0.610162798 -0.346097520 0.343752384 0.624301341 0.000000000
55.262650000 115.833072194 210.954810806 -0.442838586 -0.609550918 -0.343647835 0.344089431 0.626064140 0.000000000
55.366390000 115.695433363 211.048194614 -0.435008801 -0.609149254 -0.341751723 0.344344651 0.627351343 0.000000000
55.470020000 115.568912518 211.124905924 -0.426635740 -0.609718089 -0.341096703 0.343641914 0.627540538 0.000000000
55.573750000 115.466328420 211.191719531 -0.423566913 -0.610412480 -0.340937957 0.342991779 0.627307383 0.000000000
55.677360000 115.395005043 211.237958266 -0.419550118 -0.610316625 -0.340511648 0.342793778 0.627740282 0.000000000
55.780970000 115.324665689 211.280089581 -0.414891916 -0.609767382 -0.339780569 0.342930234 0.628595068 0.000000000
55.884590000 115.272005124 211.314353489 -0.414119976 -0.609445895 -0.339120431 0.343178300 0.629127721 0.000000000
55.988350000 115.226783003 211.345969849 -0.411577467 -0.609242709 -0.339013689 0.343311257 0.629309479 0.000000000
56.091960000 115.186018580 211.361217773 -0.407900551 -0.609397817 -0.338995772 0.343077090 0.629296654 0.000000000
56.195600000 115.171970875 211.379618330 -0.408069187 -0.609277327 -0.339055504 0.343182028 0.629323922 0.000000000
56.299200000 115.155798334 211.386101449 -0.408581983 -0.609209789 -0.338908410 0.343217189 0.629449350 0.000000000
56.402790000 115.145263734 211.390474877 -0.405127286 -0.609295147 -0.338903688 0.343146017 0.629408075 0.000000000
56.506450000 115.152336716 211.387559150 -0.405431826 -0.609286598 -0.338849076 0.343153807 0.629441506 0.000000000
56.610040000 115.156768438 211.382263451 -0.403975768 -0.608798384 -0.338826265 0.343203823 0.629898742 0.000000000
56.713640000 115.159072288 211.390453074 -0.401250939 -0.608112596 -0.338588982 0.343630519 0.630455897 0.000000000
56.817260000 115.154225973 211.378981671 -0.404196415 -0.607955078 -0.338453421 0.343489415 0.630757423 0.000000000
56.921000000 115.160512287 211.390259745 -0.403158322 -0.608155548 -0.338572821 0.343690056 0.630390688 0.000000000
57.024630000 115.160193777 211.386337898 -0.407742261 -0.608042853 -0.338392361 0.343797995 0.630537419 0.000000000
57.128230000 115.156416876 211.380239546 -0.406306299 -0.607945151 -0.338358069 0.343633547 0.630739642 0.000000000
57.231970000 115.148448994 211.389074753 -0.405435473 -0.607867159 -0.338298439 0.343817506 0.630746546 0.000000000
57.335740000 115.143896656 211.397238826 -0.405281608 -0.607699263 -0.338136840 0.344022877 0.630882987 0.000000000
57.439330000 115.131857966 211.401251504 -0.404812442 -0.607718764 -0.338080249 0.343953219 0.630932509 0.000000000
57.542960000 115.116568904 211.406115443 -0.402597651 -0.607771278 -0.338112014 0.343870673 0.630909898 0.000000000
57.646570000 115.094729177 211.424231336 -0.404041136 -0.607726914 -0.337990114 0.343968406 0.630964671 0.000000000
57.750390000 115.081934343 211.439933822 -0.401709880 -0.607628281 -0.338042091 0.344069129 0.630976902 0.000000000
57.853970000 115.052677653 211.458336834 -0.401787009 -0.607354822 -0.337790495 0.344223213 0.631290806 0.000000000
57.957680000 115.017558193 211.476691767 -0.405553964 -0.606695368 -0.337163754 0.344477423 0.632120746 0.000000000
58.061270000 114.967081706 211.507782086 -0.401243506 -0.606072451 -0.336462921 0.344686869 0.632976973 0.000000000
58.164910000 114.898003095 211.553655147 -0.395468365 -0.605638710 -0.335728632 0.344621376 0.633817123 0.000000000
58.268620000 114.816220920 211.609701791 -0.394122550 -0.605689322 -0.334749128 0.344225148 0.634501784 0.000000000
58.372240000 114.717494404 211.676254469 -0.385886311 -0.606086434 -0.333220181 0.343414009 0.635366322 0.000000000
58.475980000 114.605173099 211.759340924 -0.380198617 -0.606522228 -0.330975522 0.342264129 0.636742693 0.000000000
58.579590000 114.470300044 211.856433401 -0.371379618 -0.607422055 -0.328245107 0.340241757 0.638380094 0.000000000
58.683350000 114.348702291 211.952914146 -0.364827865 -0.608872047 -0.325206669 0.337228491 0.640150294 0.000000000
58.786950000 114.192411247 212.063319556 -0.350932910 -0.610800700 -0.321639379 0.333107046 0.642269655 0.000000000
58.890710000 114.027927999 212.195842748 -0.347049975 -0.612565174 -0.317305440 0.328550769 0.645085697 0.000000000
58.994310000 113.850981046 212.337159972 -0.334834274 -0.615568885 -0.312207404 0.323027451 0.647498842 0.000000000
59.098080000 113.671879570 212.500800046 -0.323409849 -0.620373857 -0.306338201 0.316752702 0.648815004 0.000000000
59.201790000 113.479771939 212.670740800 -0.305707104 -0.625505193 -0.299595065 0.308781225 0.650876490 0.000000000
59.305420000 113.301742428 212.848771388 -0.291820861 -0.629287136 -0.292115534 0.300880522 0.654321883 0.000000000
59.409140000 113.121310784 213.048586455 -0.282591074 -0.633462987 -0.282327798 0.293356999 0.657994932 0.000000000
59.513100000 112.950443003 213.241953624 -0.268337574 -0.638489799 -0.271358631 0.284215024 0.661753044 0.000000000
59.616750000 112.763956066 213.473640176 -0.252656489 -0.644222311 -0.258782431 0.274437464 0.665352046 0.000000000
59.720500000 112.598770519 213.708141434 -0.244792922 -0.650468242 -0.244864350 0.263758984 0.668852535 0.000000000
59.824230000 112.426780978 213.966301328 -0.232967695 -0.657680918 -0.230577995 0.250292373 0.672044140 0.000000000
59.928100000 112.262760150 214.228619810 -0.214505929 -0.665066256 -0.216267465 0.234371641 0.675266757 0.000000000
60.032120000 112.095092740 214.516871562 -0.207973574 -0.671141292 -0.201383989 0.216374230 0.679850019 0.000000000
60.135780000 111.942669582 214.820875157 -0.198108378 -0.676835367 -0.184781892 0.197563948 0.684629845 0.000000000
60.239770000 111.805890405 215.141212423 -0.192085360 -0.682898414 -0.165957462 0.179179211 0.688478530 0.000000000
60.343300000 111.695805595 215.479347383 -0.179442492 -0.688815148 -0.145312722 0.161024029 0.691729114 0.000000000
60.447190000 111.606564963 215.838850804 -0.170202418 -0.693324745 -0.123422330 0.142297243 0.695571148 0.000000000
60.551000000 111.528649964 216.214745028 -0.162530129 -0.696228055 -0.101578709 0.121866853 0.700069091 0.000000000
60.654780000 111.469011492 216.599684653 -0.159685722 -0.697804223 -0.078853537 0.100124708 0.704859155 0.000000000
60.758610000 111.423892331 216.987259873 -0.164446133 -0.699075850 -0.056124898 0.076450399 0.708730053 0.000000000
60.862280000 111.407971612 217.410178561 -0.162232410 -0.700735557 -0.032961458 0.052491952 0.710723445 0.000000000
60.966000000 111.433120810 217.845284544 -0.159709290 -0.702915226 -0.009162232 0.030282829 0.710569623 0.000000000
61.069630000 111.475906191 218.307411364 -0.154134504 -0.703986206 0.014764462 0.009617918 0.709995020 0.000000000
61.173270000 111.539526049 218.771111342 -0.146721718 -0.704442824 0.038569710 -0.010229253 0.708638164 0.000000000
61.276850000 111.644913226 219.238289779 -0.144583359 -0.703681448 0.060402227 -0.029685051 0.707320852 0.000000000
61.380460000 111.776516593 219.715961899 -0.141009971 -0.701865131 0.080438259 -0.048120676 0.706115730 0.000000000
61.483950000 111.925004834 220.204898374 -0.145656033 -0.698977115 0.098314552 -0.066123958 0.705260848 0.000000000
61.587570000 112.095262352 220.711382809 -0.149894127 -0.696413421 0.114633208 -0.082997382 0.703547446 0.000000000
61.691060000 112.291588868 221.223449568 -0.143625755 -0.694715147 0.130023564 -0.097867749 0.700633029 0.000000000
61.794550000 112.519845137 221.741517316 -0.141366952 -0.693163209 0.143468371 -0.110465885 0.697666740 0.000000000
61.897900000 112.759698002 222.271600161 -0.144684583 -0.691508169 0.154880998 -0.121399792 0.695047063 0.000000000
62.002740000 113.020015583 222.808200451 -0.145706451 -0.689790729 0.165066742 -0.129832563 0.692881828 0.000000000
62.104790000 113.300514770 223.364921144 -0.146371484 -0.688244812 0.173413826 -0.136083813 0.691178645 0.000000000
62.208130000 113.582535517 223.921445628 -0.145094342 -0.687106466 0.179889790 -0.141253647 0.689617122 0.000000000
62.311500000 113.885363073 224.493103757 -0.140601311 -0.686336365 0.184205071 -0.145392027 0.688383647 0.000000000
62.414860000 114.194519497 225.077853159 -0.147994880 -0.685260554 0.187517390 -0.148774116 0.687838254 0.000000000
62.518230000 114.518586632 225.676196886 -0.149776214 -0.684376799 0.190268941 -0.151623192 0.687340189 0.000000000
62.621740000 114.852227441 226.299301459 -0.155880668 -0.683275183 0.192811338 -0.153636049 0.687280712 0.000000000
62.725220000 115.186958631 226.911409363 -0.154604377 -0.682742449 0.194329575 -0.154824759 0.687115753 0.000000000
62.828700000 115.535207791 227.544491160 -0.155717028 -0.682638093 0.195563209 -0.155491451 0.686718773 0.000000000
62.932200000 115.894529123 228.190716325 -0.158396191 -0.682835232 0.196245834 -0.156014973 0.686209113 0.000000000
63.035810000 116.257232882 228.859086412 -0.162174192 -0.683509790 0.196677463 -0.156408425 0.685323826 0.000000000
63.139420000 116.621899632 229.527683731 -0.167456559 -0.684239328 0.197474180 -0.156213371 0.684410603 0.000000000
63.242920000 117.007170049 230.223517390 -0.172339552 -0.684438426 0.197468803 -0.155911680 0.684281858 0.000000000
63.346530000 117.393544691 230.924599772 -0.179992266 -0.683974842 0.196821729 -0.155300903 0.685070254 0.000000000
63.450150000 117.784814653 231.637928213 -0.185925421 -0.682763577 0.196487971 -0.154342423 0.686589245 0.000000000
63.553890000 118.169700849 232.357749610 -0.189728713 -0.681023823 0.194734945 -0.155172452 0.688626433 0.000000000
63.657500000 118.562142093 233.101474175 -0.187873107 -0.679922946 0.193610427 -0.156192030 0.689799855 0.000000000
63.761250000 118.970167542 233.846160453 -0.180419504 -0.680434001 0.192703027 -0.156851554 0.689400249 0.000000000
63.864990000 119.385933796 234.616434364 -0.186774883 -0.682590128 0.193235291 -0.156254493 0.687252044 0.000000000
63.968620000 119.808194906 235.400495979 -0.187584885 -0.685814263 0.194376037 -0.155348234 0.683917890 0.000000000
64.072220000 120.232286419 236.182913965 -0.186304980 -0.687422600 0.195807441 -0.154030164 0.682190826 0.000000000
64.175970000 120.659998747 236.973797771 -0.194273870 -0.686312861 0.196755464 -0.152845650 0.683300924 0.000000000
64.279620000 121.096773581 237.774682277 -0.205828959 -0.683645469 0.196565701 -0.152294881 0.686146534 0.000000000
64.383180000 121.533232362 238.576724836 -0.210843240 -0.681072810 0.196306506 -0.151694701 0.688906598 0.000000000
64.486930000 121.986120710 239.413881688 -0.208340134 -0.679685364 0.195331286 -0.151769833 0.690535598 0.000000000
64.590710000 122.436112920 240.256402003 -0.203412959 -0.679347763 0.194981655 -0.151788304 0.690962432 0.000000000
64.694300000 122.882319074 241.113489662 -0.194464788 -0.680323787 0.194363657 -0.152174109 0.690090831 0.000000000
64.797940000 123.343635944 241.957308190 -0.191061283 -0.682826956 0.194002227 -0.152013922 0.687751592 0.000000000
64.901640000 123.811520870 242.830817379 -0.191127861 -0.685304169 0.194455714 -0.151600617 0.685246251 0.000000000
65.005340000 124.288142646 243.716627814 -0.191414951 -0.686546555 0.195150519 -0.151100896 0.683914192 0.000000000
65.108990000 124.756741216 244.598948391 -0.201709488 -0.685710933 0.195579405 -0.150973774 0.684657675 0.000000000
65.212830000 125.239551600 245.488636881 -0.215893398 -0.683974285 0.195719693 -0.150887889 0.686371492 0.000000000
65.316220000 125.722887621 246.394647312 -0.223034373 -0.682611208 0.195467793 -0.150870511 0.687802566 0.000000000
65.419850000 126.215944864 247.296031134 -0.221238092 -0.682161330 0.195545517 -0.150274058 0.688357159 0.000000000
65.523620000 126.708518856 248.209498362 -0.221564612 -0.682299265 0.195193921 -0.149843593 0.688414079 0.000000000
65.627110000 127.194726405 249.128333272 -0.220706854 -0.683283775 0.195608770 -0.148587033 0.687591728 0.000000000
65.730790000 127.678135266 250.034570445 -0.220123680 -0.684651690 0.195080867 -0.147709494 0.686569315 0.000000000
65.834430000 128.157153029 250.956425713 -0.217567002 -0.684028296 0.195039844 -0.146703829 0.687417440 0.000000000
65.938040000 128.655044308 251.883721021 -0.223433115 -0.681834203 0.194412736 -0.145838755 0.689954248 0.000000000
66.041660000 129.131695111 252.809456487 -0.220654759 -0.680555638 0.193348041 -0.146135609 0.691451330 0.000000000
66.145270000 129.617513541 253.743443729 -0.210629530 -0.680354935 0.192746457 -0.145913267 0.691863632 0.000000000
66.248940000 130.086696895 254.673829391 -0.193961052 -0.681337976 0.191521959 -0.146102002 0.691196141 0.000000000
66.352630000 130.580903617 255.595974987 -0.184399847 -0.682894632 0.191042365 -0.145323327 0.689955699 0.000000000
66.456240000 131.066696965 256.535140186 -0.180225973 -0.684875549 0.190235290 -0.144905956 0.688301011 0.000000000
66.559860000 131.555775480 257.474697460 -0.177757016 -0.686376028 0.189318243 -0.144540762 0.687135008 0.000000000
66.663590000 132.017721740 258.412479042 -0.167961622 -0.687045073 0.188474088 -0.145253819 0.686547824 0.000000000
66.767240000 132.490016216 259.339216545 -0.172116685 -0.686665892 0.188111362 -0.145403626 0.686994799 0.000000000
66.870960000 132.972350621 260.278576912 -0.164557577 -0.685994188 0.188545368 -0.145230458 0.687583254 0.000000000
66.974570000 133.442839906 261.182785878 -0.166638876 -0.684748257 0.187979948 -0.145802467 0.688857753 0.000000000
67.078310000 133.913993932 262.102344938 -0.161540636 -0.683321544 0.188134953 -0.145660115 0.690260848 0.000000000
67.181930000 134.378587692 263.007291182 -0.153905974 -0.682839171 0.187770738 -0.146007589 0.690763780 0.000000000
67.285670000 134.854677937 263.919307249 -0.144733877 -0.683542176 0.187699628 -0.146061429 0.690076084 0.000000000
67.389280000 135.313583277 264.839417999 -0.136982423 -0.684707834 0.187214360 -0.147025177 0.688846545 0.000000000
67.492970000 135.780720211 265.747902496 -0.131456248 -0.685318938 0.187050004 -0.147592700 0.688161787 0.000000000
67.596630000 136.241864679 266.661393569 -0.127230734 -0.685824721 0.186416197 -0.148297602 0.687678177 0.000000000
67.700270000 136.708619581 267.572359352 -0.129855654 -0.687181695 0.186250858 -0.148710118 0.686277813 0.000000000
67.803900000 137.180328295 268.482082862 -0.121594210 -0.689144893 0.186383726 -0.148900739 0.684228758 0.000000000
67.907590000 137.653638807 269.389882438 -0.125305773 -0.689374002 0.185477900 -0.149798549 0.684048119 0.000000000
68.011290000 138.115696579 270.300460443 -0.128293865 -0.687849384 0.184327805 -0.151472378 0.685523599 0.000000000
68.114970000 138.566593452 271.190990336 -0.132566948 -0.686502055 0.183201602 -0.152928648 0.686851462 0.000000000
68.218650000 139.033797315 272.104318760 -0.132390470 -0.685793938 0.182264688 -0.154322064 0.687496152 0.000000000
68.322220000 139.499681269 273.004378565 -0.126252709 -0.685775315 0.181161837 -0.155395202 0.687564497 0.000000000
68.425940000 139.968339908 273.921518392 -0.124276623 -0.685506664 0.180437146 -0.156530373 0.687765434 0.000000000
68.529590000 140.420663550 274.819058576 -0.113703816 -0.685948498 0.180481274 -0.156660045 0.687283637 0.000000000
68.633170000 140.905219336 275.729365969 -0.105143695 -0.686939191 0.180695775 -0.156246897 0.686331182 0.000000000
68.736910000 141.380344839 276.636675808 -0.106306911 -0.687394028 0.180938318 -0.155775028 0.685919030 0.000000000
68.840530000 141.850570798 277.545974924 -0.112708995 -0.687526152 0.180780272 -0.155520183 0.685886110 0.000000000
68.944270000 142.333573537 278.458633803 -0.104565155 -0.687537903 0.180729979 -0.155866698 0.685808923 0.000000000
69.047890000 142.808673504 279.369451183 -0.105430365 -0.687603848 0.181279445 -0.155863442 0.685598497 0.000000000
69.151620000 143.279869042 280.273873657 -0.104804917 -0.687551349 0.181564268 -0.156332699 0.685468925 0.000000000
69.255320000 143.773657957 281.216825211 -0.105897031 -0.687231300 0.181964037 -0.156330722 0.685684282 0.000000000
69.359000000 144.250202321 282.149536811 -0.108551757 -0.687203220 0.181935175 -0.156806960 0.685611335 0.000000000
69.462640000 144.737696759 283.085075033 -0.113870477 -0.687667186 0.181980584 -0.157043009 0.685079851 0.000000000
69.566330000 145.225415764 284.010321334 -0.111234493 -0.687066197 0.182628264 -0.156642056 0.685602089 0.000000000
69.669950000 145.717744326 284.959863753 -0.113775473 -0.685599666 0.181739958 -0.157623127 0.687079788 0.000000000
69.773710000 146.211723224 285.909071548 -0.115016916 -0.684433828 0.181501993 -0.157762167 0.688272083 0.000000000
69.877300000 146.711842521 286.867446868 -0.112987810 -0.685215388 0.182380094 -0.156840001 0.687472608 0.000000000
69.980930000 147.204531963 287.815022323 -0.107106737 -0.686962074 0.182742426 -0.156485423 0.685711766 0.000000000
70.084660000 147.703982663 288.777681191 -0.104921925 -0.687960292 0.182931379 -0.156628881 0.684627009 0.000000000
70.188400000 148.199565098 289.741914062 -0.102833595 -0.688602576 0.183675193 -0.156327882 0.683850502 0.000000000
70.292030000 148.699935407 290.687447996 -0.108224656 -0.689188373 0.183818613 -0.156055789 0.683283759 0.000000000
70.395630000 149.202459995 291.639269621 -0.110743441 -0.689044044 0.184617606 -0.155205667 0.683407526 0.000000000
70.499370000 149.691693312 292.574436793 -0.113364452 -0.688193184 0.185133873 -0.154566086 0.684269622 0.000000000
70.602990000 150.185628693 293.516663038 -0.114171927 -0.687156108 0.185146684 -0.154358562 0.685354377 0.000000000
70.706610000 150.674370209 294.455255247 -0.114064099 -0.686499048 0.185975459 -0.153552534 0.685969245 0.000000000
70.810370000 151.165179933 295.399799490 -0.116675756 -0.686725298 0.186445588 -0.152724707 0.685799951 0.000000000
70.913960000 151.664273015 296.337825427 -0.117465102 -0.687534027 0.187530999 -0.151427723 0.684980825 0.000000000
71.017600000 152.148218546 297.266211253 -0.122131665 -0.688465207 0.188667519 -0.149987853 0.684049611 0.000000000
71.121200000 152.654327165 298.207751429 -0.125733552 -0.688723017 0.189735032 -0.148342281 0.683853633 0.000000000
71.224820000 153.134340618 299.131911233 -0.130514393 -0.687473597 0.190433673 -0.147533850 0.685090382 0.000000000
71.328430000 153.620174067 300.047044326 -0.136490450 -0.685664437 0.190856315 -0.146843296 0.686931724 0.000000000
71.432160000 154.099485165 300.962899706 -0.138679159 -0.685095013 0.191037252 -0.146262507 0.687573175 0.000000000
71.535850000 154.577710793 301.884683156 -0.134275614 -0.685434549 0.191443287 -0.145552141 0.687272523 0.000000000
71.639400000 155.057568058 302.795435954 -0.136836254 -0.686043317 0.191979364 -0.144163606 0.686808085 0.000000000
71.743010000 155.510596275 303.706134137 -0.133671517 -0.686942705 0.192576184 -0.143032936 0.685977924 0.000000000
71.846650000 155.981852267 304.586956999 -0.138758437 -0.687670447 0.193193773 -0.141584435 0.685375349 0.000000000
71.950250000 156.442406163 305.466069143 -0.139606304 -0.688021361 0.193525406 -0.140319534 0.685189720 0.000000000
72.053920000 156.896080227 306.353004213 -0.147263868 -0.687458780 0.193792010 -0.139245516 0.685897783 0.000000000
72.157490000 157.333414132 307.217453996 -0.149738703 -0.686885201 0.193889915 -0.138720082 0.686550916 0.000000000
72.261240000 157.777959185 308.085211894 -0.153511995 -0.686435548 0.193196233 -0.138526734 0.687234893 0.000000000
72.364830000 158.210284107 308.941724515 -0.157335142 -0.686360757 0.192536695 -0.138646142 0.687470566 0.000000000
72.468450000 158.634373004 309.780798940 -0.157534422 -0.686491242 0.192245529 -0.138480622 0.687455125 0.000000000
72.572060000 159.063041075 310.612088504 -0.159061414 -0.686935593 0.191871305 -0.138134646 0.687185356 0.000000000
72.675720000 159.472430428 311.443453829 -0.154809797 -0.687641138 0.191380402 -0.138461278 0.686550568 0.000000000
72.779440000 159.881891303 312.267188059 -0.156980285 -0.687345489 0.190302256 -0.139516628 0.686932559 0.000000000
72.883040000 160.281482057 313.065099946 -0.158749187 -0.686635620 0.189876493 -0.140007078 0.687660135 0.000000000
72.986770000 160.680195697 313.856764020 -0.158446635 -0.686096926 0.190265251 -0.140134194 0.688064350 0.000000000
73.090510000 161.071042765 314.634504732 -0.154616443 -0.686376781 0.190620784 -0.140630761 0.687585355 0.000000000
73.194190000 161.453334744 315.387222920 -0.151427666 -0.686465245 0.191072755 -0.141366308 0.687220661 0.000000000
73.297870000 161.837821478 316.136953000 -0.150972152 -0.686617774 0.192333043 -0.141316896 0.686726705 0.000000000
73.401490000 162.219006831 316.852909493 -0.154757170 -0.686360068 0.193449565 -0.141081599 0.686719088 0.000000000
73.505110000 162.583332381 317.563794805 -0.146171083 -0.686684685 0.194336725 -0.141443319 0.686069361 0.000000000
73.608900000 162.945943068 318.248077715 -0.150127012 -0.686875608 0.196104814 -0.140870097 0.685492827 0.000000000
73.712560000 163.292273991 318.909648256 -0.152944165 -0.687271330 0.196990342 -0.141014867 0.684812187 0.000000000
73.816140000 163.626241263 319.548320740 -0.152128107 -0.687869341 0.197050105 -0.142138517 0.683961744 0.000000000
73.919840000 163.949573032 320.165106083 -0.151997504 -0.687788808 0.197747198 -0.142562873 0.683753193 0.000000000
74.023430000 164.266233987 320.762995522 -0.149870847 -0.686541755 0.197926123 -0.143322517 0.684795097 0.000000000
74.127170000 164.570184921 321.337160390 -0.150236032 -0.684574429 0.197905078 -0.144363876 0.686549708 0.000000000
74.230880000 164.867275057 321.891975677 -0.151426122 -0.683675694 0.197943747 -0.145128284 0.687272581 0.000000000
74.334400000 165.151151151 322.435733221 -0.151169952 -0.683882386 0.198320646 -0.145483414 0.686883090 0.000000000
74.438030000 165.423117321 322.956460306 -0.156396050 -0.684796854 0.198737676 -0.145377289 0.685873201 0.000000000
74.541650000 165.703208511 323.463578047 -0.147510827 -0.686009226 0.198943000 -0.144726077 0.684738920 0.000000000
74.645260000 165.951301872 323.949345561 -0.145992405 -0.686594418 0.198277899 -0.143900227 0.684519324 0.000000000
74.748860000 166.194266603 324.412668008 -0.147494380 -0.686104781 0.196183044 -0.143439225 0.685709582 0.000000000
74.852540000 166.409783622 324.862654413 -0.144835970 -0.685384946 0.193628139 -0.142254889 0.687400296 0.000000000
74.955960000 166.612112520 325.287603461 -0.144497239 -0.685200746 0.190286689 -0.139967071 0.688984857 0.000000000
75.059610000 166.810347302 325.718092898 -0.142438748 -0.685743950 0.186015924 -0.136001252 0.690403484 0.000000000
75.163080000 167.004673608 326.105909307 -0.136403518 -0.686622974 0.180377795 -0.130536912 0.692078649 0.000000000
75.266650000 167.168788962 326.519710139 -0.135277210 -0.687705066 0.173113805 -0.124912615 0.693894942 0.000000000
75.370050000 167.317025201 326.935715393 -0.127957323 -0.689517533 0.164643998 -0.118389441 0.695299839 0.000000000
75.473540000 167.444790444 327.356971408 -0.123001822 -0.691974721 0.155118747 -0.110294414 0.696379424 0.000000000
75.577070000 167.558385328 327.760871477 -0.113789466 -0.694869529 0.145400845 -0.099593573 0.697205889 0.000000000
75.680410000 167.676369898 328.184187056 -0.112164561 -0.696980132 0.133372763 -0.086673881 0.699226745 0.000000000
75.783770000 167.754228439 328.584719993 -0.107028048 -0.698700478 0.119561433 -0.072887599 0.701576869 0.000000000
75.887280000 167.811279674 329.000113579 -0.097475841 -0.701031928 0.103326306 -0.058566353 0.703169889 0.000000000
75.990620000 167.843753903 329.414767104 -0.094889050 -0.703467490 0.086214347 -0.043822762 0.704116569 0.000000000
76.094110000 167.854489537 329.824219552 -0.088678213 -0.705936178 0.069048173 -0.027937899 0.704347880 0.000000000
76.197600000 167.859322792 330.216316517 -0.088695143 -0.707831580 0.052169516 -0.009919644 0.704382280 0.000000000
76.300970000 167.868574501 330.542320524 -0.071174622 -0.709620729 0.033004106 0.007475565 0.703770748 0.000000000
76.404460000 167.814200906 330.948771036 -0.066630013 -0.710222632 0.011591024 0.024703651 0.703448073 0.000000000
76.507950000 167.746270508 331.352206911 -0.060166735 -0.710604798 -0.010835277 0.042797434 0.702204954 0.000000000
76.611340000 167.652351905 331.766552516 -0.056348842 -0.710828580 -0.032234051 0.062767612 0.699817063 0.000000000
76.714820000 167.535673417 332.192450898 -0.056610142 -0.710159186 -0.052453006 0.084969602 0.696923797 0.000000000
76.818440000 167.390600000 332.632157597 -0.054078510 -0.708150330 -0.072290504 0.108282287 0.693953989 0.000000000
76.921990000 167.213597395 333.063484538 -0.048467443 -0.706003145 -0.092709144 0.131678965 0.689655874 0.000000000
77.025530000 167.015337103 333.486789310 -0.048555930 -0.702481411 -0.113797884 0.155488451 0.685122799 0.000000000
77.129020000 166.812135486 333.891925921 -0.056710929 -0.696872240 -0.134904358 0.180942417 0.680756738 0.000000000
77.232630000 166.547141399 334.316149156 -0.056306744 -0.690024683 -0.156006484 0.206517554 0.675927817 0.000000000
77.336250000 166.240982822 334.696154096 -0.045461194 -0.681490774 -0.179229899 0.229290247 0.671470737 0.000000000
77.439860000 165.863537127 335.066968130 -0.027545226 -0.672674311 -0.202091167 0.250875522 0.666130546 0.000000000
77.543570000 165.495753822 335.438461920 -0.015349701 -0.662598596 -0.224097686 0.275189902 0.659555794 0.000000000
77.647090000 165.100757192 335.788425580 0.003301113 -0.653969108 -0.242775925 0.300883036 0.650271985 0.000000000
77.750840000 164.662572882 336.135393318 0.011163010 -0.645281645 -0.264376260 0.321777722 0.640449756 0.000000000
77.854700000 164.207521024 336.452880389 0.023006006 -0.636385841 -0.287990411 0.337808001 0.630840978 0.000000000
77.958590000 163.714235991 336.722695689 0.046573828 -0.627561521 -0.310233470 0.349657047 0.622624832 0.000000000
78.062560000 163.205465314 336.989033646 0.064530299 -0.618159381 -0.329133767 0.360556834 0.616075249 0.000000000
78.166570000 162.660052735 337.265556351 0.088560628 0.610749457 0.343368543 -0.370471323 -0.609782045 0.000000000
78.270660000 162.120435925 337.506044485 0.096258414 0.606279211 0.354802487 -0.376642651 -0.603888257 0.000000000
78.374790000 161.567780941 337.759202738 0.106919630 0.603622995 0.362862870 -0.381694105 -0.598564472 0.000000000
78.479010000 161.005485877 338.009325831 0.126899345 0.600703286 0.369123499 -0.385274304 -0.595371409 0.000000000
78.583150000 160.433759017 338.257778752 0.137935105 0.596274930 0.372599268 -0.387529271 -0.596193809 0.000000000
78.687370000 159.855970222 338.493262342 0.156184096 0.591448733 0.372885344 -0.389712776 -0.599390414 0.000000000
78.791490000 159.293344163 338.749725202 0.165783439 0.587136744 0.371697791 -0.392323600 -0.602655282 0.000000000
78.895610000 158.702070508 339.019792163 0.184126086 0.586343089 0.369860022 -0.393926327 -0.603512548 0.000000000
78.999750000 158.099216660 339.302411890 0.209285187 0.588136597 0.369173175 -0.393944741 -0.602174435 0.000000000
79.103610000 157.481495848 339.585769633 0.240279268 0.590493610 0.368919454 -0.393476713 -0.600326418 0.000000000
79.207550000 156.851365709 339.879532590 0.268240901 0.591003796 0.369591081 -0.392526255 -0.600033403 0.000000000
79.311380000 156.212981674 340.170119046 0.291877883 0.590631264 0.369841054 -0.391586236 -0.600859821 0.000000000
79.415180000 155.570392059 340.462840081 0.315589391 0.589894993 0.370722651 -0.389828432 -0.602181374 0.000000000
79.518970000 154.903491807 340.770949026 0.342880526 0.589199065 0.370671945 -0.387932105 -0.604115429 0.000000000
79.622670000 154.238120759 341.080509790 0.365941796 0.589131591 0.369825919 -0.385897398 -0.605999964 0.000000000
79.726400000 153.548475458 341.407752328 0.395707451 0.589714246 0.369406397 -0.383560931 -0.607171338 0.000000000
79.830150000 152.850013326 341.746339458 0.419422379 0.591243757 0.368986167 -0.381312159 -0.607355798 0.000000000
79.933870000 152.134663796 342.085528924 0.449295928 0.592721180 0.369327488 -0.378265456 -0.607613408 0.000000000
80.037500000 151.412703426 342.438379614 0.476943854 0.593744321 0.368903530 -0.376519841 -0.607956146 0.000000000
80.141270000 150.664943046 342.810604966 0.498867358 0.593639967 0.367878258 -0.375770940 -0.609141508 0.000000000
80.244850000 149.919245215 343.186352851 0.520024578 0.593741234 0.365873530 -0.375903683 -0.610167459 0.000000000
80.348500000 149.158596410 343.570881983 0.542637164 0.595104051 0.364143141 -0.375360917 -0.610209081 0.000000000
80.452210000 148.372985350 343.969486607 0.569249896 0.597046174 0.364114871 -0.373664819 -0.609369207 0.000000000
80.555830000 147.584875114 344.371149186 0.592136126 0.599420901 0.363837875 -0.371995374 -0.608223664 0.000000000
80.659450000 146.789582284 344.783769755 0.614042176 0.601730375 0.363454938 -0.370717733 -0.606950925 0.000000000
80.763190000 145.996133391 345.203321925 0.632438806 0.602944530 0.362541839 -0.370115354 -0.606659651 0.000000000
80.866800000 145.175207975 345.627688664 0.653171064 0.602806269 0.362030857 -0.369044310 -0.607753698 0.000000000
80.970420000 144.369668776 346.048426220 0.669680223 0.601366778 0.361236247 -0.368762353 -0.609820218 0.000000000
81.074090000 143.562549834 346.469042161 0.694922320 0.600699422 0.360005255 -0.369199556 -0.610940348 0.000000000
81.177670000 142.756783087 346.895305471 0.721500639 0.600753733 0.359729777 -0.369361277 -0.610951461 0.000000000
81.281390000 141.929220000 347.333202728 0.751529981 0.601066713 0.359847201 -0.369284935 -0.610620532 0.000000000
81.385030000 141.108240422 347.766791937 0.778673723 0.601415408 0.359982213 -0.369718591 -0.609934814 0.000000000
81.488620000 140.285044850 348.193413362 0.805485449 0.601555168 0.360361668 -0.369914436 -0.609453984 0.000000000
81.592230000 139.466425671 348.616939054 0.835953071 0.601224306 0.361638609 -0.369350601 -0.609366051 0.000000000
81.695850000 138.648147370 349.035648876 0.861860686 0.600738670 0.362932059 -0.368817650 -0.609398812 0.000000000
81.799470000 137.833548182 349.456099644 0.887657991 0.600475100 0.363535854 -0.368878933 -0.609261577 0.000000000
81.903080000 137.022799513 349.872295884 0.914745548 0.600588202 0.363668442 -0.369291843 -0.608820672 0.000000000
82.006700000 136.202666011 350.290314207 0.938519408 0.599557777 0.364867300 -0.368889943 -0.609362401 0.000000000
82.110320000 135.391644494 350.701915007 0.963544840 0.598588776 0.364931561 -0.369690686 -0.609791136 0.000000000
82.214070000 134.576392935 351.125929585 0.989662450 0.597906139 0.365079941 -0.371510222 -0.609265985 0.000000000
82.317670000 133.770977598 351.519934402 1.018464841 0.597961194 0.366846641 -0.371860981 -0.607935328 0.000000000
82.421410000 132.949473876 351.927156065 1.041039972 0.598265256 0.369310109 -0.371916655 -0.606107853 0.000000000
82.525020000 132.117902934 352.321792088 1.068506418 0.598013456 0.371441891 -0.371766924 -0.605144761 0.000000000
82.628780000 131.305577833 352.717591654 1.090963993 0.596048853 0.373385385 -0.371748212 -0.605897999 0.000000000
82.732380000 130.490730281 353.105034206 1.112511935 0.594681731 0.374762444 -0.371754141 -0.606387341 0.000000000
82.836140000 129.685940006 353.496640175 1.141780461 0.592795040 0.374637865 -0.373506975 -0.607233934 0.000000000
82.939730000 128.880799751 353.890180544 1.169372933 0.592213265 0.374026208 -0.375055864 -0.607223965 0.000000000
83.043500000 128.059431604 354.286065089 1.191394301 0.592595918 0.374823684 -0.375068815 -0.606350285 0.000000000
83.147220000 127.242388557 354.672291732 1.218326556 0.592949404 0.375500524 -0.374422795 -0.605985092 0.000000000
83.250970000 126.440028132 355.057162303 1.243968789 0.593763656 0.375375033 -0.374236834 -0.605380127 0.000000000
83.354570000 125.637059822 355.448286957 1.267919557 0.592462064 0.374645814 -0.374221743 -0.607113914 0.000000000
83.458190000 124.826014437 355.838030882 1.294763875 0.592395353 0.373778604 -0.373018619 -0.608452472 0.000000000
83.561980000 124.030293740 356.227642858 1.323936785 0.592596828 0.373792143 -0.371204131 -0.609356977 0.000000000
83.665550000 123.233181523 356.618294964 1.352357363 0.594192098 0.372970461 -0.369352928 -0.609431868 0.000000000
83.769380000 122.429594601 357.028325864 1.378283502 0.595339608 0.372234319 -0.367254681 -0.610029805 0.000000000
83.872920000 121.640002892 357.430152029 1.405946042 0.596716611 0.371031829 -0.365308614 -0.610585199 0.000000000
83.976710000 120.847743609 357.828899896 1.429242914 0.598087842 0.369342695 -0.363635281 -0.611266136 0.000000000
84.080130000 120.061805620 358.236043091 1.447959488 0.599104914 0.367775838 -0.362226422 -0.612050859 0.000000000
84.183750000 119.270460242 358.670967105 1.473177663 0.599902246 0.365575264 -0.361310392 -0.613128716 0.000000000
84.287600000 118.494114973 359.086896375 1.496701213 0.600224747 0.363692040 -0.360066877 -0.614662670 0.000000000
84.391160000 117.725313281 359.500808399 1.518960562 0.600457488 0.362027514 -0.358596351 -0.616275540 0.000000000
84.494760000 116.954287416 359.922534083 1.547102400 0.601065370 0.360456552 -0.357195924 -0.617416041 0.000000000
84.598480000 116.188923940 360.348249290 1.573998683 0.602289739 0.358858168 -0.355608590 -0.618069912 0.000000000
84.702120000 115.427925238 360.781157897 1.597012559 0.603494854 0.357652237 -0.353921584 -0.618561517 0.000000000
84.805710000 114.659977741 361.208588911 1.622758143 0.604800890 0.356699043 -0.351846735 -0.619019831 0.000000000
84.909310000 113.915098669 361.643058282 1.647978662 0.606437770 0.355521560 -0.350586033 -0.618811025 0.000000000
85.012960000 113.170805316 362.077016131 1.671743480 0.607875524 0.353908843 -0.350115931 -0.618590909 0.000000000
85.116700000 112.438756061 362.507705502 1.694653196 0.608876152 0.352426425 -0.349733573 -0.618669439 0.000000000
85.220270000 111.714752332 362.940478665 1.712343536 0.609084658 0.351067400 -0.349917571 -0.619132663 0.000000000
85.324080000 111.022979163 363.350524504 1.736612434 0.609129626 0.349199127 -0.350874558 -0.619603190 0.000000000
85.427750000 110.339947091 363.761640313 1.759387400 0.609861064 0.347815489 -0.351698992 -0.619194386 0.000000000
85.531340000 109.676395597 364.152348681 1.783114378 0.609945528 0.347313785 -0.352174288 -0.619122653 0.000000000
85.635010000 109.037428044 364.529421325 1.811678230 0.609878976 0.345928397 -0.353562482 -0.619172634 0.000000000
85.738670000 108.410604899 364.901706153 1.838312126 0.609873138 0.345457929 -0.354768241 -0.618751219 0.000000000
85.842510000 107.793507684 365.269958599 1.858340257 0.609811100 0.345347557 -0.356170235 -0.618068160 0.000000000
85.946050000 107.208049225 365.600323866 1.882447811 0.610097237 0.346313268 -0.357374132 -0.616548628 0.000000000
86.049580000 106.637248521 365.928317510 1.911367447 0.610548051 0.347240641 -0.359031047 -0.614615101 0.000000000
86.153190000 106.071256520 366.257585515 1.931098226 0.610067531 0.348693013 -0.360861426 -0.613196397 0.000000000
86.257680000 105.539290758 366.551104544 1.946987218 0.609101226 0.350046273 -0.362963351 -0.612144517 0.000000000
86.360510000 105.009085354 366.839273057 1.972956381 0.607563309 0.351317569 -0.365758740 -0.611280080 0.000000000
86.464180000 104.488289138 367.117326097 1.991654234 0.605613728 0.352932476 -0.368468022 -0.610657020 0.000000000
86.567780000 103.947188269 367.397384263 2.015812971 0.604192090 0.355599320 -0.370657958 -0.609191038 0.000000000
86.671550000 103.419321417 367.673525024 2.031590031 0.603320072 0.357644896 -0.373161864 -0.607326306 0.000000000
86.775140000 102.893322259 367.936582125 2.050244523 0.601860840 0.360258377 -0.375022024 -0.606082430 0.000000000
86.878890000 102.356216952 368.179340492 2.076186123 0.599858535 0.362054969 -0.377032006 -0.605749786 0.000000000
86.982510000 101.826960575 368.453435567 2.089276623 0.596915227 0.364128861 -0.379205045 -0.606057685 0.000000000
87.086250000 101.302535874 368.702376148 2.107953188 0.594827768 0.365290767 -0.381885410 -0.605727756 0.000000000
87.190180000 100.775248831 368.945035723 2.124484417 0.592790893 0.366563191 -0.384327866 -0.605410997 0.000000000
87.293640000 100.246823893 369.187049047 2.145928815 0.590804827 0.367991327 -0.386258710 -0.605257176 0.000000000
87.397220000 99.706534547 369.433825688 2.172379361 0.589192492 0.369998589 -0.387415104 -0.604865927 0.000000000
87.501040000 99.168881580 369.682021198 2.199801929 0.587808779 0.371901966 -0.388268469 -0.604497613 0.000000000
87.604560000 98.619532086 369.928220719 2.226150189 0.586785796 0.372961003 -0.390013808 -0.603714957 0.000000000
87.708320000 98.069395534 370.174218473 2.252666050 0.586067418 0.373988311 -0.391555540 -0.602778552 0.000000000
87.811980000 97.507995699 370.409732430 2.274763596 0.584811133 0.375038682 -0.392466553 -0.602753624 0.000000000
87.915650000 96.933210430 370.656122144 2.304988162 0.582763073 0.377472529 -0.392187030 -0.603399556 0.000000000
88.019280000 96.352566546 370.905930178 2.332846880 0.581459412 0.378774614 -0.392043505 -0.603934296 0.000000000
88.123030000 95.766319561 371.160074791 2.361624666 0.580900116 0.379165359 -0.392539947 -0.603904856 0.000000000
88.226620000 95.177255854 371.419565594 2.386447216 0.580888220 0.378668072 -0.393470131 -0.603622915 0.000000000
88.330460000 94.572118407 371.679612275 2.421648124 0.581168256 0.379670194 -0.392765004 -0.603182935 0.000000000
88.434330000 93.957229022 371.948988711 2.449692126 0.582624351 0.380092585 -0.391821197 -0.602125104 0.000000000
88.537780000 93.327105050 372.214567234 2.475780116 0.583825389 0.382127271 -0.389550159 -0.601146686 0.000000000
88.641400000 92.681889307 372.501518849 2.489483809 0.587258543 0.384702370 -0.386694294 -0.597995830 0.000000000
88.745080000 92.016657896 372.788641381 2.503741211 0.590217997 0.387110028 -0.382971310 -0.595920732 0.000000000
88.848890000 91.358227085 373.076935786 2.522840643 0.591364135 0.387153086 -0.381202647 -0.595890502 0.000000000
88.952550000 90.694150662 373.372744120 2.544460079 0.588703017 0.385983222 -0.380512759 -0.599713056 0.000000000
89.056170000 90.026017818 373.670456914 2.551442330 0.584302222 0.381906331 -0.381780577 -0.605790441 0.000000000
89.159790000 89.336548195 373.983883207 2.562919568 0.583424674 0.380958603 -0.380663973 -0.607931849 0.000000000
89.263540000 88.603756953 374.331188641 2.571352720 0.587706362 0.380877358 -0.377995815 -0.605518649 0.000000000
89.367140000 87.871318376 374.666837513 2.599116468 0.594210570 0.383363003 -0.372923619 -0.600728375 0.000000000
89.470880000 87.130828281 375.024635009 2.616093460 0.596616631 0.382362165 -0.371624770 -0.599785629 0.000000000
89.574490000 86.389159187 375.379571098 2.620384089 0.594317535 0.379387593 -0.372680912 -0.603291521 0.000000000
89.678230000 85.644523608 375.734846467 2.635061085 0.589532528 0.375142662 -0.374599417 -0.609421578 0.000000000
89.781980000 84.880494449 376.106627680 2.648390495 0.586833965 0.372970172 -0.374286318 -0.613538018 0.000000000
89.885590000 84.096476453 376.485218868 2.671048658 0.587781563 0.374046556 -0.370648249 -0.614183917 0.000000000
89.989350000 83.289486690 376.877557994 2.701789768 0.591074315 0.376117710 -0.365167741 -0.613040898 0.000000000
90.092950000 82.475611177 377.279001463 2.728386767 0.592781322 0.375706751 -0.361578845 -0.613771522 0.000000000
90.196710000 81.675439210 377.691853593 2.756850699 0.590813293 0.372513685 -0.360566380 -0.618195028 0.000000000
90.300450000 80.863376526 378.112942158 2.790678230 0.588374090 0.366719796 -0.361743267 -0.623277090 0.000000000
90.404050000 80.046028458 378.560416362 2.815742697 0.588214699 0.360782575 -0.363505407 -0.625861982 0.000000000
90.507790000 79.226184948 379.024622726 2.867369153 0.591897765 0.358395160 -0.361941043 -0.624666812 0.000000000
90.611400000 78.372973512 379.510325941 2.904241080 0.597464821 0.357433264 -0.358713925 -0.621772924 0.000000000
90.715140000 77.522891331 379.973024844 2.942791040 0.602315371 0.356105736 -0.355730946 -0.619564680 0.000000000
90.818760000 76.670235723 380.452891549 2.974968454 0.604024468 0.353927155 -0.354598680 -0.619798183 0.000000000
90.922380000 75.813604514 380.956108108 2.997829814 0.603482781 0.351847219 -0.354528575 -0.621547711 0.000000000
91.025980000 74.963654714 381.454691421 3.025286329 0.603009325 0.350088413 -0.355271939 -0.622575061 0.000000000
91.129600000 74.102652302 381.947315177 3.065106331 0.603742139 0.349389545 -0.355363361 -0.622205157 0.000000000
91.233220000 73.238790036 382.454514197 3.105514424 0.604635857 0.348835299 -0.355917060 -0.621331201 0.000000000
91.336840000 72.374109910 382.956141597 3.136085599 0.604814955 0.349163124 -0.355966151 -0.620944509 0.000000000
91.440450000 71.509389239 383.451336912 3.165560328 0.605024376 0.350748519 -0.355794861 -0.619944351 0.000000000
91.544070000 70.632962616 383.931844935 3.203852764 0.606066222 0.352578778 -0.355262584 -0.618191261 0.000000000
91.647680000 69.747912111 384.440684298 3.237380418 0.605506277 0.353271413 -0.356527301 -0.617616176 0.000000000
91.751300000 68.887163657 384.927221527 3.269190744 0.603029408 0.352156833 -0.359826472 -0.618761674 0.000000000
91.855040000 68.025464669 385.392720334 3.306865616 0.600858746 0.350477869 -0.363376781 -0.619751035 0.000000000
91.958670000 67.156618651 385.882030174 3.339567820 0.600294769 0.349810485 -0.366291844 -0.618958077 0.000000000
92.062270000 66.295136715 386.380462065 3.394458269 0.602314606 0.351346450 -0.367458133 -0.615424493 0.000000000
92.165880000 65.427603733 386.855407533 3.432022519 0.603582298 0.353127594 -0.367557028 -0.613099619 0.000000000
92.269500000 64.556675755 387.327016917 3.466673922 0.603148758 0.354971302 -0.367468459 -0.612514394 0.000000000
92.373110000 63.693140999 387.779111595 3.502853995 0.601019392 0.356444518 -0.367485790 -0.613740328 0.000000000
92.476860000 62.813386965 388.228635773 3.536692271 0.598823415 0.357635964 -0.366936538 -0.615519789 0.000000000
92.580470000 61.948150086 388.684088181 3.574691851 0.597477253 0.358068188 -0.367778398 -0.616073986 0.000000000
92.684080000 61.091262064 389.121582384 3.613753980 0.597031777 0.358247044 -0.368531626 -0.615951746 0.000000000
92.787830000 60.216175709 389.606026805 3.658542833 0.597787018 0.358849283 -0.369510982 -0.614279665 0.000000000
92.891470000 59.356573913 390.059117590 3.695677874 0.599628160 0.359088094 -0.370707809 -0.611618779 0.000000000
92.994930000 58.484158029 390.527657669 3.726411602 0.601409887 0.361250650 -0.370761799 -0.608555506 0.000000000
93.098570000 57.626156064 390.966307124 3.755552486 0.602191420 0.362519200 -0.371389930 -0.606642270 0.000000000
93.202160000 56.768010241 391.401380387 3.788005242 0.600711029 0.363869055 -0.372267294 -0.606764067 0.000000000
93.305780000 55.911225914 391.831302419 3.815287587 0.597243278 0.364348041 -0.373976064 -0.608845527 0.000000000
93.409390000 55.059320528 392.255220910 3.844499802 0.594728095 0.364602839 -0.375159008 -0.610425246 0.000000000
93.513130000 54.200095223 392.687902137 3.875753391 0.594987420 0.364617176 -0.376279907 -0.609473311 0.000000000
93.616750000 53.350485804 393.115015383 3.915287471 0.596605671 0.365612993 -0.376375332 -0.607231770 0.000000000
93.720480000 52.498188711 393.530949334 3.944790057 0.597916846 0.366731703 -0.376086766 -0.605443678 0.000000000
93.824120000 51.652761551 393.955911294 3.972765600 0.598780631 0.366646352 -0.377167676 -0.603967509 0.000000000
93.927850000 50.799945337 394.371346743 3.997036190 0.599185557 0.367022329 -0.377266195 -0.603275639 0.000000000
94.031550000 49.955020563 394.787858001 4.025260819 0.599436494 0.367785553 -0.376575602 -0.602992946 0.000000000
