datetime,timestamp,tracking_time_ms,fps,keypoints,map_points,x,y,z,qx,qy,qz,qw,tracking_state
2026-06-26 10:46:01,0.000000,0.823659,1214.094668,803,0,0.000000,0.000000,0.000000,0.000000,0.000000,0.000000,1.000000,2
2026-06-26 10:46:02,1.067804,3.249551,307.734822,804,147,0.000035,0.000066,-0.000050,0.000186,-0.000113,0.000317,1.000000,2
2026-06-26 10:46:03,2.068888,3.451982,289.688648,804,137,0.000092,0.000110,-0.000347,0.000031,-0.000012,0.000004,1.000000,2
2026-06-26 10:46:04,3.136693,3.496047,286.037344,803,144,0.000097,0.000044,-0.000341,-0.000048,-0.000027,-0.000112,1.000000,2
2026-06-26 10:46:05,4.204518,3.466465,288.478320,803,144,-0.000086,-0.000038,-0.000088,-0.000162,0.000134,-0.000475,1.000000,2
2026-06-26 10:46:06,5.272327,3.188998,313.578121,803,141,0.000047,0.000078,-0.000216,-0.000034,0.000018,0.000097,1.000000,2
2026-06-26 10:46:07,6.340098,3.506046,285.221586,803,144,0.000030,0.000164,-0.000350,-0.000016,-0.000027,0.000079,1.000000,2
2026-06-26 10:46:08,7.407892,3.273199,305.511519,802,149,0.000069,0.000083,-0.000117,0.000039,-0.000053,-0.000020,1.000000,2
2026-06-26 10:46:09,8.475721,3.325135,300.739669,802,141,0.000118,0.000144,-0.000283,0.000061,-0.000055,0.000061,1.000000,2
2026-06-26 10:46:10,9.543526,3.399983,294.119118,802,147,-0.000023,0.000138,-0.000227,-0.000007,0.000038,-0.000082,1.000000,2
2026-06-26 10:46:11,10.611342,3.327430,300.532243,805,145,0.000010,0.000026,-0.000329,-0.000062,0.000053,-0.000134,1.000000,2
2026-06-26 10:46:13,11.679169,3.493538,286.242772,804,140,0.000139,0.000134,-0.000443,0.000036,-0.000043,-0.000011,1.000000,2
2026-06-26 10:46:14,12.746967,3.260099,306.739151,801,149,0.000068,0.000079,-0.000299,0.000017,-0.000040,0.000046,1.000000,2
2026-06-26 10:46:15,13.814717,3.858743,259.151750,806,145,0.000039,0.000138,-0.000157,-0.000046,-0.000005,-0.000110,1.000000,2
2026-06-26 10:46:16,14.815823,3.708952,269.617941,802,138,0.000205,0.000298,-0.000280,0.000208,-0.000184,0.000348,1.000000,2
2026-06-26 10:46:17,15.883643,3.794783,263.519680,802,144,0.000049,0.000202,-0.000037,0.000104,-0.000049,0.000048,1.000000,2
2026-06-26 10:46:18,16.884723,3.473715,287.876236,801,136,0.000182,0.000107,-0.000522,0.000034,-0.000115,0.000154,1.000000,2
2026-06-26 10:46:19,17.952555,3.179078,314.556610,802,137,0.000184,0.000141,-0.000416,0.000080,-0.000168,0.000405,1.000000,2
2026-06-26 10:46:20,19.020393,3.241572,308.492299,801,149,0.000149,0.000131,-0.000309,0.000101,-0.000095,0.000321,1.000000,2
2026-06-26 10:46:21,20.088231,3.236385,308.986724,804,140,0.000173,0.000264,-0.000247,0.000286,-0.000215,0.000518,1.000000,2
2026-06-26 10:46:22,21.156056,3.568454,280.233401,802,141,0.000142,0.000121,-0.000350,0.000097,-0.000087,0.000111,1.000000,2
2026-06-26 10:46:23,22.223856,3.086908,323.948754,801,150,0.000041,0.000140,-0.000438,-0.000017,0.000015,-0.000112,1.000000,2
2026-06-26 10:46:24,23.291651,3.465191,288.584381,804,142,0.000081,0.000189,-0.000655,-0.000051,0.000024,-0.000137,1.000000,2
2026-06-26 10:46:25,24.359470,3.295858,303.411130,801,146,0.000168,0.000151,-0.000520,0.000041,-0.000055,0.000037,1.000000,2
2026-06-26 10:46:26,25.428771,3.519070,284.165987,800,142,0.000139,0.000239,-0.000468,0.000018,-0.000091,0.000086,1.000000,2
2026-06-26 10:46:27,26.497500,3.117560,320.763674,804,133,0.000104,0.000190,-0.000371,0.000075,-0.000077,0.000111,1.000000,2
2026-06-26 10:46:28,27.565043,3.032357,329.776474,802,133,0.000068,0.000192,-0.000153,0.000031,-0.000116,0.000086,1.000000,2
2026-06-26 10:46:29,28.632570,3.320176,301.188853,804,143,0.000032,0.000153,-0.000277,0.000057,0.000005,-0.000022,1.000000,2
2026-06-26 10:46:31,29.700025,3.283907,304.515323,802,139,-0.000048,-0.000054,-0.000729,-0.000272,0.000137,-0.000392,1.000000,2
2026-06-26 10:46:32,30.767552,3.394263,294.614766,803,130,0.000149,0.000091,-0.000280,-0.000016,-0.000040,-0.000048,1.000000,2
2026-06-26 10:46:33,31.835088,4.049158,246.964925,802,143,-0.000066,0.000070,-0.000014,-0.000018,0.000082,-0.000090,1.000000,2
2026-06-26 10:46:34,33.236245,3.386094,295.325528,802,143,0.000071,-0.000035,-0.000560,-0.000263,0.000134,-0.000501,1.000000,2
2026-06-26 10:46:35,34.303783,3.172308,315.227903,803,144,0.000025,0.000086,-0.000321,0.000123,-0.000028,0.000254,1.000000,2
2026-06-26 10:46:36,35.372631,3.118982,320.617432,805,136,-0.000060,-0.000044,-0.000155,-0.000197,0.000103,-0.000242,1.000000,2
2026-06-26 10:46:37,36.441272,3.018701,331.268317,804,134,0.000090,0.000209,-0.000551,0.000002,-0.000006,-0.000071,1.000000,2
2026-06-26 10:46:38,37.510178,3.260584,306.693525,803,139,-0.000033,0.000132,-0.000219,0.000155,-0.000039,0.000149,1.000000,2
2026-06-26 10:46:39,38.578156,0.902705,1107.781612,800,95,0.000000,0.000000,0.000000,0.000000,0.000000,0.000000,1.000000,2
2026-06-26 10:46:41,39.645155,10.466537,95.542585,801,41,0.000000,0.000000,0.000000,0.000000,0.000000,0.000000,1.000000,3
2026-06-26 10:46:42,40.714226,10.302650,97.062406,800,41,0.000000,0.000000,0.000000,0.000000,0.000000,0.000000,1.000000,3
2026-06-26 10:46:43,41.782846,11.746762,85.129843,801,41,0.000000,0.000000,0.000000,0.000000,0.000000,0.000000,1.000000,4
2026-06-26 10:46:44,42.850020,12.109557,82.579404,526,107,0.166007,-0.008896,-0.028270,0.016300,-0.153265,-0.005109,0.988038,2
2026-06-26 10:46:45,43.917015,4.831349,206.981528,552,93,0.108709,-0.068451,-0.430855,0.000055,0.033955,-0.023496,0.999147,2
2026-06-26 10:46:46,44.983978,4.269103,234.241245,442,85,-0.302709,-0.116972,-0.904881,-0.023532,0.252898,-0.074684,0.964319,2
2026-06-26 10:46:47,46.050953,5.552256,180.106969,508,105,0.020958,-0.199339,-1.398717,-0.030268,0.099702,-0.092776,0.990220,2
2026-06-26 10:46:48,47.051259,3.059278,326.874511,173,59,0.733815,0.049693,-1.583306,0.025232,-0.150148,-0.017843,0.988180,2
2026-06-26 10:46:49,48.118253,10.804947,92.550199,803,4,0.000000,0.000000,0.000000,0.000000,0.000000,0.000000,1.000000,3
2026-06-26 10:46:50,49.118536,11.541356,86.644931,802,4,0.000000,0.000000,0.000000,0.000000,0.000000,0.000000,1.000000,3
2026-06-26 10:46:51,50.185490,10.410233,96.059329,801,4,0.000000,0.000000,0.000000,0.000000,0.000000,0.000000,1.000000,3
2026-06-26 10:46:52,51.252944,8.020907,124.674180,802,303,-0.196958,-0.018294,-0.188722,0.003672,0.033009,0.026382,0.999100,2
2026-06-26 10:46:53,52.321119,7.587114,131.802422,805,294,-0.126290,-0.093452,-0.753159,0.001423,-0.032934,0.014629,0.999349,2
2026-06-26 10:46:54,53.522656,6.196865,161.371920,801,231,0.333442,-0.251171,-1.316054,-0.034659,-0.207523,0.021951,0.977370,2
2026-06-26 10:46:55,54.590707,7.210646,138.683829,804,186,0.222526,-0.318165,-2.038562,-0.010875,-0.184522,0.026145,0.982420,2
2026-06-26 10:46:57,55.658245,6.912657,144.662175,805,184,-0.228086,-0.458557,-2.747926,-0.011654,-0.086783,0.033301,0.995602,2
2026-06-26 10:46:58,56.726990,6.040255,165.555924,804,139,-0.326627,-0.484928,-3.515167,0.050164,-0.054548,0.164340,0.983616,2
2026-06-26 10:46:59,57.795117,4.767809,209.739946,804,18,-1.237880,-0.437585,-3.513132,0.078772,0.074228,0.111602,0.987841,3
2026-06-26 10:47:00,58.862945,6.314162,158.374144,803,169,-1.338844,-0.464499,-3.482156,0.077777,0.089208,0.115889,0.986186,2
2026-06-26 10:47:01,59.930766,6.483547,154.236562,804,166,-1.340312,-0.465016,-3.481185,0.077651,0.089333,0.115425,0.986239,2
2026-06-26 10:47:02,60.998566,6.097264,164.007988,801,158,-1.339648,-0.465478,-3.481453,0.077596,0.089250,0.115409,0.986252,2
2026-06-26 10:47:03,62.066382,6.191190,161.519837,805,164,-1.339962,-0.464513,-3.480916,0.077672,0.089267,0.115287,0.986259,2
2026-06-26 10:47:04,63.134193,6.046290,165.390678,800,163,-1.339891,-0.464537,-3.481063,0.077700,0.089262,0.115435,0.986240,2
2026-06-26 10:47:05,64.202009,6.130473,163.119550,803,165,-1.340643,-0.464885,-3.480794,0.077630,0.089327,0.115305,0.986255,2
2026-06-26 10:47:06,65.269780,6.094447,164.083796,801,162,-1.341212,-0.463462,-3.481305,0.077722,0.089358,0.115252,0.986251,2
2026-06-26 10:47:07,66.337549,6.095428,164.057389,804,168,-1.340678,-0.464086,-3.480921,0.077667,0.089319,0.115153,0.986271,2
2026-06-26 10:47:08,67.405490,6.303302,158.647008,805,161,-1.341393,-0.462913,-3.480478,0.077856,0.089389,0.115320,0.986230,2
2026-06-26 10:47:09,68.473466,6.103002,163.853789,805,168,-1.340641,-0.464971,-3.480831,0.077600,0.089334,0.115236,0.986265,2
2026-06-26 10:47:10,69.541254,5.891550,169.734620,802,166,-1.341415,-0.465423,-3.480599,0.077493,0.089397,0.115010,0.986294,2
2026-06-26 10:47:11,70.608994,6.039191,165.585092,802,162,-1.340943,-0.464883,-3.481128,0.077588,0.089357,0.115140,0.986275,2
2026-06-26 10:47:13,71.676749,5.888030,169.836091,803,159,-1.340550,-0.464450,-3.480911,0.077607,0.089319,0.115133,0.986278,2
2026-06-26 10:47:14,72.677747,6.447254,155.104793,803,165,-1.340099,-0.464970,-3.480751,0.077597,0.089289,0.115249,0.986268,2
2026-06-26 10:47:15,73.678785,6.196462,161.382415,804,158,-1.340699,-0.465531,-3.480429,0.077493,0.089349,0.115095,0.986288,2
2026-06-26 10:47:16,74.679829,5.875674,170.193241,803,160,-1.340817,-0.464991,-3.480480,0.077553,0.089342,0.115064,0.986288,2
2026-06-26 10:47:17,75.680863,6.141116,162.836852,802,161,-1.341491,-0.464630,-3.479953,0.077605,0.089383,0.114956,0.986293,2
2026-06-26 10:47:18,76.748632,6.115462,163.519943,802,162,-1.339417,-0.464442,-3.480879,0.077642,0.089227,0.115188,0.986277,2
2026-06-26 10:47:19,77.949871,10.706596,93.400367,804,164,-1.341295,-0.464338,-3.480867,0.077616,0.089411,0.115208,0.986260,2
2026-06-26 10:47:20,79.017580,6.175084,161.941117,804,157,-1.340694,-0.465241,-3.480232,0.077496,0.089317,0.114941,0.986309,2
2026-06-26 10:47:21,80.085366,6.046614,165.381815,806,156,-1.340862,-0.465041,-3.481242,0.077498,0.089334,0.115010,0.986299,2
2026-06-26 10:47:22,81.153133,6.262064,159.691757,803,159,-1.341882,-0.466614,-3.480239,0.077333,0.089425,0.114742,0.986335,2
2026-06-26 10:47:23,82.154163,6.917455,144.561837,804,160,-1.340946,-0.465634,-3.480610,0.077470,0.089363,0.115062,0.986293,2
2026-06-26 10:47:24,83.221980,5.735087,174.365271,803,162,-1.341219,-0.465234,-3.480863,0.077484,0.089362,0.114873,0.986314,2
2026-06-26 10:47:27,85.293499,21.174204,47.227277,804,163,-1.343078,-0.467244,-3.481273,0.077291,0.089549,0.114975,0.986300,2
2026-06-26 10:47:27,86.494470,10.840876,92.243468,802,161,-1.341491,-0.465788,-3.480728,0.077414,0.089399,0.114910,0.986312,2
2026-06-26 10:47:28,87.495291,6.262950,159.669165,802,162,-1.341947,-0.464580,-3.480419,0.077581,0.089433,0.114906,0.986296,2
2026-06-26 10:47:29,88.562813,6.239890,160.259235,801,156,-1.342480,-0.464656,-3.480123,0.077530,0.089479,0.114832,0.986304,2
2026-06-26 10:47:30,89.630322,7.033457,142.177595,804,162,-1.342286,-0.464741,-3.480488,0.077561,0.089484,0.115003,0.986282,2
2026-06-26 10:47:32,90.697856,6.453784,154.947857,803,165,-1.342135,-0.464646,-3.480693,0.077504,0.089443,0.114773,0.986317,2
2026-06-26 10:47:33,91.765395,6.153241,162.515981,804,165,-1.341789,-0.464124,-3.480348,0.077634,0.089431,0.114988,0.986282,2
2026-06-26 10:47:34,92.832925,7.185800,139.163350,803,159,-1.341585,-0.464771,-3.480478,0.077528,0.089398,0.114893,0.986305,2
2026-06-26 10:47:35,93.833736,9.029595,110.746938,804,157,-1.341711,-0.466733,-3.480502,0.077312,0.089424,0.114789,0.986331,2
2026-06-26 10:47:36,94.834388,6.974913,143.370964,803,172,-1.341194,-0.465173,-3.480876,0.077448,0.089396,0.114784,0.986324,2
2026-06-26 10:47:37,95.834700,7.766628,128.756006,804,165,-1.342571,-0.463673,-3.480862,0.077631,0.089504,0.114860,0.986291,2
2026-06-26 10:47:38,96.834714,7.986768,125.207093,800,161,-1.341700,-0.465277,-3.480504,0.077432,0.089409,0.114709,0.986333,2
2026-06-26 10:47:39,97.967722,7.353187,135.995453,804,162,-1.342126,-0.466273,-3.479916,0.077380,0.089483,0.114860,0.986313,2
2026-06-26 10:47:40,99.100470,6.497073,153.915463,805,164,-1.339939,-0.465748,-3.481238,0.077337,0.089232,0.114667,0.986361,2
2026-06-26 10:47:41,100.233626,6.867179,145.620203,801,159,-1.342843,-0.466408,-3.479879,0.077359,0.089567,0.114811,0.986312,2
2026-06-26 10:47:42,101.300591,6.453712,154.949586,805,161,-1.343351,-0.466494,-3.479809,0.077366,0.089593,0.114852,0.986305,2
2026-06-26 10:47:43,102.432975,5.864064,170.530199,804,158,-1.341345,-0.464646,-3.480750,0.077537,0.089376,0.114945,0.986300,2
2026-06-26 10:47:45,103.698499,6.119511,163.411750,803,163,-1.341747,-0.464938,-3.480576,0.077514,0.089428,0.114824,0.986311,2
2026-06-26 10:47:46,104.764228,6.107062,163.744858,801,157,-1.341819,-0.465700,-3.480142,0.077391,0.089447,0.114696,0.986334,2
2026-06-26 10:47:47,105.765222,5.176714,193.172735,804,36,-1.215757,-0.175741,-3.520944,0.128793,0.076132,0.173888,0.973334,2
2026-06-26 10:47:48,106.898091,15.645011,63.918140,800,97,1.154541,-1.030805,-3.066040,-0.102517,-0.292767,0.090402,0.946364,2
2026-06-26 10:47:49,107.964181,2.142163,466.817885,110,43,0.000000,0.000000,0.000000,0.000000,0.000000,0.000000,1.000000,3
2026-06-26 10:47:50,109.096615,11.444082,87.381408,756,43,0.000000,0.000000,0.000000,0.000000,0.000000,0.000000,1.000000,3
2026-06-26 10:47:51,110.562414,1.773116,563.978894,737,43,0.000000,0.000000,0.000000,0.000000,0.000000,0.000000,1.000000,2
2026-06-26 10:47:53,111.695185,9.422520,106.128721,787,127,0.013086,-0.000949,-0.272017,0.041829,0.030746,0.093035,0.994309,2
2026-06-26 10:47:54,112.828001,12.422595,80.498479,579,90,-0.046060,-0.019191,-0.446615,0.001043,0.047953,0.044306,0.997866,2
2026-06-26 10:47:55,113.960876,5.046290,198.165385,476,86,-0.495532,-0.023102,-0.870442,0.006787,0.272576,0.056795,0.960433,2
2026-06-26 10:47:56,115.096272,4.201432,238.014087,186,140,-0.386657,-0.003735,-1.258233,0.014417,0.274098,-0.028324,0.961176,3
2026-06-26 10:47:57,116.229047,20.675806,48.365708,801,140,0.000000,0.000000,0.000000,0.000000,0.000000,0.000000,1.000000,3
2026-06-26 10:47:58,117.361733,12.582214,79.477268,801,140,0.000000,0.000000,0.000000,0.000000,0.000000,0.000000,1.000000,3
2026-06-26 10:47:59,118.562145,39.910762,25.055898,804,406,0.009699,-0.003903,0.006073,-0.000008,0.004645,-0.003382,0.999983,2
2026-06-26 10:48:00,119.562857,23.012051,43.455492,802,305,0.084404,-0.007275,-0.063438,-0.006212,-0.042644,0.027845,0.998683,2
2026-06-26 10:48:02,120.695304,46.689876,21.417919,803,237,0.078643,-0.103394,-0.599730,0.004514,-0.014716,0.014581,0.999775,2
2026-06-26 10:48:03,121.695383,17.711543,56.460355,802,196,-0.000052,-0.178013,-1.221299,0.019420,0.006156,0.021862,0.999553,2
2026-06-26 10:48:04,122.762015,46.343473,21.578012,800,216,0.053252,-0.305535,-1.884154,0.008113,-0.030049,0.034389,0.998924,2
2026-06-26 10:48:05,124.028242,44.725797,22.358461,802,192,0.103043,-0.288266,-2.484403,0.030979,-0.034424,0.032534,0.998397,2
2026-06-26 10:48:06,125.097016,20.862677,47.932487,803,205,-0.119411,-0.312429,-2.884915,0.037306,-0.003792,0.024247,0.999003,2
2026-06-26 10:48:07,126.162982,48.686641,20.539515,801,194,-0.053656,-0.445471,-3.350957,0.023785,-0.012998,0.026085,0.999292,2
2026-06-26 10:48:09,127.695400,28.928330,34.568190,804,200,-0.145675,-0.517667,-4.072505,0.024866,-0.002925,0.020351,0.999479,2
2026-06-26 10:48:10,128.894663,45.528031,21.964490,801,168,-0.271204,-0.562071,-4.588184,0.026393,-0.004591,0.026458,0.999291,2
2026-06-26 10:48:11,130.293965,18.746314,53.343820,806,162,-0.494657,-0.716051,-5.336627,0.021571,0.006437,0.036043,0.999097,2
2026-06-26 10:48:12,131.295026,44.337825,22.554106,802,145,-1.266926,-0.784758,-5.757588,0.019398,0.066102,0.008458,0.997588,2
2026-06-26 10:48:14,132.561090,77.886007,12.839277,805,143,-1.100035,-0.890363,-6.474037,0.020178,0.051124,0.024141,0.998197,2
2026-06-26 10:48:15,133.694275,16.904225,59.156808,805,57,-0.783439,-0.905960,-7.216425,0.023140,0.026805,0.031232,0.998885,2
2026-06-26 10:48:16,134.895097,83.249938,12.012021,803,121,-0.449002,-1.264462,-7.955563,0.007361,-0.003099,0.017563,0.999814,2
2026-06-26 10:48:17,136.428541,12.123537,82.484179,805,21,-0.797114,-1.045111,-8.687031,0.026266,0.015866,0.056936,0.997906,3
2026-06-26 10:48:18,137.495041,22.498390,44.447625,804,66,-0.474349,-1.018008,-9.318065,0.021188,-0.012280,-0.011407,0.999635,3
2026-06-26 10:48:20,138.628130,22.429270,44.584599,804,66,0.000000,0.000000,0.000000,0.000000,0.000000,0.000000,1.000000,3
2026-06-26 10:48:21,139.761294,29.131507,34.327095,805,66,0.000000,0.000000,0.000000,0.000000,0.000000,0.000000,1.000000,3
2026-06-26 10:48:22,140.828809,4.821650,207.397882,802,66,0.000000,0.000000,0.000000,0.000000,0.000000,0.000000,1.000000,2
2026-06-26 10:48:23,141.964827,15.392361,64.967291,804,167,-0.020661,-0.083254,-0.661124,0.008908,-0.010820,0.014336,0.999799,2
2026-06-26 10:48:24,143.098636,16.543359,60.447216,803,157,-0.048118,-0.223175,-1.335650,-0.004560,-0.013663,0.034887,0.999287,2
2026-06-26 10:48:25,144.165285,14.760374,67.748961,803,103,-0.154891,-0.256337,-2.011852,0.020889,-0.006644,0.006375,0.999739,2
2026-06-26 10:48:26,145.231869,43.465118,23.006955,803,88,-0.401547,-0.348154,-2.790736,0.030514,0.022059,0.022707,0.999033,2
2026-06-26 10:48:27,146.298502,30.579079,32.702097,802,87,-0.389774,-0.545465,-3.722950,0.014940,-0.008991,-0.020944,0.999629,2
2026-06-26 10:48:28,147.431965,11.785416,84.850632,801,94,0.462261,-0.729670,-4.723154,0.003687,-0.127995,-0.000265,0.991768,2
2026-06-26 10:48:30,148.631864,31.375492,31.872010,806,61,1.540831,-0.910984,-5.636682,0.003984,-0.237441,0.010309,0.971339,2
2026-06-26 10:48:31,149.698699,21.316629,46.911733,800,61,0.000000,0.000000,0.000000,0.000000,0.000000,0.000000,1.000000,3
2026-06-26 10:48:32,150.765582,20.750948,48.190569,801,61,0.000000,0.000000,0.000000,0.000000,0.000000,0.000000,1.000000,3
2026-06-26 10:48:33,151.832305,15.591377,64.138017,720,61,0.000000,0.000000,0.000000,0.000000,0.000000,0.000000,1.000000,3
2026-06-26 10:48:34,152.899082,10.180141,98.230467,503,19,0.000000,0.000000,0.000000,0.000000,0.000000,0.000000,1.000000,3
2026-06-26 10:48:35,153.966339,11.793084,84.795461,801,19,0.000000,0.000000,0.000000,0.000000,0.000000,0.000000,1.000000,3
2026-06-26 10:48:36,155.033817,13.413733,74.550463,658,19,0.000000,0.000000,0.000000,0.000000,0.000000,0.000000,1.000000,3
2026-06-26 10:48:37,156.167180,20.960181,47.709512,800,19,-0.034560,-0.017333,-0.024551,0.021805,-0.025343,-0.002325,0.999438,4
2026-06-26 10:48:38,157.235648,20.658474,48.406286,805,55,-0.237615,-0.206193,-0.406870,0.055277,0.206658,-0.041601,0.975964,2
2026-06-26 10:48:39,158.237084,15.514052,64.457693,803,44,0.000000,0.000000,0.000000,0.000000,0.000000,0.000000,1.000000,3
2026-06-26 10:48:40,159.303979,5.268253,189.816245,287,44,0.000000,0.000000,0.000000,0.000000,0.000000,0.000000,1.000000,3
2026-06-26 10:48:41,160.370774,9.156640,109.210365,615,44,0.000000,0.000000,0.000000,0.000000,0.000000,0.000000,1.000000,3
2026-06-26 10:48:42,161.437580,7.673112,130.325219,800,221,-0.004461,-0.006117,-0.078791,-0.011531,0.051102,-0.007016,0.998602,2
2026-06-26 10:48:43,162.437737,6.771323,147.681627,802,251,-0.011408,-0.196873,-0.348246,-0.000718,0.047827,0.028277,0.998455,2
2026-06-26 10:48:44,163.504590,17.585778,56.864132,802,205,-0.169201,-0.349977,-0.680995,0.062081,0.065837,0.011634,0.995829,2
2026-06-26 10:48:45,164.571388,16.277571,61.434228,803,292,-0.101775,-0.542683,-1.015637,0.056142,0.057746,0.052802,0.995352,2
2026-06-26 10:48:47,165.638206,16.190502,61.764607,803,233,0.111491,-0.884136,-1.337379,0.016123,-0.043571,0.066075,0.996733,2
2026-06-26 10:48:48,166.705050,17.802499,56.171889,801,231,-0.169751,-1.059068,-1.763897,0.050877,0.041312,0.047444,0.996722,2
2026-06-26 10:48:49,167.771874,15.373750,65.045939,801,255,-0.157331,-1.292970,-2.103814,0.034636,0.031851,0.055587,0.997344,2
2026-06-26 10:48:50,168.772003,25.409323,39.355633,800,202,-0.268744,-1.656979,-2.464101,0.026737,0.053730,0.062514,0.996238,2
2026-06-26 10:48:51,169.839023,22.845511,43.772275,801,205,-0.987138,-1.785542,-2.638772,0.048420,0.165766,0.053585,0.983517,2
2026-06-26 10:48:52,170.906325,4.827826,207.132569,801,71,-2.170656,-2.080316,-2.052101,0.030938,0.415238,0.046171,0.908014,2
2026-06-26 10:48:53,171.973424,14.192475,70.459874,804,33,0.000000,0.000000,0.000000,0.000000,0.000000,0.000000,1.000000,3
2026-06-26 10:48:54,173.041146,16.837284,59.392002,805,33,-2.447888,-2.090411,-1.937568,0.030738,0.453349,0.017386,0.890633,3
2026-06-26 10:48:55,174.110600,17.589303,56.852736,804,33,-2.352688,-2.288835,-1.940412,0.017076,0.443775,0.031567,0.895419,3
2026-06-26 10:48:56,175.178088,8.342799,119.863849,804,338,0.010156,-0.004640,0.006654,0.003072,-0.009608,-0.002058,0.999947,2
2026-06-26 10:48:57,176.245020,9.510073,105.151664,804,248,-0.024191,-0.029368,-0.004031,0.016861,-0.038861,-0.010566,0.999047,2
2026-06-26 10:48:58,177.245278,20.247914,49.387804,803,81,-0.273998,-0.195000,-0.219999,0.074378,0.058533,-0.058776,0.993774,2
2026-06-26 10:48:59,178.312233,5.218214,191.636449,805,117,-0.756832,-0.307328,-0.817522,0.009243,0.034591,-0.014239,0.999257,2
2026-06-26 10:49:00,179.381756,4.357287,229.500604,803,70,-1.025783,-0.317447,-1.125193,0.002320,0.112965,-0.015199,0.993480,2
2026-06-26 10:49:01,180.448458,12.414461,80.551222,804,32,0.000000,0.000000,0.000000,0.000000,0.000000,0.000000,1.000000,3
2026-06-26 10:49:02,181.515145,13.453588,74.329614,802,32,0.000000,0.000000,0.000000,0.000000,0.000000,0.000000,1.000000,3
2026-06-26 10:49:03,182.581868,12.135739,82.401245,804,32,0.000000,0.000000,0.000000,0.000000,0.000000,0.000000,1.000000,3
2026-06-26 10:49:05,183.648577,7.683251,130.153239,805,194,0.076192,-0.044202,-0.497798,0.006243,0.007039,0.042891,0.999035,2
2026-06-26 10:49:06,184.715319,20.366372,49.100547,804,213,0.075484,-0.154454,-1.220745,-0.001534,0.026121,0.033532,0.999095,2
2026-06-26 10:49:07,185.782070,15.095738,66.243863,805,189,0.099787,-0.188584,-1.875423,0.008388,-0.018741,0.043751,0.998831,2
2026-06-26 10:49:08,186.782158,11.043385,90.551946,804,158,0.406168,-0.288684,-2.430318,0.001789,-0.095847,0.049033,0.994186,2
2026-06-26 10:49:09,187.848917,17.606494,56.797225,801,197,0.489608,-0.260828,-3.029702,0.014652,-0.105329,0.067883,0.992010,2
2026-06-26 10:49:10,188.849001,14.269116,70.081426,801,172,0.175870,-0.329320,-3.539681,0.017408,-0.066079,0.054206,0.996189,2
2026-06-26 10:49:11,189.849834,18.873373,52.984700,803,223,0.390881,-0.277982,-3.959310,0.028060,-0.095311,0.055620,0.993496,2
2026-06-26 10:49:12,190.917504,16.538235,60.465945,804,252,0.264585,-0.086983,-4.585440,0.056179,-0.080445,0.050759,0.993879,2
2026-06-26 10:49:13,191.984538,19.647771,50.896359,805,154,-0.607445,-0.146335,-5.222613,0.058959,0.009773,0.056308,0.996623,2
2026-06-26 10:49:14,192.984894,15.022279,66.567796,803,104,-0.988636,-0.321240,-5.911674,0.036918,0.038684,-0.003508,0.998563,2
2026-06-26 10:49:15,193.985250,12.302631,81.283426,802,191,-0.362773,-0.194905,-6.819396,0.050685,-0.015687,0.002434,0.998589,2
2026-06-26 10:49:16,195.121933,40.992330,24.394808,802,150,0.031334,-0.579582,-7.724652,0.026152,-0.046151,0.015176,0.998477,2
2026-06-26 10:49:17,196.123492,31.974556,31.274867,802,187,1.357576,-0.736610,-8.355211,0.017885,-0.125644,0.030515,0.991445,2
2026-06-26 10:49:18,197.190538,17.338557,57.674926,804,204,2.016452,-0.892506,-8.996857,0.009432,-0.158436,0.048185,0.986148,2
2026-06-26 10:49:19,198.257598,16.940891,59.028772,805,217,1.542147,-0.921237,-9.797204,0.014084,-0.133770,0.058176,0.989203,2
2026-06-26 10:49:20,199.324604,17.243871,57.991619,803,153,0.746602,-1.080590,-10.529278,0.010811,-0.096842,0.032027,0.994726,2
2026-06-26 10:49:21,200.324985,17.088181,58.519979,802,185,3.078338,-0.776274,-10.707750,0.022302,-0.207231,0.067633,0.975697,2
2026-06-26 10:49:22,201.325388,11.344671,88.147113,800,39,5.469068,-0.420361,-10.170213,0.028931,-0.316392,0.093544,0.943562,2
2026-06-26 10:49:23,202.392461,17.015963,58.768346,803,139,3.512051,-2.246448,-10.959463,-0.032973,-0.229996,0.043600,0.971655,2
2026-06-26 10:49:24,203.459546,17.095419,58.495203,801,115,0.000000,0.000000,0.000000,0.000000,0.000000,0.000000,1.000000,3
2026-06-26 10:49:25,204.526630,4.762207,209.986672,223,115,0.000000,0.000000,0.000000,0.000000,0.000000,0.000000,1.000000,3
2026-06-26 10:49:26,205.593718,19.711593,50.731567,802,115,0.000000,0.000000,0.000000,0.000000,0.000000,0.000000,1.000000,3
2026-06-26 10:49:28,206.660802,19.499503,51.283358,805,214,-0.144610,-0.006873,-0.213768,-0.024033,0.008959,0.008642,0.999634,2
2026-06-26 10:49:29,207.727947,24.388454,41.003009,803,80,-0.700629,-0.079084,-1.179342,-0.021017,-0.029467,0.021618,0.999111,4
2026-06-26 10:49:30,208.728541,20.737419,48.222009,802,87,-0.075047,-0.018245,-0.150797,-0.045799,-0.023072,-0.010787,0.998626,2
2026-06-26 10:49:31,209.728964,15.162337,65.952894,801,113,-0.035565,-0.037282,-0.142353,-0.013744,-0.016447,0.012587,0.999691,2
2026-06-26 10:49:32,210.729834,9.721727,102.862382,802,212,-0.136974,-0.132627,-1.117818,0.007702,-0.026694,0.046046,0.998553,2
2026-06-26 10:49:33,211.798115,20.684790,48.344702,801,86,-0.107743,-0.172144,-1.912712,0.003418,-0.032507,0.023302,0.999194,3
2026-06-26 10:49:34,212.865519,12.528264,79.819518,805,55,0.000000,0.000000,0.000000,0.000000,0.000000,0.000000,1.000000,3
2026-06-26 10:49:35,213.932928,18.657232,53.598519,803,55,0.000000,0.000000,0.000000,0.000000,0.000000,0.000000,1.000000,3
2026-06-26 10:49:36,215.068628,13.403359,74.608164,801,55,0.000000,0.000000,0.000000,0.000000,0.000000,0.000000,1.000000,3
2026-06-26 10:49:37,216.203325,7.606323,131.469568,803,159,-0.229146,-0.025865,-0.365029,0.010123,-0.006948,-0.010522,0.999869,2
2026-06-26 10:49:38,217.270417,17.262514,57.928990,804,191,-0.646382,-0.132948,-1.367600,0.013022,-0.082756,0.026621,0.996129,2
2026-06-26 10:49:39,218.404178,33.015180,30.289097,803,199,-1.094612,-0.324746,-2.390396,0.025560,-0.087698,0.036698,0.995143,2
2026-06-26 10:49:40,219.471300,27.156214,36.823984,803,228,-0.738070,-0.317482,-3.573276,0.005479,-0.207970,0.015298,0.978000,2
2026-06-26 10:49:41,220.538421,12.269338,81.503990,801,243,0.379860,0.242999,-4.351310,0.092723,-0.387650,0.026651,0.916744,2
2026-06-26 10:49:42,221.605555,10.251653,97.545245,802,65,1.258593,-0.554976,-4.200470,0.021334,-0.471601,0.057273,0.879692,2
2026-06-26 10:49:43,222.605978,7.175470,139.363693,800,79,1.328604,-0.830104,-4.155934,0.018038,-0.466258,0.111522,0.877406,2
2026-06-26 10:49:45,223.673113,13.422307,74.502841,803,255,1.300393,-0.498848,-4.212531,0.042012,-0.464418,0.101967,0.878723,2
2026-06-26 10:49:46,224.673658,12.883181,77.620581,803,307,1.254479,-0.556876,-4.217090,0.031228,-0.462626,0.093843,0.881020,2
2026-06-26 10:49:47,225.740838,13.315784,75.098845,803,304,1.245984,-0.540956,-4.220503,0.033578,-0.461932,0.095060,0.881167,2
2026-06-26 10:49:48,226.874717,12.747214,78.448514,803,298,1.244212,-0.525990,-4.220668,0.034103,-0.462000,0.094329,0.881189,2
2026-06-26 10:49:49,227.941896,10.209707,97.946004,803,291,1.249483,-0.530729,-4.218653,0.033675,-0.462307,0.094295,0.881049,2
2026-06-26 10:49:50,229.009103,11.964941,83.577512,804,280,1.250786,-0.548094,-4.217054,0.031917,-0.462420,0.093758,0.881112,2
2026-06-26 10:49:51,230.009611,10.123734,98.777783,806,304,1.250651,-0.527102,-4.222506,0.035058,-0.462104,0.095522,0.880969,2
2026-06-26 10:49:52,231.077756,9.407241,106.301093,803,295,1.249565,-0.533230,-4.220150,0.034217,-0.462116,0.095123,0.881039,2
2026-06-26 10:49:53,232.078942,9.911904,100.888790,803,298,1.251399,-0.532982,-4.218975,0.033648,-0.462308,0.094669,0.881009,2
2026-06-26 10:49:54,233.079667,9.882247,101.191561,804,300,1.250758,-0.560307,-4.218166,0.031479,-0.462227,0.094477,0.881152,2
2026-06-26 10:49:55,234.147110,10.078487,99.221242,803,304,1.249795,-0.539279,-4.219646,0.033644,-0.462077,0.095100,0.881084,2
2026-06-26 10:49:56,235.214565,9.704963,103.040063,805,285,1.251929,-0.543630,-4.219679,0.033210,-0.462240,0.094912,0.881035,2
2026-06-26 10:49:57,236.281969,9.963677,100.364554,803,277,1.254420,-0.549097,-4.218754,0.032389,-0.462451,0.094596,0.880989,2
2026-06-26 10:49:58,237.282718,10.962121,91.223222,804,307,1.253358,-0.542701,-4.220507,0.033405,-0.462295,0.095131,0.880975,2
2026-06-26 10:49:59,238.350194,9.780760,102.241544,802,300,1.250040,-0.512777,-4.221716,0.036174,-0.462080,0.095586,0.880930,2
2026-06-26 10:50:00,239.417672,10.061140,99.392315,806,300,1.248536,-0.523738,-4.220254,0.034855,-0.462112,0.095067,0.881022,2
2026-06-26 10:50:01,240.485138,9.980763,100.192741,802,296,1.250865,-0.537957,-4.219968,0.033497,-0.462228,0.094867,0.881035,2
2026-06-26 10:50:02,241.552573,9.560515,104.596876,803,295,1.256082,-0.544945,-4.219450,0.033062,-0.462454,0.094932,0.880926,2
2026-06-26 10:50:03,242.620068,9.882705,101.186871,804,290,1.252093,-0.533346,-4.219769,0.033818,-0.462310,0.094775,0.880990,2
2026-06-26 10:50:05,243.687561,9.428309,106.063558,801,281,1.249181,-0.540258,-4.219666,0.033308,-0.462122,0.094903,0.881094,2
2026-06-26 10:50:06,244.755063,9.899892,101.011203,805,308,1.252070,-0.539095,-4.220465,0.033362,-0.462277,0.094805,0.881021,2
2026-06-26 10:50:07,245.822556,9.601997,104.145002,805,291,1.253615,-0.536505,-4.218925,0.033526,-0.462387,0.094769,0.880961,2
2026-06-26 10:50:08,246.823309,9.115673,109.701171,805,287,1.252462,-0.555127,-4.220375,0.032272,-0.462204,0.094982,0.881081,2
2026-06-26 10:50:09,247.890771,9.055418,110.431125,804,290,1.249527,-0.560258,-4.220098,0.031822,-0.462052,0.095024,0.881173,2
2026-06-26 10:50:10,248.958277,9.755723,102.503935,803,284,1.250532,-0.546980,-4.219859,0.032735,-0.462175,0.094866,0.881092,2
2026-06-26 10:50:11,250.025785,9.424252,106.109217,802,286,1.246982,-0.527448,-4.220809,0.034444,-0.462000,0.094963,0.881108,2
2026-06-26 10:50:12,251.093294,9.454045,105.774830,802,295,1.249940,-0.530462,-4.220522,0.034143,-0.462172,0.094918,0.881034,2
2026-06-26 10:50:13,252.160726,9.518296,105.060822,804,298,1.255417,-0.539810,-4.219887,0.033163,-0.462495,0.094623,0.880934,2
2026-06-26 10:50:14,253.228208,9.073147,110.215342,804,282,1.249526,-0.549681,-4.220672,0.032634,-0.462059,0.094985,0.881144,2
2026-06-26 10:50:15,254.295725,9.935555,100.648630,805,282,1.256020,-0.543951,-4.219512,0.033016,-0.462464,0.094898,0.880926,2
2026-06-26 10:50:16,255.296497,9.477813,105.509573,804,281,1.256757,-0.540988,-4.219282,0.033073,-0.462572,0.094654,0.880894,2
2026-06-26 10:50:17,256.364014,9.262420,107.963146,803,274,1.251268,-0.557750,-4.218780,0.031335,-0.462299,0.094142,0.881155,2
2026-06-26 10:50:18,257.431424,9.541062,104.810135,806,291,1.255231,-0.550424,-4.216119,0.031353,-0.462677,0.093754,0.880998,2
2026-06-26 10:50:19,258.498960,9.643921,103.692264,803,281,1.251560,-0.555551,-4.215541,0.031313,-0.462351,0.094309,0.881111,2
2026-06-26 10:50:20,259.566495,10.214376,97.901233,802,297,1.247042,-0.534774,-4.220322,0.033925,-0.461938,0.095167,0.881139,2
2026-06-26 10:50:22,260.634036,9.491811,105.353973,802,296,1.247688,-0.551308,-4.218711,0.032386,-0.461993,0.095276,0.881156,2
2026-06-26 10:50:23,261.702210,9.212011,108.553930,803,292,1.251067,-0.547175,-4.219271,0.032393,-0.462222,0.094676,0.881100,2
2026-06-26 10:50:24,262.772243,8.823885,113.328766,804,277,1.250227,-0.540016,-4.219385,0.033015,-0.462200,0.094858,0.881069,2
2026-06-26 10:50:25,263.774639,9.574941,104.439286,804,293,1.254189,-0.543825,-4.218575,0.032645,-0.462392,0.094796,0.880989,2
2026-06-26 10:50:26,264.841624,9.424650,106.104736,802,284,1.249164,-0.543956,-4.218377,0.032815,-0.462146,0.094951,0.881095,2
2026-06-26 10:50:27,265.908618,9.582746,104.354222,804,287,1.250112,-0.554341,-4.219473,0.032034,-0.462110,0.094994,0.881138,2
2026-06-26 10:50:28,266.975615,9.797765,102.064093,803,289,1.251225,-0.549512,-4.219211,0.032316,-0.462199,0.094836,0.881098,2
2026-06-26 10:50:29,268.042604,9.702285,103.068504,805,288,1.249851,-0.538962,-4.218695,0.033059,-0.462217,0.094724,0.881073,2
2026-06-26 10:50:30,269.109567,9.392075,106.472744,804,279,1.248337,-0.537322,-4.218819,0.033164,-0.462137,0.094707,0.881113,2
2026-06-26 10:50:31,270.176557,9.671961,103.391649,806,290,1.250949,-0.548045,-4.219356,0.032449,-0.462205,0.094886,0.881085,2
2026-06-26 10:50:32,271.243545,9.552610,104.683432,804,287,1.252920,-0.557298,-4.217448,0.031784,-0.462289,0.094992,0.881054,2
2026-06-26 10:50:33,272.310536,10.083945,99.167538,804,279,1.245156,-0.545596,-4.217829,0.032641,-0.461907,0.094865,0.881236,2
2026-06-26 10:50:34,273.377493,9.289741,107.645628,804,278,1.244998,-0.544397,-4.218664,0.032714,-0.461892,0.094892,0.881239,2
2026-06-26 10:50:35,274.377795,9.890277,101.109403,804,287,1.247265,-0.540715,-4.218560,0.032838,-0.462048,0.094637,0.881180,2
2026-06-26 10:50:36,275.444792,9.770111,102.352982,802,286,1.247117,-0.550942,-4.218258,0.032147,-0.462017,0.094824,0.881201,2
2026-06-26 10:50:37,276.511918,11.217031,89.150150,804,280,1.251291,-0.557957,-4.218252,0.031701,-0.462187,0.094912,0.881118,2
2026-06-26 10:50:38,277.578981,9.440817,105.923036,800,296,1.249239,-0.546198,-4.218539,0.032263,-0.462171,0.094441,0.881157,2
2026-06-26 10:50:40,278.647577,10.196304,98.074753,803,274,1.249826,-0.554182,-4.219151,0.031923,-0.462114,0.094835,0.881157,2
2026-06-26 10:50:41,279.716256,10.817325,92.444297,805,289,1.244293,-0.558990,-4.218881,0.031790,-0.461759,0.095094,0.881320,2
2026-06-26 10:50:42,280.783772,9.469990,105.596732,803,287,1.247679,-0.545133,-4.218422,0.032663,-0.462028,0.094910,0.881167,2
2026-06-26 10:50:43,281.852102,9.760655,102.452141,803,277,1.252264,-0.548350,-4.217451,0.031784,-0.462390,0.094119,0.881094,2
2026-06-26 10:50:44,282.921279,8.971457,111.464615,804,289,1.247846,-0.543087,-4.218043,0.032618,-0.462106,0.094683,0.881152,2
2026-06-26 10:50:45,283.921827,9.606534,104.095816,802,289,1.246230,-0.546022,-4.219084,0.032650,-0.461950,0.094960,0.881203,2
2026-06-26 10:50:46,284.989079,9.842294,101.602330,802,280,1.251882,-0.544977,-4.217319,0.032638,-0.462267,0.094828,0.881051,2
2026-06-26 10:50:47,286.056326,9.169071,109.062303,804,286,1.253073,-0.561779,-4.218577,0.031462,-0.462236,0.095086,0.881083,2
2026-06-26 10:50:48,287.123585,8.689376,115.083062,805,288,1.249254,-0.555642,-4.218093,0.031668,-0.462133,0.094579,0.881184,2
2026-06-26 10:50:49,288.190799,9.454820,105.766159,803,287,1.249921,-0.542598,-4.218274,0.032715,-0.462195,0.094699,0.881100,2
2026-06-26 10:50:50,289.258042,9.571381,104.478131,803,273,1.256255,-0.549933,-4.218550,0.032157,-0.462503,0.094590,0.880971,2
2026-06-26 10:50:51,290.325312,9.214422,108.525527,803,289,1.250833,-0.562978,-4.218836,0.031451,-0.462092,0.095151,0.881151,2
2026-06-26 10:50:52,291.392587,9.476459,105.524648,804,289,1.254585,-0.539389,-4.218681,0.032842,-0.462419,0.094586,0.880990,2
2026-06-26 10:50:53,292.459934,9.742570,102.642321,801,283,1.246776,-0.554900,-4.218664,0.031787,-0.461975,0.094701,0.881249,2
2026-06-26 10:50:54,293.527149,9.647137,103.657697,804,289,1.246455,-0.553557,-4.219198,0.031821,-0.461951,0.094610,0.881271,2
2026-06-26 10:50:55,294.594428,9.506725,105.188695,806,280,1.247480,-0.541354,-4.218852,0.032698,-0.462071,0.094654,0.881171,2
2026-06-26 10:50:57,295.661745,10.343570,96.678420,804,284,1.253230,-0.549071,-4.218567,0.032208,-0.462348,0.094717,0.881037,2
2026-06-26 10:50:58,296.729043,9.098262,109.911102,804,283,1.252443,-0.563666,-4.218153,0.031285,-0.462222,0.094930,0.881113,2
2026-06-26 10:50:59,297.797342,9.381188,106.596307,807,294,1.252253,-0.551475,-4.219298,0.032208,-0.462233,0.095028,0.881064,2
2026-06-26 10:51:00,298.868531,9.206997,108.613047,803,280,1.250062,-0.550900,-4.217708,0.032170,-0.462171,0.094883,0.881113,2
2026-06-26 10:51:01,299.937454,9.356668,106.875653,801,284,1.250070,-0.546310,-4.218516,0.032418,-0.462190,0.094740,0.881109,2
2026-06-26 10:51:02,301.004435,9.823516,101.796546,805,303,1.246705,-0.524793,-4.221598,0.035033,-0.461874,0.095606,0.881082,2
2026-06-26 10:51:03,302.071479,9.607363,104.086834,805,296,1.245252,-0.525404,-4.221969,0.034871,-0.461808,0.095573,0.881126,2
2026-06-26 10:51:04,303.138522,9.178880,108.945754,804,290,1.247805,-0.545853,-4.219224,0.032638,-0.461992,0.094923,0.881185,2
2026-06-26 10:51:05,304.205539,9.016779,110.904348,802,279,1.246740,-0.508010,-4.221428,0.036753,-0.461860,0.095988,0.880977,2
2026-06-26 10:51:06,305.274284,9.653643,103.587837,800,306,1.256005,-0.545590,-4.220340,0.032701,-0.462437,0.094981,0.880943,2
2026-06-26 10:51:07,306.342002,9.027738,110.769719,803,277,1.250264,-0.540789,-4.219078,0.032968,-0.462158,0.094795,0.881100,2
2026-06-26 10:51:08,307.408745,9.516994,105.075195,803,290,1.253552,-0.553208,-4.219871,0.032066,-0.462299,0.095002,0.881037,2
2026-06-26 10:51:09,308.475508,9.334431,107.130258,802,274,1.247867,-0.546520,-4.218618,0.032335,-0.462055,0.094568,0.881202,2
2026-06-26 10:51:11,309.675571,9.319723,107.299326,807,278,1.249251,-0.545086,-4.218777,0.032505,-0.462110,0.094695,0.881153,2
2026-06-26 10:51:12,310.742330,9.213842,108.532358,803,280,1.247729,-0.572196,-4.217849,0.030638,-0.461941,0.094950,0.881281,2
2026-06-26 10:51:13,311.809034,9.649211,103.635416,803,288,1.249188,-0.562447,-4.219041,0.031282,-0.462027,0.094889,0.881220,2
2026-06-26 10:51:14,312.875812,9.820715,101.825580,803,278,1.250586,-0.556930,-4.219696,0.031774,-0.462144,0.094843,0.881146,2
2026-06-26 10:51:15,314.076575,9.106269,109.814459,800,278,1.241764,-0.555886,-4.219265,0.031798,-0.461703,0.094725,0.881389,2
2026-06-26 10:51:16,315.145105,9.823043,101.801448,805,286,1.252970,-0.540827,-4.218388,0.032525,-0.462396,0.094319,0.881042,2
2026-06-26 10:51:17,316.213064,9.539202,104.830572,802,276,1.246945,-0.542673,-4.219460,0.032543,-0.462023,0.094427,0.881226,2
2026-06-26 10:51:18,317.280370,9.636929,103.767497,802,292,1.245606,-0.543970,-4.218755,0.032524,-0.461990,0.094484,0.881238,2
2026-06-26 10:51:19,318.347695,9.922209,100.784009,805,275,1.251106,-0.555200,-4.217680,0.031773,-0.462222,0.094682,0.881123,2
2026-06-26 10:51:20,319.415012,9.255020,108.049469,801,287,1.246019,-0.540795,-4.218906,0.032719,-0.462006,0.094461,0.881225,2
2026-06-26 10:51:21,320.415568,9.596225,104.207644,804,284,1.250829,-0.534005,-4.218384,0.033140,-0.462304,0.094457,0.881053,2
2026-06-26 10:51:22,321.417370,9.824302,101.788402,806,287,1.247085,-0.551403,-4.219310,0.032007,-0.461994,0.094581,0.881244,2
2026-06-26 10:51:23,322.485221,9.881307,101.201187,802,294,1.247064,-0.543746,-4.217973,0.032532,-0.462045,0.094581,0.881198,2
2026-06-26 10:51:24,323.552804,9.085636,110.063841,802,275,1.249314,-0.539901,-4.219040,0.032742,-0.462195,0.094430,0.881128,2
2026-06-26 10:51:25,324.620433,8.877458,112.644858,804,284,1.249236,-0.553920,-4.217834,0.031807,-0.462122,0.094623,0.881180,2
2026-06-26 10:51:27,325.688122,9.905516,100.953852,804,289,1.248918,-0.558929,-4.218012,0.031467,-0.462067,0.094666,0.881217,2
2026-06-26 10:51:28,326.755671,9.191934,108.791034,805,270,1.249834,-0.537918,-4.219040,0.032941,-0.462198,0.094457,0.881116,2
2026-06-26 10:51:29,327.823217,9.338512,107.083441,804,293,1.248354,-0.553106,-4.218338,0.031891,-0.462071,0.094523,0.881215,2
2026-06-26 10:51:30,328.890791,9.567182,104.523986,805,297,1.249633,-0.557762,-4.218989,0.031509,-0.462127,0.094565,0.881194,2
2026-06-26 10:51:31,329.958373,9.740260,102.666664,805,284,1.247524,-0.563489,-4.218809,0.031249,-0.461965,0.094917,0.881251,2
2026-06-26 10:51:32,331.025940,9.543691,104.781263,804,292,1.249884,-0.553977,-4.218947,0.031866,-0.462116,0.094806,0.881161,2
2026-06-26 10:51:33,332.093533,9.036754,110.659204,805,290,1.248618,-0.553094,-4.217776,0.031954,-0.462074,0.094838,0.881177,2
2026-06-26 10:51:34,333.161102,9.530331,104.928150,803,280,1.245545,-0.545128,-4.218869,0.032420,-0.461934,0.094479,0.881272,2
2026-06-26 10:51:35,334.228623,9.600243,104.164030,801,293,1.252346,-0.547183,-4.217791,0.032323,-0.462287,0.094620,0.881075,2
2026-06-26 10:51:36,335.296163,9.163212,109.132038,804,289,1.248057,-0.554544,-4.219076,0.031588,-0.462053,0.094551,0.881232,2
2026-06-26 10:51:37,336.363716,9.536659,104.858525,802,291,1.253716,-0.555985,-4.218097,0.031730,-0.462328,0.094701,0.881066,2
2026-06-26 10:51:38,337.431282,9.367387,106.753356,806,296,1.254105,-0.550149,-4.217926,0.031972,-0.462450,0.094351,0.881031,2
2026-06-26 10:51:39,338.498790,9.841650,101.608978,802,289,1.247146,-0.567515,-4.218951,0.031068,-0.461942,0.094945,0.881266,2
2026-06-26 10:51:40,339.566361,9.916339,100.843668,805,282,1.247136,-0.538416,-4.219296,0.032498,-0.462136,0.093972,0.881217,2
2026-06-26 10:51:42,340.633968,9.210996,108.565892,807,284,1.247429,-0.543983,-4.218707,0.032448,-0.462066,0.094527,0.881196,2
2026-06-26 10:51:43,341.701621,9.399445,106.389260,804,276,1.251894,-0.562975,-4.218776,0.031260,-0.462192,0.094841,0.881140,2
2026-06-26 10:51:44,342.769208,9.145634,109.341791,804,288,1.252061,-0.551152,-4.218687,0.032002,-0.462270,0.094517,0.881107,2
2026-06-26 10:51:45,343.836816,9.612768,104.028309,803,295,1.246035,-0.541674,-4.217964,0.032507,-0.462014,0.094225,0.881254,2
2026-06-26 10:51:46,344.904407,8.891826,112.462839,802,275,1.250532,-0.564533,-4.218997,0.031188,-0.462101,0.095005,0.881172,2
2026-06-26 10:51:47,345.971985,9.484424,105.436029,803,284,1.249673,-0.553867,-4.218807,0.031736,-0.462147,0.094525,0.881180,2
2026-06-26 10:51:48,347.039600,9.385390,106.548582,805,283,1.245420,-0.552068,-4.218875,0.031989,-0.461927,0.094726,0.881265,2
2026-06-26 10:51:49,348.107191,9.264486,107.939070,806,281,1.254218,-0.546536,-4.218891,0.032282,-0.462402,0.094497,0.881029,2
2026-06-26 10:51:50,349.108042,9.236416,108.267103,805,292,1.243319,-0.557903,-4.219115,0.031579,-0.461778,0.094653,0.881365,2
2026-06-26 10:51:51,350.175638,9.899418,101.016040,803,287,1.248446,-0.552132,-4.218756,0.031582,-0.462123,0.094227,0.881230,2
2026-06-26 10:51:52,351.243221,9.355572,106.888173,806,287,1.251544,-0.553094,-4.218511,0.031961,-0.462230,0.094841,0.881094,2
2026-06-26 10:51:53,352.310814,10.216065,97.885047,801,287,1.252759,-0.547243,-4.218687,0.032289,-0.462296,0.094697,0.881063,2
2026-06-26 10:51:54,353.380213,9.722160,102.857801,803,289,1.247463,-0.550639,-4.219017,0.031980,-0.462030,0.094487,0.881237,2
2026-06-26 10:51:55,354.450272,9.423897,106.113214,804,285,1.247774,-0.549401,-4.219549,0.032011,-0.462031,0.094495,0.881234,2
2026-06-26 10:51:56,355.517864,10.114303,98.869888,806,290,1.251096,-0.540046,-4.218685,0.032695,-0.462278,0.094365,0.881093,2
2026-06-26 10:51:57,356.584872,9.011697,110.966891,805,285,1.251028,-0.553547,-4.218544,0.031827,-0.462168,0.094756,0.881141,2
2026-06-26 10:51:59,357.651884,10.038022,99.621220,803,282,1.252741,-0.549225,-4.219078,0.032079,-0.462309,0.094514,0.881084,2
2026-06-26 10:52:00,358.718899,10.365609,96.472865,803,285,1.247309,-0.543902,-4.218783,0.032515,-0.462065,0.094503,0.881197,2
2026-06-26 10:52:01,359.785916,9.492733,105.343740,803,290,1.251360,-0.555355,-4.218509,0.031760,-0.462187,0.094784,0.881130,2
2026-06-26 10:52:02,360.986304,8.788445,113.785772,803,273,1.255935,-0.561956,-4.213045,0.031170,-0.462552,0.094831,0.880955,2
2026-06-26 10:52:03,362.053298,9.587757,104.299681,806,302,1.262359,-0.543231,-4.212777,0.032279,-0.463028,0.094345,0.880717,2
2026-06-26 10:52:04,363.120310,9.312472,107.382873,803,304,1.260240,-0.547304,-4.212583,0.032041,-0.462872,0.094553,0.880785,2
2026-06-26 10:52:05,364.187304,9.720465,102.875737,804,295,1.261611,-0.543418,-4.211496,0.032426,-0.463000,0.094631,0.880695,2
2026-06-26 10:52:06,365.254298,9.499605,105.267535,805,302,1.258761,-0.547167,-4.212811,0.031993,-0.462819,0.094379,0.880834,2
2026-06-26 10:52:07,366.321316,9.770822,102.345534,806,303,1.255552,-0.546841,-4.212969,0.032069,-0.462648,0.094522,0.880905,2
2026-06-26 10:52:08,367.388334,9.659385,103.526260,804,305,1.260369,-0.543794,-4.212746,0.032168,-0.462944,0.094324,0.880768,2
2026-06-26 10:52:09,368.455347,11.472354,87.166069,804,306,1.260677,-0.549283,-4.212156,0.031908,-0.462894,0.094602,0.880773,2
2026-06-26 10:52:10,369.523644,9.034447,110.687461,804,299,1.257536,-0.551449,-4.212326,0.031824,-0.462705,0.094619,0.880874,2
2026-06-26 10:52:11,370.592521,10.146827,98.552976,805,310,1.255626,-0.548860,-4.213314,0.031793,-0.462697,0.094100,0.880935,2
2026-06-26 10:52:13,371.660174,9.817251,101.861509,807,297,1.259500,-0.539537,-4.211997,0.032647,-0.462911,0.094461,0.880753,2
2026-06-26 10:52:14,372.727731,9.119291,109.657648,804,272,1.265587,-0.540875,-4.213297,0.032793,-0.463170,0.094777,0.880577,2
2026-06-26 10:52:15,373.795278,12.832863,77.924934,803,295,1.256052,-0.527508,-4.216212,0.034557,-0.462506,0.095436,0.880787,2
2026-06-26 10:52:16,374.862835,9.579490,104.389691,803,279,1.255658,-0.523866,-4.213968,0.034292,-0.462635,0.094878,0.880790,2
2026-06-26 10:52:17,375.930395,10.405620,96.101914,804,305,1.257915,-0.551166,-4.212242,0.031611,-0.462826,0.094277,0.880855,2
2026-06-26 10:52:18,376.997956,9.917284,100.834059,804,302,1.258402,-0.542680,-4.212264,0.032255,-0.462849,0.094257,0.880821,2
2026-06-26 10:52:19,377.998794,10.023508,99.765471,806,297,1.260010,-0.541921,-4.213871,0.032463,-0.462872,0.094280,0.880799,2
2026-06-26 10:52:20,379.066350,9.528246,104.951111,803,281,1.258946,-0.554568,-4.211784,0.030968,-0.462931,0.093723,0.880881,2
2026-06-26 10:52:21,380.133902,9.540823,104.812761,804,293,1.258033,-0.540223,-4.213591,0.032551,-0.462794,0.094234,0.880842,2
2026-06-26 10:52:22,381.201466,9.319850,107.297864,803,288,1.256801,-0.543297,-4.212846,0.032339,-0.462733,0.094308,0.880874,2
2026-06-26 10:52:23,382.269030,9.529515,104.937135,805,286,1.258031,-0.546799,-4.212945,0.032083,-0.462776,0.094269,0.880865,2
2026-06-26 10:52:24,383.336598,9.825437,101.776644,803,289,1.256485,-0.536831,-4.212742,0.032882,-0.462720,0.094304,0.880861,2
2026-06-26 10:52:25,384.337425,8.782816,113.858699,802,285,1.257844,-0.548790,-4.213000,0.031953,-0.462758,0.094286,0.880877,2
2026-06-26 10:52:26,385.404984,8.876076,112.662397,803,293,1.259351,-0.546080,-4.213396,0.032146,-0.462848,0.094283,0.880823,2
2026-06-26 10:52:27,386.472549,9.721894,102.860615,804,287,1.259007,-0.542089,-4.212920,0.032376,-0.462849,0.094180,0.880825,2
2026-06-26 10:52:28,387.540123,12.328691,81.111612,801,296,1.258942,-0.546179,-4.213416,0.032005,-0.462851,0.094234,0.880832,2
2026-06-26 10:52:29,388.607696,12.411083,80.573146,802,271,1.260805,-0.543857,-4.213913,0.032455,-0.462881,0.094536,0.880767,2
2026-06-26 10:52:31,389.675259,9.717889,102.903007,804,291,1.260001,-0.537259,-4.212874,0.032722,-0.462922,0.094126,0.880780,2
2026-06-26 10:52:32,390.742826,9.396102,106.427112,804,278,1.259019,-0.536378,-4.212827,0.032840,-0.462877,0.094195,0.880791,2
2026-06-26 10:52:33,391.810378,9.601712,104.148094,805,284,1.261777,-0.524364,-4.212536,0.033778,-0.463064,0.094286,0.880648,2
2026-06-26 10:52:34,392.877918,9.482791,105.454185,806,286,1.260556,-0.540194,-4.213461,0.032680,-0.462911,0.094386,0.880759,2
2026-06-26 10:52:35,393.945491,9.752030,102.542753,803,294,1.259187,-0.547326,-4.212667,0.031844,-0.462914,0.094049,0.880824,2
2026-06-26 10:52:36,395.013063,13.508459,74.027689,804,306,1.259385,-0.550835,-4.212392,0.031692,-0.462885,0.094222,0.880827,2
2026-06-26 10:52:37,396.080629,9.613594,104.019371,804,284,1.257723,-0.545821,-4.212837,0.032030,-0.462816,0.094147,0.880859,2
2026-06-26 10:52:38,397.149185,9.177124,108.966600,804,280,1.259501,-0.529754,-4.214221,0.033419,-0.462916,0.094306,0.880737,2
2026-06-26 10:52:39,398.284947,16.103628,62.097808,806,295,1.255450,-0.546100,-4.213727,0.032157,-0.462636,0.094400,0.880921,2
2026-06-26 10:52:40,399.352235,9.178389,108.951582,802,287,1.257438,-0.536946,-4.212828,0.032772,-0.462798,0.094269,0.880828,2
2026-06-26 10:52:41,400.419533,12.603552,79.342712,804,283,1.262105,-0.538012,-4.213007,0.032698,-0.463035,0.094230,0.880710,2
2026-06-26 10:52:42,401.486876,9.237226,108.257609,805,280,1.260502,-0.540098,-4.212171,0.032454,-0.462976,0.094203,0.880753,2
2026-06-26 10:52:43,402.554267,10.176731,98.263381,803,288,1.257648,-0.531586,-4.212903,0.033068,-0.462831,0.094010,0.880827,2
2026-06-26 10:52:45,403.688288,9.440064,105.931485,805,284,1.259782,-0.540871,-4.213687,0.032454,-0.462882,0.094231,0.880799,2
2026-06-26 10:52:46,404.755575,9.680452,103.300962,801,278,1.253321,-0.529332,-4.214796,0.034062,-0.462409,0.094944,0.880910,2
2026-06-26 10:52:47,405.822903,9.606104,104.100476,802,295,1.257619,-0.534925,-4.212131,0.032710,-0.462848,0.094216,0.880809,2
2026-06-26 10:52:48,406.890181,23.432665,42.675470,806,285,1.176428,-0.004914,-4.244421,0.059600,-0.460817,0.071560,0.882595,2
2026-06-26 10:52:49,407.957457,10.675834,93.669497,804,254,1.160473,0.018033,-4.246955,0.062438,-0.459866,0.071938,0.882864,2
2026-06-26 10:52:50,409.024714,10.062402,99.379850,805,270,1.162292,0.022215,-4.245987,0.062709,-0.459954,0.071794,0.882811,2
2026-06-26 10:52:51,410.025281,9.881426,101.199969,805,271,1.162877,0.020677,-4.247431,0.062596,-0.459978,0.071869,0.882801,2
2026-06-26 10:52:52,411.092554,9.304548,107.474323,804,260,1.166251,0.016901,-4.245584,0.062352,-0.460157,0.072034,0.882711,2
2026-06-26 10:52:53,412.159812,9.353864,106.907691,805,252,1.167444,0.019284,-4.246412,0.062629,-0.460211,0.072059,0.882661,2
2026-06-26 10:52:54,413.227726,9.353645,106.910194,805,254,1.167718,0.021288,-4.244977,0.062811,-0.460261,0.072260,0.882606,2
2026-06-26 10:52:55,414.296016,8.943858,111.808573,803,257,1.163316,0.023752,-4.246363,0.062921,-0.459978,0.072179,0.882752,2
2026-06-26 10:52:56,415.363561,8.979600,111.363535,806,257,1.166099,0.006411,-4.246492,0.061780,-0.460099,0.072343,0.882756,2
2026-06-26 10:52:57,416.431115,9.104601,109.834577,804,257,1.170912,0.014020,-4.246310,0.062269,-0.460364,0.072429,0.882577,2
2026-06-26 10:52:58,417.498668,8.747626,114.316730,801,240,1.165545,0.020335,-4.246640,0.062650,-0.460096,0.072066,0.882719,2
2026-06-26 10:52:59,418.566278,8.827831,113.278109,803,238,1.162623,0.015901,-4.246442,0.062446,-0.459936,0.072350,0.882794,2
2026-06-26 10:53:01,419.633868,9.238200,108.246195,804,248,1.166613,0.016605,-4.246500,0.062427,-0.460137,0.072212,0.882702,2
2026-06-26 10:53:02,420.634728,10.118378,98.830069,806,244,1.173160,0.024130,-4.244653,0.062863,-0.460531,0.071922,0.882489,2
2026-06-26 10:53:03,421.702328,8.552899,116.919421,804,239,1.168019,0.027933,-4.245190,0.063183,-0.460255,0.071961,0.882607,2
2026-06-26 10:53:04,422.769848,9.921552,100.790683,805,248,1.165643,0.022690,-4.244878,0.062884,-0.460151,0.071957,0.882683,2
2026-06-26 10:53:05,423.837442,8.597865,116.307944,803,252,1.166039,0.017036,-4.245615,0.062516,-0.460112,0.072112,0.882716,2
2026-06-26 10:53:06,424.905023,8.780255,113.891909,804,243,1.165561,0.012666,-4.246069,0.062268,-0.460099,0.072407,0.882717,2
2026-06-26 10:53:07,425.972577,9.664914,103.467036,803,249,1.164370,0.023653,-4.246273,0.062952,-0.460061,0.072198,0.882705,2
2026-06-26 10:53:08,427.040169,11.121530,89.915686,805,247,1.160595,0.027271,-4.246977,0.063232,-0.459827,0.072066,0.882818,2
2026-06-26 10:53:09,428.107753,10.129692,98.719685,801,252,1.167912,0.040755,-4.245324,0.064055,-0.460293,0.071843,0.882534,2
2026-06-26 10:53:10,429.175331,12.248617,81.641870,804,253,1.164932,0.021843,-4.247343,0.062836,-0.460073,0.072147,0.882711,2
2026-06-26 10:53:11,430.242919,9.872477,101.291702,804,251,1.162158,0.030318,-4.245914,0.063497,-0.459957,0.072030,0.882734,2
2026-06-26 10:53:12,431.310507,10.355252,96.569354,802,242,1.166630,0.020616,-4.247866,0.062710,-0.460144,0.072030,0.882693,2
2026-06-26 10:53:13,432.378098,9.410559,106.263613,804,236,1.167647,0.027799,-4.245187,0.063302,-0.460276,0.072152,0.882572,2
2026-06-26 10:53:14,433.445676,9.461895,105.687074,803,252,1.167834,0.029040,-4.246167,0.063334,-0.460250,0.072204,0.882579,2
2026-06-26 10:53:15,434.513258,9.849801,101.524894,805,243,1.169327,0.020989,-4.245858,0.062837,-0.460305,0.072203,0.882586,2
2026-06-26 10:53:16,435.580847,10.154430,98.479186,803,237,1.165124,0.031702,-4.246354,0.063547,-0.460115,0.071961,0.882653,2
2026-06-26 10:53:18,436.648386,9.074832,110.194877,801,248,1.155471,0.024185,-4.246792,0.063260,-0.459537,0.072363,0.882943,2
2026-06-26 10:53:19,437.716002,10.278899,97.286684,805,231,1.164967,0.027660,-4.246072,0.063317,-0.460086,0.072067,0.882677,2
2026-06-26 10:53:20,438.783557,9.163892,109.123940,803,233,1.161551,0.024885,-4.245935,0.063162,-0.459921,0.072101,0.882771,2
2026-06-26 10:53:21,439.851145,9.076783,110.171192,805,238,1.165867,0.011288,-4.246525,0.062329,-0.460088,0.072660,0.882697,2
2026-06-26 10:53:22,440.918766,11.879357,84.179640,803,238,1.162448,0.027477,-4.246358,0.063301,-0.459947,0.072062,0.882751,2
2026-06-26 10:53:23,441.986593,9.332877,107.148096,803,236,1.159751,0.032791,-4.245125,0.063808,-0.459819,0.072200,0.882770,2
2026-06-26 10:53:24,443.054116,9.462175,105.683947,805,246,1.165561,0.013867,-4.245717,0.062451,-0.460062,0.072303,0.882732,2
2026-06-26 10:53:25,444.121674,12.592767,79.410665,806,240,1.167063,0.026885,-4.246491,0.063232,-0.460182,0.072127,0.882628,2
2026-06-26 10:53:26,445.189221,13.274062,75.334890,803,238,1.164130,0.028453,-4.246078,0.063461,-0.460026,0.072320,0.882677,2
2026-06-26 10:53:27,446.256775,10.351417,96.605131,801,236,1.168768,0.026211,-4.245730,0.063274,-0.460275,0.072402,0.882554,2
2026-06-26 10:53:28,447.257581,9.100796,109.880498,805,231,1.165467,0.021285,-4.244734,0.062973,-0.460107,0.072334,0.882668,2
2026-06-26 10:53:29,448.325105,12.931201,77.332337,800,242,1.166582,0.022719,-4.246354,0.063010,-0.460129,0.072301,0.882657,2
2026-06-26 10:53:30,449.392666,8.938042,111.881327,804,230,1.165455,0.021593,-4.246759,0.062988,-0.460048,0.072349,0.882697,2
2026-06-26 10:53:31,450.460229,12.724263,78.590013,803,238,1.189091,0.013798,-4.244697,0.062191,-0.461336,0.072238,0.882090,2
2026-06-26 10:53:32,451.527792,9.103397,109.849104,802,240,1.167857,0.021956,-4.245218,0.062994,-0.460275,0.072473,0.882568,2
2026-06-26 10:53:33,452.595326,8.464994,118.133575,805,232,1.165143,0.035646,-4.245689,0.063839,-0.460133,0.072080,0.882613,2
2026-06-26 10:53:35,453.662890,11.711093,85.389126,805,232,1.166707,0.020970,-4.245441,0.062937,-0.460134,0.072534,0.882641,2
2026-06-26 10:53:36,454.730448,7.862631,127.183890,805,191,1.168930,0.025069,-4.246275,0.063264,-0.460305,0.072545,0.882527,2
2026-06-26 10:53:37,455.798007,8.324760,120.123583,801,197,1.173827,0.014847,-4.248297,0.062493,-0.460559,0.072613,0.882444,2
2026-06-26 10:53:38,456.865492,9.046630,110.538399,804,236,1.165838,0.021517,-4.245862,0.062963,-0.460101,0.072439,0.882664,2
2026-06-26 10:53:39,457.933237,8.671707,115.317549,804,234,1.161676,0.038106,-4.246553,0.064620,-0.459858,0.072558,0.882661,2
2026-06-26 10:53:40,458.934094,9.214762,108.521522,800,239,1.167303,0.021418,-4.246667,0.063026,-0.460179,0.072311,0.882629,2
2026-06-26 10:53:41,459.934972,8.961913,111.583319,804,229,1.168552,0.018243,-4.245903,0.062656,-0.460232,0.072221,0.882635,2
2026-06-26 10:53:42,461.002565,12.376329,80.799403,804,255,1.162730,0.027433,-4.246223,0.063393,-0.459953,0.072158,0.882733,2
2026-06-26 10:53:43,462.070165,9.183452,108.891515,806,233,1.160165,0.019627,-4.246920,0.063040,-0.459791,0.072387,0.882824,2
2026-06-26 10:53:44,463.137748,8.796492,113.681681,805,248,1.165123,0.025290,-4.246644,0.063416,-0.460068,0.072591,0.882636,2
2026-06-26 10:53:45,464.205301,9.606066,104.100888,804,240,1.169052,0.034739,-4.246077,0.063800,-0.460300,0.072125,0.882526,2
2026-06-26 10:53:46,465.272862,8.634199,115.818503,803,240,1.163176,0.030832,-4.247193,0.063659,-0.459960,0.072251,0.882703,2
2026-06-26 10:53:47,466.340419,10.104180,98.968942,805,244,1.164387,0.025939,-4.246241,0.063346,-0.460067,0.072147,0.882678,2
2026-06-26 10:53:48,467.474752,9.998366,100.016343,803,244,1.167688,0.024410,-4.246654,0.063198,-0.460176,0.072234,0.882624,2
2026-06-26 10:53:49,468.475631,9.061000,110.363095,805,237,1.166044,0.025574,-4.246389,0.063319,-0.460118,0.072168,0.882652,2
2026-06-26 10:53:51,469.676688,9.496465,105.302341,806,245,1.176171,0.027607,-4.246007,0.063340,-0.460676,0.072217,0.882355,2
2026-06-26 10:53:52,470.744292,12.854499,77.793775,801,244,1.167031,0.024635,-4.246056,0.063275,-0.460154,0.072381,0.882619,2
2026-06-26 10:53:53,471.811899,9.209005,108.589364,804,239,1.174990,0.042555,-4.246015,0.064331,-0.460652,0.071981,0.882315,2
2026-06-26 10:53:54,472.879451,9.017137,110.899945,803,232,1.171984,0.036221,-4.245043,0.063982,-0.460457,0.072136,0.882429,2
2026-06-26 10:53:55,473.947042,11.801987,84.731495,804,241,1.167037,0.023575,-4.247574,0.063198,-0.460133,0.072433,0.882631,2
2026-06-26 10:53:56,475.014596,8.883733,112.565292,804,235,1.161293,0.031374,-4.246494,0.063741,-0.459871,0.072358,0.882735,2
2026-06-26 10:53:57,476.082198,9.706085,103.028152,805,243,1.160554,0.034870,-4.245946,0.063991,-0.459872,0.072107,0.882737,2
2026-06-26 10:53:58,477.149799,9.521717,105.023075,801,249,1.163997,0.024786,-4.247924,0.063282,-0.459992,0.072362,0.882704,2
2026-06-26 10:53:59,478.150676,12.226107,81.792185,805,234,1.164127,0.026872,-4.246377,0.063374,-0.460002,0.072278,0.882699,2
2026-06-26 10:54:00,479.218276,8.666220,115.390562,803,247,1.163374,0.022354,-4.248155,0.063100,-0.459963,0.072431,0.882726,2
2026-06-26 10:54:01,480.285872,8.978000,111.383382,804,249,1.162793,0.025930,-4.247036,0.063415,-0.459929,0.072333,0.882730,2
2026-06-26 10:54:02,481.353446,8.846556,113.038339,803,237,1.162546,0.031124,-4.247007,0.063739,-0.459942,0.072426,0.882692,2
2026-06-26 10:54:03,482.421018,9.156780,109.208696,804,251,1.167786,0.021026,-4.248168,0.062983,-0.460130,0.072327,0.882656,2
2026-06-26 10:54:04,483.490269,8.786522,113.810675,803,230,1.165112,0.025038,-4.247655,0.063255,-0.460064,0.072365,0.882668,2
2026-06-26 10:54:05,484.558528,9.654320,103.580573,805,240,1.164202,0.034021,-4.245935,0.063950,-0.460075,0.072428,0.882607,2
2026-06-26 10:54:06,485.625832,8.759821,114.157584,802,239,1.169398,0.023617,-4.246567,0.063169,-0.460285,0.072411,0.882555,2
2026-06-26 10:54:08,486.693189,9.233528,108.300966,806,245,1.167714,0.022625,-4.246252,0.063120,-0.460217,0.072426,0.882593,2
2026-06-26 10:54:09,487.760517,9.210122,108.576195,803,227,1.161863,0.026497,-4.246543,0.063394,-0.459914,0.072427,0.882731,2
2026-06-26 10:54:10,488.827843,9.768569,102.369139,805,242,1.169923,0.019780,-4.247352,0.062926,-0.460301,0.072504,0.882557,2
2026-06-26 10:54:11,489.895164,9.603552,104.128139,802,243,1.163235,0.026935,-4.247393,0.063428,-0.459957,0.072357,0.882713,2
2026-06-26 10:54:12,490.962435,9.779793,102.251653,804,234,1.162777,0.029384,-4.246062,0.063577,-0.459955,0.072227,0.882713,2
2026-06-26 10:54:13,492.029763,9.630665,103.834990,802,242,1.164555,0.024574,-4.248183,0.063193,-0.460043,0.072180,0.882699,2
2026-06-26 10:54:14,493.097055,8.679887,115.208873,803,234,1.164482,0.026317,-4.246490,0.063368,-0.460030,0.072432,0.882673,2
2026-06-26 10:54:15,494.164350,9.010389,110.983000,804,243,1.167221,0.025445,-4.247234,0.063358,-0.460181,0.072680,0.882574,2
2026-06-26 10:54:16,495.231683,8.719593,114.684252,804,242,1.170798,0.024764,-4.245503,0.063223,-0.460386,0.072374,0.882502,2
2026-06-26 10:54:17,496.299017,8.609354,116.152733,804,229,1.170288,0.019885,-4.246124,0.062946,-0.460264,0.072551,0.882571,2
2026-06-26 10:54:18,497.366328,8.769021,114.037816,801,236,1.163004,0.030332,-4.244944,0.063949,-0.459916,0.072575,0.882678,2
2026-06-26 10:54:19,498.433646,8.268040,120.947649,804,227,1.162436,0.030059,-4.245224,0.063882,-0.459896,0.072651,0.882687,2
2026-06-26 10:54:20,499.501849,8.458023,118.230939,804,225,1.166590,0.021311,-4.245540,0.063177,-0.460035,0.072502,0.882678,2
2026-06-26 10:54:21,500.569999,9.140230,109.406437,802,239,1.156827,0.040823,-4.246998,0.065001,-0.459559,0.072557,0.882788,2
2026-06-26 10:54:23,501.637578,8.562416,116.789467,805,231,1.159530,0.030261,-4.247408,0.063849,-0.459716,0.072195,0.882821,2
2026-06-26 10:54:24,502.705182,9.048252,110.518584,805,242,1.164288,0.030170,-4.247155,0.063875,-0.459970,0.072186,0.882687,2
2026-06-26 10:54:25,503.772798,8.377566,119.366413,805,249,1.161714,0.029737,-4.247356,0.063687,-0.459783,0.072011,0.882813,2
2026-06-26 10:54:26,504.840409,8.659105,115.485376,801,228,1.159389,0.037076,-4.247399,0.064738,-0.459608,0.072580,0.882781,2
2026-06-26 10:54:27,505.908015,12.613676,79.279030,802,229,1.158483,0.048081,-4.246378,0.065987,-0.459551,0.073083,0.882676,2
2026-06-26 10:54:28,506.975600,8.507200,117.547489,803,228,1.156980,0.039009,-4.247778,0.064987,-0.459453,0.072797,0.882825,2
2026-06-26 10:54:29,508.043152,9.074536,110.198472,803,225,1.160877,0.032576,-4.247452,0.064401,-0.459714,0.072726,0.882738,2
2026-06-26 10:54:30,509.110742,9.578928,104.395815,803,233,1.158802,0.037444,-4.247280,0.064983,-0.459542,0.072895,0.882771,2
2026-06-26 10:54:31,510.178329,8.329831,120.050455,805,222,1.156066,0.052133,-4.245514,0.066036,-0.459490,0.072801,0.882728,2
2026-06-26 10:54:32,511.245935,8.977779,111.386123,800,230,1.163579,0.034351,-4.247879,0.064653,-0.459828,0.072859,0.882649,2
2026-06-26 10:54:33,512.314545,9.636155,103.775832,801,231,1.161469,0.036623,-4.247552,0.064760,-0.459721,0.072827,0.882700,2
2026-06-26 10:54:34,513.316965,12.195889,81.994843,803,228,1.159965,0.039870,-4.248372,0.065107,-0.459608,0.072825,0.882733,2
2026-06-26 10:54:35,514.384279,8.680893,115.195522,802,235,1.160780,0.040490,-4.248330,0.065087,-0.459674,0.072799,0.882702,2
2026-06-26 10:54:36,515.451592,9.286934,107.678164,802,244,1.160521,0.041204,-4.248298,0.065158,-0.459650,0.072754,0.882714,2
2026-06-26 10:54:37,516.518906,9.832919,101.699200,805,230,1.162225,0.043268,-4.247179,0.065337,-0.459760,0.072828,0.882637,2
2026-06-26 10:54:38,517.586159,11.809042,84.680874,802,231,1.160732,0.039078,-4.247977,0.065053,-0.459675,0.072720,0.882711,2
2026-06-26 10:54:40,518.653450,8.578879,116.565346,804,245,1.162665,0.039113,-4.248375,0.065053,-0.459765,0.072995,0.882642,2
2026-06-26 10:54:41,519.720775,8.135748,122.914328,804,222,1.158875,0.044047,-4.247284,0.065404,-0.459595,0.072768,0.882723,2
2026-06-26 10:54:42,520.788084,9.082736,110.098983,805,233,1.159196,0.042679,-4.247784,0.065354,-0.459583,0.072913,0.882721,2
2026-06-26 10:54:43,521.788694,9.652981,103.594941,807,247,1.159845,0.037423,-4.247959,0.064978,-0.459607,0.072862,0.882740,2
2026-06-26 10:54:44,522.856019,9.824001,101.791521,806,237,1.158552,0.040770,-4.248043,0.065030,-0.459523,0.072446,0.882815,2
2026-06-26 10:54:45,523.923301,8.403864,118.992882,800,230,1.157810,0.044908,-4.246417,0.065482,-0.459544,0.072817,0.882740,2
2026-06-26 10:54:46,524.990622,9.739151,102.678355,801,231,1.161225,0.033949,-4.248270,0.064624,-0.459694,0.072733,0.882732,2
2026-06-26 10:54:47,526.057943,9.047925,110.522578,802,240,1.157984,0.040417,-4.246109,0.065222,-0.459506,0.072934,0.882769,2
2026-06-26 10:54:48,527.125260,12.215762,81.861451,802,243,1.163051,0.035813,-4.246980,0.064755,-0.459798,0.072775,0.882664,2
2026-06-26 10:54:49,528.192942,7.624029,131.164244,805,177,1.163015,0.037098,-4.246511,0.065095,-0.459774,0.073099,0.882625,2
2026-06-26 10:54:50,529.262375,7.303843,136.914224,803,184,1.162718,0.040840,-4.248069,0.065221,-0.459769,0.073004,0.882626,2
2026-06-26 10:54:51,530.332632,11.193758,89.335503,805,179,1.167537,0.029831,-4.246858,0.064255,-0.459996,0.072198,0.882645,2
2026-06-26 10:54:52,531.401435,8.919874,112.109207,806,222,1.160697,0.040161,-4.247764,0.065166,-0.459643,0.072874,0.882707,2
2026-06-26 10:54:53,532.468478,9.217895,108.484638,803,236,1.161899,0.042983,-4.248208,0.065330,-0.459748,0.072781,0.882648,2
2026-06-26 10:54:54,533.535500,8.464651,118.138362,807,234,1.161042,0.039052,-4.246765,0.065107,-0.459672,0.072996,0.882686,2
2026-06-26 10:54:55,534.602534,8.511615,117.486517,803,236,1.162747,0.034135,-4.247383,0.064675,-0.459766,0.072786,0.882686,2
2026-06-26 10:54:57,535.669586,8.592525,116.380226,804,232,1.160947,0.038312,-4.246706,0.065012,-0.459662,0.072743,0.882719,2
2026-06-26 10:54:58,536.736632,9.109900,109.770689,804,237,1.162021,0.037989,-4.247507,0.064956,-0.459729,0.072788,0.882684,2
2026-06-26 10:54:59,537.803680,8.885510,112.542780,803,237,1.158001,0.037545,-4.246298,0.065054,-0.459511,0.072997,0.882773,2
2026-06-26 10:55:00,538.870669,9.403145,106.347398,807,234,1.158456,0.046406,-4.246700,0.065624,-0.459567,0.072806,0.882718,2
2026-06-26 10:55:01,539.937719,9.350385,106.947468,801,234,1.161620,0.039450,-4.247250,0.065090,-0.459697,0.072810,0.882689,2
2026-06-26 10:55:02,541.004783,8.915513,112.164045,802,230,1.159443,0.041984,-4.248452,0.065251,-0.459584,0.072828,0.882735,2
2026-06-26 10:55:03,542.071846,12.247799,81.647323,804,229,1.159556,0.043702,-4.246892,0.065352,-0.459613,0.072725,0.882721,2
2026-06-26 10:55:04,543.138886,9.124572,109.594182,805,237,1.155676,0.047491,-4.247642,0.065683,-0.459419,0.072697,0.882800,2
2026-06-26 10:55:05,544.206574,9.033461,110.699543,803,227,1.158232,0.037917,-4.247312,0.064965,-0.459524,0.072716,0.882797,2
2026-06-26 10:55:06,545.209139,9.161685,109.150227,805,226,1.158117,0.042962,-4.246464,0.065292,-0.459544,0.072649,0.882768,2
2026-06-26 10:55:07,546.210858,9.449059,105.830644,805,240,1.160020,0.041458,-4.246553,0.065295,-0.459631,0.072902,0.882701,2
2026-06-26 10:55:08,547.212462,9.156298,109.214445,807,231,1.162646,0.039331,-4.248049,0.065102,-0.459782,0.072943,0.882633,2
2026-06-26 10:55:09,548.279824,8.855352,112.926059,805,228,1.158380,0.049143,-4.247161,0.065764,-0.459565,0.072680,0.882719,2
2026-06-26 10:55:10,549.280448,9.344542,107.014341,804,237,1.164482,0.038571,-4.247589,0.065055,-0.459837,0.072852,0.882616,2
2026-06-26 10:55:11,550.281076,9.262487,107.962365,804,230,1.158814,0.065867,-4.246230,0.066839,-0.459661,0.072444,0.882607,2
2026-06-26 10:55:12,551.348409,8.623852,115.957463,803,224,1.160270,0.040198,-4.246692,0.065211,-0.459641,0.072904,0.882702,2
2026-06-26 10:55:13,552.415715,9.122728,109.616334,806,245,1.157412,0.040085,-4.248069,0.065174,-0.459441,0.072924,0.882807,2
2026-06-26 10:55:14,553.483005,10.028385,99.716953,804,233,1.158749,0.039821,-4.248391,0.065083,-0.459544,0.072651,0.882783,2
2026-06-26 10:55:15,554.550334,11.641474,85.899775,803,244,1.164471,0.039456,-4.248235,0.065051,-0.459873,0.072707,0.882609,2
2026-06-26 10:55:17,555.684355,11.622069,86.043199,800,232,1.161210,0.037091,-4.247295,0.064926,-0.459707,0.072793,0.882698,2
2026-06-26 10:55:18,556.751663,9.113306,109.729663,802,240,1.158622,0.045895,-4.247537,0.065632,-0.459568,0.072876,0.882711,2
2026-06-26 10:55:19,557.818991,8.823582,113.332658,803,235,1.158106,0.044784,-4.245846,0.065565,-0.459541,0.072880,0.882730,2
2026-06-26 10:55:20,558.886317,8.222410,121.618844,805,231,1.161509,0.043743,-4.246706,0.065303,-0.459685,0.072437,0.882711,2
2026-06-26 10:55:21,559.953650,8.848640,113.011717,804,231,1.166473,0.038407,-4.247627,0.064938,-0.459987,0.072733,0.882556,2
2026-06-26 10:55:22,561.022510,9.002641,111.078516,805,236,1.164012,0.054750,-4.247564,0.066021,-0.459903,0.072471,0.882541,2
2026-06-26 10:55:23,562.090115,8.982439,111.328337,803,228,1.158060,0.044798,-4.246547,0.065497,-0.459550,0.072742,0.882741,2
2026-06-26 10:55:24,563.157692,9.325683,107.230752,806,236,1.162484,0.062102,-4.246006,0.066566,-0.459843,0.072497,0.882529,2
2026-06-26 10:55:25,564.225270,8.601010,116.265415,805,237,1.159589,0.045489,-4.245950,0.065577,-0.459622,0.072826,0.882691,2
2026-06-26 10:55:26,565.292897,9.228591,108.358903,803,237,1.160775,0.039050,-4.247470,0.065052,-0.459648,0.072685,0.882728,2
2026-06-26 10:55:27,566.360524,8.516825,117.414647,803,219,1.158149,0.047642,-4.245797,0.065691,-0.459554,0.072717,0.882727,2
2026-06-26 10:55:28,567.428141,8.989201,111.244592,802,237,1.162306,0.036998,-4.248127,0.064928,-0.459710,0.072832,0.882693,2
2026-06-26 10:55:29,568.495737,9.537781,104.846190,801,234,1.167371,0.034207,-4.247478,0.064136,-0.460111,0.072171,0.882596,2
2026-06-26 10:55:30,569.563281,8.053545,124.168922,804,183,1.167749,0.094431,-4.247744,0.070240,-0.460026,0.073730,0.882047,2
2026-06-26 10:55:31,570.564135,9.592969,104.243014,803,219,1.231554,-0.101826,-4.267762,0.062615,-0.462068,0.083812,0.880652,2
2026-06-26 10:55:33,571.631763,10.193236,98.104272,804,198,1.246158,-0.305041,-4.245669,0.054424,-0.461375,0.094770,0.880449,2
2026-06-26 10:55:34,572.699369,12.355722,80.934162,807,269,1.247467,-0.345619,-4.249116,0.054011,-0.461141,0.098354,0.880203,2
2026-06-26 10:55:35,573.766977,9.923531,100.770583,802,288,1.251581,-0.348209,-4.249384,0.053907,-0.461394,0.098556,0.880055,2
2026-06-26 10:55:36,574.834589,9.886846,101.144490,805,286,1.253211,-0.344220,-4.249683,0.054057,-0.461486,0.098449,0.880009,2
2026-06-26 10:55:37,575.902200,10.421371,95.956664,802,276,1.244292,-0.341566,-4.248330,0.054411,-0.461011,0.098479,0.880233,2
2026-06-26 10:55:38,576.969812,9.577104,104.415698,805,280,1.247180,-0.336188,-4.247880,0.054639,-0.461237,0.098302,0.880120,2
2026-06-26 10:55:39,578.037339,9.817589,101.858002,803,269,1.249567,-0.340562,-4.247771,0.054401,-0.461328,0.098316,0.880086,2
2026-06-26 10:55:40,579.104940,9.182990,108.896993,803,239,1.211917,-0.022709,-4.274041,0.091358,-0.458678,0.097689,0.878479,2
2026-06-26 10:55:41,580.105810,32.806177,30.482064,802,153,1.883952,0.068856,-4.050334,0.082758,-0.529377,0.053172,0.842665,2
2026-06-26 10:55:42,581.106702,27.684641,36.121111,805,81,3.097818,0.652089,-2.892015,0.131535,-0.652136,0.021041,0.746307,2
2026-06-26 10:55:43,582.174331,15.992734,62.528396,801,81,0.000000,0.000000,0.000000,0.000000,0.000000,0.000000,1.000000,3
2026-06-26 10:55:44,583.241959,9.034212,110.690340,804,161,1.983323,-0.400803,-4.226796,0.014767,-0.468231,0.006445,0.883459,2
2026-06-26 10:55:45,584.309582,11.464760,87.223806,801,136,3.389692,-0.568739,-2.948826,-0.011460,-0.649930,0.048307,0.758371,2
2026-06-26 10:55:46,585.377181,16.450335,60.789036,803,133,3.664384,0.103557,-1.807130,0.059549,-0.747605,0.062627,0.658497,2
2026-06-26 10:55:47,586.378048,15.443399,64.752585,801,98,3.418166,-0.109406,-2.186137,0.037840,-0.705517,0.050121,0.705905,2
2026-06-26 10:55:48,587.378950,16.737526,59.745986,801,141,-1.353570,0.581309,-4.310849,0.086067,-0.148267,-0.004855,0.985183,3
2026-06-26 10:55:49,588.446599,18.785533,53.232453,801,161,0.000000,0.000000,0.000000,0.000000,0.000000,0.000000,1.000000,3
2026-06-26 10:55:50,589.447534,16.376803,61.061979,804,139,0.000000,0.000000,0.000000,0.000000,0.000000,0.000000,1.000000,3
2026-06-26 10:55:51,590.515258,17.180721,58.204775,806,120,3.385584,-0.468562,-2.222046,0.012669,-0.666156,0.015208,0.745550,2
2026-06-26 10:55:52,591.582894,10.190564,98.129996,803,120,3.296644,-0.087588,-2.411796,-0.010035,-0.640321,0.076114,0.764261,2
2026-06-26 10:55:54,592.650483,19.218933,52.032025,803,173,3.245193,-0.087424,-2.424899,-0.007153,-0.636154,0.071422,0.768216,2
2026-06-26 10:55:55,593.651295,9.199889,108.696964,804,166,3.060977,-0.411186,-2.585757,0.034168,-0.633862,-0.012632,0.772588,2
2026-06-26 10:55:56,594.718837,25.343194,39.458326,801,194,3.397432,-0.724146,-1.965297,-0.027798,-0.701002,0.011697,0.712521,2
2026-06-26 10:55:57,595.853121,24.217534,41.292396,803,169,3.129517,-0.462741,2.129565,0.000961,-0.973995,0.014264,0.226119,2
2026-06-26 10:55:58,596.853957,16.927299,59.076170,801,66,2.508800,-0.252654,2.821620,0.037386,-0.993374,0.016992,0.107337,3
2026-06-26 10:55:59,597.854782,15.850713,63.088645,803,66,0.000000,0.000000,0.000000,0.000000,0.000000,0.000000,1.000000,3
2026-06-26 10:56:00,598.922349,15.877714,62.981359,802,66,0.000000,0.000000,0.000000,0.000000,0.000000,0.000000,1.000000,3
2026-06-26 10:56:01,599.989860,2.293677,435.981178,801,66,0.000000,0.000000,0.000000,0.000000,0.000000,0.000000,1.000000,2
2026-06-26 10:56:02,601.057416,14.176787,70.537845,774,19,0.000000,0.000000,0.000000,0.000000,0.000000,0.000000,1.000000,3
2026-06-26 10:56:03,602.124998,15.626973,63.991920,803,19,0.000000,0.000000,0.000000,0.000000,0.000000,0.000000,1.000000,3
2026-06-26 10:56:04,603.192571,13.522115,73.952928,803,19,0.000000,0.000000,0.000000,0.000000,0.000000,0.000000,1.000000,3
2026-06-26 10:56:05,604.260174,23.528612,42.501445,803,146,0.094374,0.002792,-0.020802,-0.000713,-0.098171,0.002892,0.995165,2
2026-06-26 10:56:06,605.327752,9.253358,108.068876,803,59,0.421056,0.031384,-0.101233,0.024246,-0.162095,-0.013875,0.986380,2
2026-06-26 10:56:07,606.395369,15.315677,65.292576,802,50,0.591228,0.005543,0.002953,0.022074,-0.325080,-0.012525,0.945346,2
2026-06-26 10:56:08,607.463014,23.918196,41.809173,803,91,0.489575,0.005965,-0.022637,-0.011152,-0.207966,0.020575,0.977856,3
2026-06-26 10:56:09,608.463919,16.693197,59.904643,803,91,0.000000,0.000000,0.000000,0.000000,0.000000,0.000000,1.000000,3
2026-06-26 10:56:10,609.531533,12.923927,77.375863,804,91,0.000000,0.000000,0.000000,0.000000,0.000000,0.000000,1.000000,3
2026-06-26 10:56:11,610.599149,2.410569,414.839816,801,91,0.000000,0.000000,0.000000,0.000000,0.000000,0.000000,1.000000,2
2026-06-26 10:56:12,611.600041,22.421755,44.599542,801,129,-0.301721,-0.031300,-0.077000,0.027109,-0.110709,0.007049,0.993458,2
2026-06-26 10:56:14,612.667659,15.878764,62.977194,797,49,0.000000,0.000000,0.000000,0.000000,0.000000,0.000000,1.000000,3
2026-06-26 10:56:15,613.735272,15.624596,64.001655,801,49,0.000000,0.000000,0.000000,0.000000,0.000000,0.000000,1.000000,3
2026-06-26 10:56:16,614.737803,13.405418,74.596704,802,49,0.000000,0.000000,0.000000,0.000000,0.000000,0.000000,1.000000,3
2026-06-26 10:56:17,615.806108,6.451530,155.001992,802,90,0.025845,-0.005111,-0.073382,-0.017390,-0.029229,0.023528,0.999145,2
2026-06-26 10:56:18,616.873382,8.034201,124.467884,804,93,-0.027484,0.008163,-0.207346,0.020003,0.112757,-0.020925,0.993201,2
2026-06-26 10:56:19,617.940713,22.101556,45.245683,801,103,-0.296933,0.088889,-0.301263,0.080588,0.257267,-0.032068,0.962440,2
2026-06-26 10:56:20,619.010466,5.468926,182.851258,801,112,-0.472235,-0.007889,-0.269446,0.065364,0.326414,-0.021247,0.942725,2
2026-06-26 10:56:21,620.077675,5.983970,167.113137,800,61,-0.509966,-0.044840,-0.345694,0.048390,0.412369,-0.047256,0.908503,2
2026-06-26 10:56:22,621.078059,8.526672,117.279051,802,151,-0.608654,-0.003328,-0.875503,0.023206,0.346703,-0.034760,0.937043,2
2026-06-26 10:56:23,622.278484,4.867437,205.446932,801,88,-1.046634,-0.020267,-1.397806,0.052599,0.418024,-0.040153,0.906023,2
2026-06-26 10:56:24,623.278863,4.230762,236.364040,804,40,-1.281629,-0.049962,-1.766160,0.033263,0.432072,-0.050321,0.899819,3
2026-06-26 10:56:25,624.345937,18.076267,55.321157,804,40,0.000000,0.000000,0.000000,0.000000,0.000000,0.000000,1.000000,3
2026-06-26 10:56:26,625.479703,13.098625,76.343891,803,40,0.000000,0.000000,0.000000,0.000000,0.000000,0.000000,1.000000,3
2026-06-26 10:56:27,626.546746,17.331981,57.696809,803,237,-0.037925,-0.011282,-0.085208,-0.004814,-0.000215,0.004706,0.999977,2
2026-06-26 10:56:28,627.547093,8.369283,119.484548,801,148,-0.343566,-0.101893,-0.591044,-0.011103,0.059815,-0.013507,0.998056,2
2026-06-26 10:56:29,628.547480,15.286936,65.415332,802,201,-0.500769,-0.192074,-1.145489,-0.003670,0.101299,-0.006570,0.994828,2
2026-06-26 10:56:31,629.614560,12.299487,81.304204,800,81,-1.134594,-0.369644,-1.264093,-0.067377,0.296443,-0.033972,0.952065,2
2026-06-26 10:56:32,630.682483,15.072694,66.345140,805,129,-1.276743,-0.318917,-1.309780,-0.051250,0.325525,-0.050864,0.942772,2
2026-06-26 10:56:33,631.883802,28.555682,35.019300,805,98,-1.167616,-0.395174,-2.098594,-0.018753,0.203676,-0.042500,0.977936,2
2026-06-26 10:56:34,632.884409,15.756224,63.466983,802,100,0.000000,0.000000,0.000000,0.000000,0.000000,0.000000,1.000000,3
2026-06-26 10:56:35,633.951734,16.729979,59.772938,805,100,0.000000,0.000000,0.000000,0.000000,0.000000,0.000000,1.000000,3
2026-06-26 10:56:36,635.020499,20.345457,49.151022,803,100,0.000000,0.000000,0.000000,0.000000,0.000000,0.000000,1.000000,3
2026-06-26 10:56:37,636.088177,5.037091,198.527285,801,22,-0.085184,0.030209,0.225791,0.034174,-0.089648,0.003559,0.995381,3
2026-06-26 10:56:38,637.155731,12.196620,81.989928,801,22,0.000000,0.000000,0.000000,0.000000,0.000000,0.000000,1.000000,3
2026-06-26 10:56:39,638.223348,21.080008,47.438312,802,22,0.344875,-0.001877,0.119528,0.045279,0.169709,-0.144660,0.973767,3
2026-06-26 10:56:40,639.290965,1.896879,527.181755,804,22,0.000000,0.000000,0.000000,0.000000,0.000000,0.000000,1.000000,2
2026-06-26 10:56:41,640.291857,4.583196,218.188356,801,148,-0.024076,0.017878,0.043540,-0.022174,0.003621,0.002105,0.999745,2
2026-06-26 10:56:42,641.359479,5.715305,174.968790,803,145,-0.012235,0.027982,0.039117,-0.031156,0.011569,0.008897,0.999408,2
2026-06-26 10:56:43,642.360347,4.680346,213.659417,801,151,-0.012685,0.027466,0.045116,-0.031384,0.045714,0.010209,0.998409,2
2026-06-26 10:56:44,643.361171,5.140650,194.527929,801,108,0.016388,-0.029692,-0.211683,-0.059855,0.004351,0.041992,0.997314,2
2026-06-26 10:56:45,644.428796,6.931565,144.267564,803,167,0.000168,-0.146196,-0.425765,-0.032702,-0.029316,0.043011,0.998109,2
2026-06-26 10:56:46,645.496414,8.307253,120.376736,802,169,0.052189,-0.166494,-0.605771,-0.017672,-0.045347,0.046482,0.997733,2
2026-06-26 10:56:47,646.564035,7.977803,125.347793,802,175,-0.006624,-0.495842,-0.832883,-0.029374,-0.027689,0.087269,0.995367,2
2026-06-26 10:56:49,647.631655,18.708593,53.451374,805,83,0.000000,0.000000,0.000000,0.000000,0.000000,0.000000,1.000000,3
2026-06-26 10:56:50,648.699270,14.090044,70.972099,801,39,0.000000,0.000000,0.000000,0.000000,0.000000,0.000000,1.000000,3
2026-06-26 10:56:51,649.766882,21.191206,47.189386,803,39,-0.345620,-0.657537,-1.501025,0.026612,0.053200,0.040268,0.997417,3
2026-06-26 10:56:52,650.834491,12.045700,83.017176,807,39,0.000000,0.000000,0.000000,0.000000,0.000000,0.000000,1.000000,3
2026-06-26 10:56:53,651.902095,17.445262,57.322154,804,254,-0.017930,-0.006823,-0.012743,0.000914,-0.006444,-0.008054,0.999946,2
2026-06-26 10:56:54,652.969674,9.186694,108.853087,805,221,-0.011727,0.033902,-0.027658,-0.013516,0.021331,-0.028187,0.999284,2
2026-06-26 10:56:55,654.037266,18.652986,53.610719,804,33,0.000000,0.000000,0.000000,0.000000,0.000000,0.000000,1.000000,3
2026-06-26 10:56:56,655.104871,13.038161,76.697933,805,81,-0.258968,-0.303517,-0.408572,-0.044225,0.021564,-0.042762,0.997873,4
2026-06-26 10:56:57,656.172474,10.504845,95.194170,805,183,-0.078533,-0.065604,-0.177704,-0.005073,-0.005314,-0.000915,0.999973,2
2026-06-26 10:56:58,657.240089,10.746404,93.054384,802,230,-0.038961,-0.048826,-0.093103,-0.005838,0.005015,0.003105,0.999966,2
2026-06-26 10:56:59,658.307651,6.702158,149.205674,805,127,-0.002502,-0.089931,-0.166463,-0.036648,-0.011439,0.008867,0.999223,2
2026-06-26 10:57:00,659.375234,10.725720,93.233834,802,179,-0.020288,-0.094546,-0.181176,0.021144,0.094892,0.012000,0.995191,2
2026-06-26 10:57:01,660.442844,12.321560,81.158555,800,48,0.000000,0.000000,0.000000,0.000000,0.000000,0.000000,1.000000,3
2026-06-26 10:57:02,661.510453,9.516832,105.076984,802,180,-0.163673,-0.151440,-0.336458,0.046095,0.086940,0.024023,0.994857,2
2026-06-26 10:57:03,662.578066,10.541922,94.859362,803,264,-0.149012,-0.153911,-0.307799,0.034055,0.114122,0.025405,0.992558,2
2026-06-26 10:57:05,663.645682,11.043598,90.550199,804,268,-0.129389,-0.149320,-0.305394,0.032242,0.101250,0.025580,0.994009,2
2026-06-26 10:57:06,664.713261,7.154167,139.778677,804,43,-0.136336,-0.230201,-0.424965,0.040639,0.077337,0.001447,0.996175,2
2026-06-26 10:57:07,665.780847,8.596282,116.329362,804,209,-0.138747,-0.188287,-0.361109,0.026934,0.113256,0.019051,0.993018,2
2026-06-26 10:57:08,666.848463,9.560557,104.596416,802,295,-0.126408,-0.169502,-0.296877,0.003425,0.125682,0.029024,0.991640,2
2026-06-26 10:57:09,667.916061,8.157350,122.588831,803,239,-0.215587,-0.170742,-0.319877,0.005170,0.221328,0.012251,0.975109,2
2026-06-26 10:57:10,668.983671,12.253081,81.612127,803,100,-0.299377,-0.227194,-0.652483,-0.004956,0.310694,0.010970,0.950434,2
2026-06-26 10:57:11,670.051288,41.720398,23.969091,805,148,-0.850270,-0.255281,-0.631368,0.006061,0.574241,-0.044482,0.817455,2
2026-06-26 10:57:12,671.118897,7.641325,130.867356,803,168,-1.047727,-0.331584,-0.932418,0.004215,0.634402,-0.051265,0.771290,2
2026-06-26 10:57:13,672.119758,7.994368,125.088062,802,76,-1.609637,-0.276846,-0.840210,0.024227,0.753484,-0.109169,0.647886,2
2026-06-26 10:57:14,673.120653,9.197127,108.729607,801,11,-1.851627,-0.575458,-0.976989,-0.019063,0.786894,-0.131821,0.602543,3
2026-06-26 10:57:15,674.188260,17.031863,58.713483,801,11,0.000000,0.000000,0.000000,0.000000,0.000000,0.000000,1.000000,3
2026-06-26 10:57:16,675.255879,16.267648,61.471701,802,11,0.000000,0.000000,0.000000,0.000000,0.000000,0.000000,1.000000,3
2026-06-26 10:57:17,676.323499,2.465947,405.523720,802,11,0.000000,0.000000,0.000000,0.000000,0.000000,0.000000,1.000000,2
2026-06-26 10:57:18,677.391119,10.268535,97.384875,800,248,-0.098789,-0.056112,-0.297774,-0.039708,0.037494,0.001727,0.998506,2
2026-06-26 10:57:19,678.458753,9.092460,109.981237,789,198,-0.150597,-0.140376,-0.526152,-0.011869,-0.041569,-0.004718,0.999054,2
2026-06-26 10:57:20,679.593097,24.333558,41.095511,803,249,-0.267817,-0.234217,-0.753691,-0.002454,0.029594,0.018252,0.999392,2
2026-06-26 10:57:22,680.727423,17.148147,58.315339,803,288,-0.145224,-0.375144,-1.002991,-0.002008,-0.027193,0.028521,0.999221,2
2026-06-26 10:57:23,681.795016,11.084475,90.216271,801,173,-0.310127,-0.600864,-1.122204,-0.012208,-0.007224,0.021902,0.999659,2
2026-06-26 10:57:24,682.929358,29.349364,34.072289,801,194,-0.396777,-0.629843,-1.240895,-0.007479,0.039195,0.019234,0.999018,2
2026-06-26 10:57:25,683.996957,9.817270,101.861312,801,179,-0.223474,-0.812009,-1.381813,-0.006728,-0.007604,0.030815,0.999474,2
2026-06-26 10:57:26,685.064520,13.630203,73.366479,800,218,-0.224125,-0.846635,-1.447443,-0.022457,-0.018724,0.009929,0.999523,2
2026-06-26 10:57:27,686.132142,10.304335,97.046534,801,107,-0.030429,-1.047987,-1.667253,-0.023062,-0.024115,0.036039,0.998793,2
2026-06-26 10:57:28,687.333134,40.492365,24.696014,800,206,-0.546936,-1.015004,-1.510479,-0.016768,0.093606,0.029181,0.995040,2
2026-06-26 10:57:29,688.400802,14.784650,67.637719,801,314,-0.421618,-1.013989,-1.561160,-0.014508,0.045381,0.034297,0.998275,2
2026-06-26 10:57:30,689.469319,14.234048,70.254084,801,324,-0.373379,-1.027779,-1.577628,-0.014034,0.038510,0.051834,0.997814,2
2026-06-26 10:57:31,690.472038,17.206615,58.117183,801,318,-0.400171,-1.022533,-1.564474,-0.013997,0.042579,0.045171,0.997973,2
2026-06-26 10:57:32,691.472582,10.012665,99.873510,800,89,-0.153800,-1.071533,-1.720484,-0.017146,-0.003769,0.030300,0.999387,2
2026-06-26 10:57:34,692.606589,18.604937,53.749174,800,209,-0.225821,-1.210671,-1.978556,-0.003729,-0.015213,0.027339,0.999503,2
2026-06-26 10:57:35,693.673862,21.729841,46.019665,802,221,-0.253509,-1.411637,-2.143228,-0.004394,-0.028700,0.029157,0.999153,2
2026-06-26 10:57:36,694.741135,31.803304,31.443274,800,150,-0.131581,-1.561465,-2.411359,0.012941,-0.047947,0.040941,0.997927,2
2026-06-26 10:57:37,695.741742,15.215215,65.723685,804,238,-0.368274,-1.731157,-2.475107,-0.007482,-0.004987,0.020847,0.999742,2
2026-06-26 10:57:38,696.875758,13.609208,73.479662,801,204,-0.408742,-1.846477,-2.711626,0.000945,-0.009525,0.020367,0.999747,2
2026-06-26 10:57:39,698.276607,14.371369,69.582793,802,188,-0.684752,-1.925961,-2.990629,0.020220,0.023952,-0.010989,0.999448,2
2026-06-26 10:57:40,699.277220,17.903373,55.855397,801,193,-0.557393,-2.050540,-3.285056,0.031964,0.000531,0.014915,0.999378,2
2026-06-26 10:57:41,700.277827,23.362872,42.802957,800,116,-0.327167,-2.234005,-3.507106,0.034536,-0.025711,0.021268,0.998846,2
2026-06-26 10:57:42,701.345125,31.603640,31.641925,802,73,-0.512425,-2.338977,-3.558450,0.018726,-0.024576,-0.013446,0.999432,2
2026-06-26 10:57:43,702.345765,38.985209,25.650754,803,94,-0.083839,-2.653075,-3.855510,0.012885,-0.102246,-0.014144,0.994575,2
2026-06-26 10:57:44,703.346531,17.417441,57.413715,801,94,0.000000,0.000000,0.000000,0.000000,0.000000,0.000000,1.000000,3
2026-06-26 10:57:45,704.413859,15.657134,63.868649,804,46,0.000000,0.000000,0.000000,0.000000,0.000000,0.000000,1.000000,3
2026-06-26 10:57:46,705.481671,19.920984,50.198324,800,46,0.000000,0.000000,0.000000,0.000000,0.000000,0.000000,1.000000,3
2026-06-26 10:57:47,706.550251,20.310417,49.235818,805,46,0.000000,0.000000,0.000000,0.000000,0.000000,0.000000,1.000000,3
2026-06-26 10:57:48,707.617821,6.762244,147.879905,801,181,-0.211470,0.001571,0.048099,-0.001154,-0.054028,-0.007656,0.998509,2
2026-06-26 10:57:50,708.685407,16.376704,61.062348,807,228,-0.767176,-0.029002,-0.040677,0.017143,-0.143854,-0.000715,0.989450,2
2026-06-26 10:57:51,709.752971,16.338204,61.206238,806,215,-0.686366,0.007515,0.368978,0.002156,0.058604,-0.014233,0.998178,2
2026-06-26 10:57:52,710.820522,11.520530,86.801562,803,265,-0.611992,0.018400,0.369936,-0.004377,0.065802,-0.012639,0.997743,2
2026-06-26 10:57:53,711.888072,17.378537,57.542243,803,220,-0.552355,0.028708,0.401245,-0.000490,0.089291,-0.022837,0.995744,2
2026-06-26 10:57:54,712.955646,11.694533,85.510041,803,211,-0.388171,0.004113,0.372604,0.002146,0.119561,-0.014989,0.992711,2
2026-06-26 10:57:55,714.023240,14.305985,69.900814,800,240,-0.431942,-0.019330,0.114635,0.005264,0.088899,-0.025564,0.995699,2
2026-06-26 10:57:56,715.090805,15.451802,64.717371,802,209,-0.269448,-0.030255,0.020039,0.010675,-0.004180,-0.002059,0.999932,2
2026-06-26 10:57:57,716.158395,12.712922,78.660122,802,233,-0.234254,-0.021114,0.099607,0.017241,0.062758,-0.022345,0.997630,2
2026-06-26 10:57:58,717.159266,15.410505,64.890800,801,217,-0.199877,-0.012865,0.062306,0.001114,0.029244,-0.014822,0.999462,2
2026-06-26 10:57:59,718.226859,12.792016,78.173761,805,208,-0.197316,-0.010285,0.053223,0.001419,0.023469,-0.020280,0.999518,2
2026-06-26 10:58:00,719.294586,12.218803,81.841077,801,238,-0.223076,-0.006321,0.049215,-0.001169,-0.010481,-0.020512,0.999734,2
2026-06-26 10:58:01,720.295479,12.733238,78.534619,801,213,-0.293342,-0.025900,-0.005617,0.016558,-0.100051,-0.002567,0.994841,2
2026-06-26 10:58:02,721.363069,18.076035,55.321867,804,252,-0.663169,-0.061972,-0.024411,0.003820,-0.080017,0.005844,0.996769,2
2026-06-26 10:58:03,722.363934,14.846257,67.357045,803,263,-0.815186,0.016645,-0.284672,0.022682,-0.092657,-0.053991,0.993974,2
2026-06-26 10:58:04,723.364824,13.682645,73.085284,802,220,-1.133607,-0.084562,-0.343547,-0.009051,-0.063436,-0.000436,0.997945,2
2026-06-26 10:58:05,724.432380,13.761053,72.668858,804,205,-1.116962,-0.013620,-0.221975,-0.004218,0.004668,-0.033353,0.999424,2
2026-06-26 10:58:06,725.500007,17.215947,58.085681,804,251,-1.016878,0.039850,-0.509754,0.189316,-0.110756,-0.028421,0.975236,2
2026-06-26 10:58:07,726.567642,17.972461,55.640683,803,297,-1.020420,0.035286,-0.489459,0.186970,-0.103576,-0.027822,0.976494,2
2026-06-26 10:58:09,727.635248,13.987929,71.490211,804,229,-1.043444,0.033725,-0.463562,0.208282,-0.088973,-0.029330,0.973572,2
2026-06-26 10:58:10,728.702859,14.219082,70.328028,802,250,-1.036751,0.033828,-0.496374,0.223027,-0.105102,-0.024349,0.968824,2
2026-06-26 10:58:11,729.771802,12.999098,76.928415,806,218,-1.038783,0.053834,-0.491854,0.240872,-0.107996,-0.031242,0.964024,2
2026-06-26 10:58:12,730.773820,13.039469,76.690239,805,232,-1.038338,0.083360,-0.517022,0.237913,-0.127215,-0.047240,0.961760,2
2026-06-26 10:58:13,731.841161,18.029038,55.466076,807,206,-1.388527,0.167297,-0.628025,0.231103,-0.115178,-0.068662,0.963645,2
2026-06-26 10:58:14,732.908508,22.408245,44.626431,803,136,-1.647871,0.280734,-0.929514,0.244206,-0.096486,-0.055623,0.963307,2
2026-06-26 10:58:15,733.975849,19.118484,52.305402,805,200,-2.063748,0.377574,-1.142049,0.211134,-0.058719,-0.061581,0.973746,2
2026-06-26 10:58:16,734.976652,14.554922,68.705281,800,137,-2.422949,0.421322,-1.320538,0.222131,-0.015349,-0.045503,0.973834,2
2026-06-26 10:58:17,736.177477,31.153956,32.098652,803,107,-2.637271,0.419454,-1.739299,0.215467,-0.016943,-0.023553,0.976080,2
2026-06-26 10:58:18,737.178077,16.403456,60.962763,803,112,-3.079733,0.484698,-1.834554,0.201875,0.033111,-0.026944,0.978480,2
2026-06-26 10:58:19,738.245373,19.611994,50.989206,801,220,-2.843221,0.625771,-2.689051,0.219028,-0.036103,0.002410,0.975047,2
2026-06-26 10:58:20,739.379389,21.537177,46.431341,804,153,-3.157908,0.911427,-3.042149,0.208553,-0.020394,-0.033773,0.977215,2
2026-06-26 10:58:22,740.646728,25.966256,38.511520,802,92,-3.748049,0.898327,-3.074533,0.213166,0.049312,-0.025856,0.975428,2
2026-06-26 10:58:23,741.714051,43.545846,22.964303,803,178,-3.525826,1.039982,-3.897042,0.206750,-0.002423,-0.012398,0.978312,2
2026-06-26 10:58:24,742.914791,32.603338,30.671706,807,175,-3.883935,1.456864,-4.223938,0.219454,0.018952,-0.033981,0.974847,2
2026-06-26 10:58:25,743.982103,22.249118,44.945602,803,139,-3.380651,1.792302,-5.062083,0.246596,-0.034949,-0.007999,0.968455,2
2026-06-26 10:58:26,744.982728,22.017763,45.417875,803,241,-4.001803,1.877410,-5.193612,0.218759,0.012354,-0.043145,0.974746,2
2026-06-26 10:58:27,745.984229,20.730888,48.237200,804,171,-3.592614,1.978712,-6.009280,0.237585,-0.030094,0.003767,0.970893,2
2026-06-26 10:58:28,747.052400,26.422527,37.846494,806,212,-4.214424,2.282581,-6.084540,0.225038,0.017909,-0.042294,0.973267,2
2026-06-26 10:58:29,748.053266,24.094393,41.503432,801,189,-3.777827,2.311625,-6.904908,0.227647,-0.019194,-0.011712,0.973484,2
2026-06-26 10:58:30,749.120852,45.815819,21.826522,802,136,-4.230412,2.337661,-7.295653,0.211922,0.007798,-0.023574,0.976971,2
2026-06-26 10:58:31,750.188438,16.931211,59.062521,801,166,-4.740496,2.657389,-7.430043,0.220922,0.040621,-0.030535,0.973967,2
2026-06-26 10:58:32,751.322881,28.539474,35.039188,803,238,-5.209731,2.324777,-7.981565,0.188263,0.063601,-0.028421,0.979645,2
2026-06-26 10:58:33,752.324358,16.070454,62.225996,803,220,-8.434079,1.884338,-5.613955,0.177001,0.270318,-0.023305,0.946074,2
2026-06-26 10:58:34,753.325229,10.315722,96.939410,807,146,-10.194160,1.469335,-3.093862,0.259117,0.413472,0.065799,0.870385,2
2026-06-26 10:58:35,754.326067,11.802601,84.727087,802,154,-11.165606,-0.182781,-0.679016,0.220732,0.539266,0.097378,0.806838,2
2026-06-26 10:58:36,755.393619,10.263351,97.434064,805,129,-11.619028,-0.211012,0.473627,0.206794,0.594021,0.079859,0.773303,2
2026-06-26 10:58:37,756.461180,10.386706,96.276914,806,195,-11.860650,0.107449,-0.060878,0.223359,0.587890,0.086989,0.772612,2
2026-06-26 10:58:38,757.529288,7.113184,140.584020,805,164,-12.099275,-0.351300,1.529782,0.189638,0.655205,0.073518,0.727557,2
2026-06-26 10:58:39,758.596779,13.832471,72.293663,803,287,-12.391498,-0.571255,0.132091,0.180751,0.626392,0.097816,0.751927,2
2026-06-26 10:58:41,759.664238,7.159315,139.678168,804,123,-12.158834,-1.161547,3.439122,0.159204,0.731643,0.081944,0.657752,2
2026-06-26 10:58:42,760.731691,24.308291,41.138227,804,211,-12.503089,-0.643884,1.383946,0.136566,0.684757,0.064103,0.712986,2
2026-06-26 10:58:43,761.799160,7.351856,136.020074,804,142,-12.520064,0.139399,0.336551,0.153600,0.663484,0.048869,0.730622,2
2026-06-26 10:58:44,762.866646,15.443873,64.750597,803,286,-12.384958,-0.413026,-0.180281,0.141228,0.664421,0.075168,0.730034,2
2026-06-26 10:58:45,763.934102,10.262372,97.443359,805,207,-12.346708,-0.485684,1.833288,0.148835,0.732015,0.071716,0.660953,2
2026-06-26 10:58:46,765.001555,8.420468,118.758245,806,165,-12.428775,-0.422751,-0.439427,0.148279,0.679798,0.091821,0.712361,2
2026-06-26 10:58:47,766.002293,26.235829,38.115815,806,249,-12.399952,0.477189,-2.081092,0.178501,0.636476,0.093346,0.744528,2
2026-06-26 10:58:48,767.071413,9.903495,100.974454,804,142,-11.706285,1.231160,-4.846162,0.162418,0.557734,0.059280,0.811812,2
2026-06-26 10:58:49,768.073130,9.948533,100.517333,804,180,-12.211347,0.929065,-3.806622,0.138840,0.611214,0.040664,0.778131,2
2026-06-26 10:58:50,769.073781,10.002294,99.977065,805,189,-11.596383,1.020789,-5.527871,0.133882,0.571272,0.047221,0.808390,2
2026-06-26 10:58:51,770.141040,9.874828,101.267587,804,207,-12.135057,1.005594,-4.728167,0.134017,0.616486,0.047375,0.774429,2
2026-06-26 10:58:52,771.277185,9.486025,105.418234,805,255,-11.777608,1.139789,-5.715268,0.138063,0.599437,0.060916,0.786068,2
2026-06-26 10:58:53,772.344588,10.655547,93.847833,805,183,-12.526357,1.699397,-4.357894,0.164298,0.652898,0.056532,0.737248,2
2026-06-26 10:58:54,773.411951,11.281596,88.639941,802,141,-12.107100,1.265224,-5.753616,0.152812,0.628184,0.095359,0.756928,2
2026-06-26 10:58:55,774.479038,18.553136,53.899244,802,27,0.000000,0.000000,0.000000,0.000000,0.000000,0.000000,1.000000,3
2026-06-26 10:58:56,775.546112,20.006478,49.983810,803,27,0.000000,0.000000,0.000000,0.000000,0.000000,0.000000,1.000000,3
2026-06-26 10:58:58,776.613170,23.481875,42.586037,802,27,0.000000,0.000000,0.000000,0.000000,0.000000,0.000000,1.000000,3
2026-06-26 10:58:59,777.680186,24.846624,40.246916,802,229,-0.011143,-0.087941,0.358472,-0.008266,-0.006901,-0.011296,0.999878,2
2026-06-26 10:59:00,778.680583,11.342061,88.167397,802,293,0.128032,-0.048956,0.549984,-0.032572,0.066292,0.007342,0.997241,2
2026-06-26 10:59:01,779.747649,9.530749,104.923548,802,214,0.143120,-0.056403,0.658836,-0.063742,0.109511,-0.004689,0.991929,2
2026-06-26 10:59:02,780.748012,9.717457,102.907582,802,214,0.188061,-0.100996,0.858552,-0.058371,0.168978,0.007859,0.983858,2
2026-06-26 10:59:03,781.815090,6.927887,144.344156,805,217,0.170522,-0.096123,0.869897,-0.062144,0.160629,0.009336,0.985012,2
2026-06-26 10:59:04,782.882818,7.147039,139.918084,803,217,0.181742,-0.092510,0.875617,-0.064661,0.169431,0.006313,0.983398,2
2026-06-26 10:59:05,783.950896,8.845126,113.056614,803,206,0.174191,-0.095589,0.883619,-0.063676,0.162827,0.011670,0.984529,2
2026-06-26 10:59:06,785.018232,7.336728,136.300542,802,228,0.100615,-0.051893,0.895560,-0.079193,0.126972,0.025249,0.988418,2
2026-06-26 10:59:07,786.085574,9.403878,106.339108,804,225,0.268716,-0.041357,0.870572,-0.068040,0.167061,0.052466,0.982196,2
2026-06-26 10:59:08,787.153982,9.703513,103.055460,802,220,0.234806,-0.056842,0.903395,-0.066566,0.128461,0.044111,0.988494,2
2026-06-26 10:59:09,788.221918,10.216356,97.882259,805,230,0.252682,-0.041224,0.896476,-0.070337,0.138124,0.046075,0.986839,2
2026-06-26 10:59:10,789.289515,7.110780,140.631548,803,205,0.440060,-0.013415,0.848998,-0.080885,0.182319,0.039697,0.979102,2
2026-06-26 10:59:11,790.357150,6.987685,143.108912,803,224,0.420972,0.027516,0.593640,-0.080659,0.189859,0.056904,0.976837,2
2026-06-26 10:59:12,791.427327,10.683347,93.603624,802,207,0.480329,-0.028638,0.258856,0.003670,0.171564,0.059665,0.983358,2
2026-06-26 10:59:13,792.497322,8.857572,112.897756,807,200,0.323023,0.061114,-0.095072,0.072075,0.133537,0.040166,0.987603,2
2026-06-26 10:59:14,793.564363,7.762811,128.819316,805,261,0.239826,0.165559,-0.375342,0.089087,0.107921,0.018345,0.989990,2
2026-06-26 10:59:16,794.631433,10.846035,92.199592,803,197,0.126398,0.314828,-0.754936,0.056535,0.108951,0.000750,0.992438,2
2026-06-26 10:59:17,795.698495,10.582382,94.496683,805,250,0.008932,0.419330,-1.152755,0.026954,0.088989,0.001511,0.995667,2
2026-06-26 10:59:18,796.765514,8.870369,112.734882,802,207,-0.221201,0.493253,-1.447413,0.013139,0.148234,0.032477,0.988332,2
2026-06-26 10:59:19,797.766540,13.315582,75.099984,804,308,-0.528534,0.580001,-1.590013,0.023072,0.201014,0.026409,0.978960,2
2026-06-26 10:59:20,798.768774,10.989335,90.997317,805,265,-0.206900,0.635442,-2.119476,0.000170,0.102073,0.026427,0.994426,2
2026-06-26 10:59:21,799.968873,26.606127,37.585328,805,266,-0.664990,0.643227,-2.523046,-0.021528,0.172775,0.034381,0.984126,2
2026-06-26 10:59:22,801.035675,7.048132,141.881565,803,150,-0.454328,0.763832,-2.982027,-0.016383,0.121219,0.032288,0.991965,2
2026-06-26 10:59:23,802.102473,8.812406,113.476388,803,140,-0.494506,0.663380,-3.532075,-0.051039,0.124787,0.005487,0.990855,2
2026-06-26 10:59:24,803.102598,9.535067,104.876033,802,140,-1.180286,0.766081,-3.858780,-0.045221,0.191022,0.038486,0.979788,2
2026-06-26 10:59:25,804.169371,19.086784,52.392273,805,244,-0.925046,0.801233,-4.448563,-0.052729,0.153992,0.013426,0.986573,2
2026-06-26 10:59:26,805.236143,9.874352,101.272468,803,219,-1.183505,1.313607,-4.815495,-0.006602,0.158872,0.017581,0.987121,2
2026-06-26 10:59:27,806.302873,11.081245,90.242568,801,211,-0.947704,1.272477,-5.459147,-0.023383,0.134292,0.018515,0.990493,2
2026-06-26 10:59:28,807.304159,10.057818,99.425144,804,177,-0.963727,1.400629,-5.901513,-0.022111,0.135891,-0.005042,0.990464,2
2026-06-26 10:59:29,808.306036,16.532867,60.485577,802,282,-0.912683,0.993721,-6.522070,-0.064049,0.124171,-0.009968,0.990141,2
2026-06-26 10:59:30,809.308985,15.012820,66.609738,806,279,-0.419331,1.251376,-6.974270,-0.049538,0.071902,0.008053,0.996148,2
2026-06-26 10:59:31,810.376670,12.055245,82.951446,804,234,-0.846714,1.448725,-7.390293,-0.042979,0.095765,-0.019450,0.994285,2
2026-06-26 10:59:32,811.443722,10.780833,92.757211,804,193,-0.597721,3.543600,-7.202006,0.093220,0.067282,0.030489,0.992902,2
2026-06-26 10:59:33,812.510780,13.954337,71.662308,804,280,-2.142489,3.286060,-7.568780,0.061824,0.168508,0.000945,0.983759,2
2026-06-26 10:59:34,813.511171,24.290754,41.167928,804,324,-1.459552,3.183514,-8.372192,0.044688,0.110759,0.041065,0.991992,2
2026-06-26 10:59:35,814.579813,11.826501,84.555863,804,227,-2.214758,2.994693,-8.914071,0.023915,0.150906,0.032452,0.987726,2
2026-06-26 10:59:37,815.647133,11.465717,87.216526,801,191,-1.845788,3.447900,-9.429103,0.036649,0.135404,0.015421,0.989992,2
2026-06-26 10:59:38,816.714485,11.062505,90.395439,800,250,-1.311620,3.454832,-10.158157,0.025880,0.099513,0.032772,0.994160,2
2026-06-26 10:59:39,817.781833,10.440827,95.777854,801,132,-2.310997,3.323707,-10.586101,0.012070,0.152076,0.018277,0.988126,2
2026-06-26 10:59:40,818.849171,7.558939,132.293699,803,130,-0.487511,3.800641,-11.252847,0.024698,0.067278,0.016275,0.997296,2
2026-06-26 10:59:41,819.916524,10.261657,97.450149,805,164,-1.867644,4.069645,-11.595175,0.029413,0.131544,0.005341,0.990859,2
2026-06-26 10:59:42,820.983874,11.862558,84.298850,805,199,1.991984,4.616411,-12.023330,0.049138,-0.018790,-0.034795,0.998009,2
2026-06-26 10:59:43,822.051195,11.438939,87.420695,804,167,-0.563572,4.826546,-12.646442,0.045687,0.067346,-0.008294,0.996649,2
2026-06-26 10:59:44,823.118513,25.506354,39.205917,804,245,-2.900734,4.383162,-13.091131,0.021475,0.150819,0.011086,0.988266,2
2026-06-26 10:59:45,824.120608,10.749630,93.026458,804,184,-1.362341,5.171858,-13.648365,0.043075,0.091764,0.012292,0.994773,2
2026-06-26 10:59:46,825.189809,26.253610,38.090000,803,273,-2.822542,4.518330,-14.298186,0.012844,0.139526,0.007880,0.990104,2
2026-06-26 10:59:47,826.324275,10.938263,91.422194,805,219,-1.789417,4.987771,-14.879466,0.022514,0.105641,0.006857,0.994126,2
2026-06-26 10:59:48,827.458294,13.315272,75.101733,804,211,-3.096413,4.796942,-15.312517,0.010797,0.145771,0.003477,0.989253,2
2026-06-26 10:59:49,828.525641,7.226453,138.380475,801,161,-1.209040,5.500949,-15.913809,0.027790,0.083486,0.011099,0.996060,2
2026-06-26 10:59:51,829.659688,13.486035,74.150779,803,210,-2.709397,5.522432,-16.307577,0.022780,0.135533,-0.011746,0.990441,2
2026-06-26 10:59:52,830.726985,9.493922,105.330547,804,213,-2.053097,7.670553,-16.130911,0.083443,0.112487,0.003847,0.990136,2
2026-06-26 10:59:53,831.861049,12.538257,79.755902,804,170,0.250171,6.822602,-17.355097,0.051380,0.048436,-0.017094,0.997357,2
2026-06-26 10:59:54,832.862345,11.417959,87.581327,806,202,-4.339129,7.047942,-17.257488,0.051811,0.169747,0.004331,0.984115,2
2026-06-26 10:59:55,833.931508,13.818690,72.365760,804,194,-3.087578,7.649930,-17.807842,0.063910,0.128611,0.015416,0.989514,2
2026-06-26 10:59:56,834.932468,13.028342,76.755738,803,174,-3.828342,7.127729,-18.366579,0.044232,0.153028,-0.003680,0.987225,2
2026-06-26 10:59:57,836.001245,12.818300,78.013465,803,160,-0.716722,7.405468,-19.216183,0.047480,0.073464,-0.020711,0.995952,2
2026-06-26 10:59:58,837.068090,8.124989,123.077090,803,115,-6.264350,7.272589,-18.832384,0.039263,0.202160,0.009868,0.978515,2
2026-06-26 10:59:59,838.134934,11.072508,90.313775,805,126,-6.486541,7.748150,-19.037937,0.050064,0.200931,0.028651,0.977906,2
2026-06-26 11:00:00,839.201768,13.678855,73.105534,804,265,-6.884109,7.898444,-19.345186,0.046671,0.213715,0.001579,0.975779,2
2026-06-26 11:00:01,840.269439,19.926677,50.183982,804,250,-5.222323,9.121963,-19.840479,0.074565,0.161347,0.027752,0.983686,2
2026-06-26 11:00:02,841.270399,10.198010,98.058347,804,240,-9.417438,7.854737,-19.251345,0.046184,0.255798,0.039042,0.964837,2
2026-06-26 11:00:03,842.270802,23.997812,41.670466,804,187,-6.478617,7.809328,-20.971708,0.037472,0.184254,0.038393,0.981413,2
2026-06-26 11:00:04,843.337869,27.581362,36.256368,803,164,-9.199877,7.006464,-20.819159,0.020754,0.238143,0.058408,0.969250,2
2026-06-26 11:00:05,844.404984,13.926175,71.807226,804,169,-6.701241,7.250300,-22.194647,0.018919,0.180908,0.054850,0.981787,2
2026-06-26 11:00:06,845.405451,10.915783,91.610469,803,153,-7.428670,8.413242,-22.000473,0.041510,0.195888,0.044907,0.978718,2
2026-06-26 11:00:07,846.405904,11.227160,89.069720,803,178,-6.708756,8.028740,-22.822571,0.028523,0.179905,0.034646,0.982660,2
2026-06-26 11:00:08,847.473010,13.258699,75.422181,805,127,-2.317928,7.398746,-24.447439,0.008861,0.087881,0.023719,0.995809,2
2026-06-26 11:00:09,848.473458,8.500145,117.645052,802,132,-4.616105,5.383200,-25.161860,-0.033246,0.131523,0.025181,0.990435,2
2026-06-26 11:00:11,849.675415,14.313220,69.865481,806,132,-2.772485,6.955696,-25.662373,-0.006065,0.096873,0.015573,0.995156,2
2026-06-26 11:00:12,850.676021,11.723318,85.300083,803,128,-4.175062,7.618525,-25.799776,0.005294,0.116317,0.030092,0.992742,2
2026-06-26 11:00:13,851.678063,11.933415,83.798309,803,123,-3.667063,8.604670,-26.111975,0.021315,0.102753,0.044558,0.993480,2
2026-06-26 11:00:14,852.745714,10.970360,91.154711,808,123,-5.158602,9.785865,-26.045382,0.040820,0.134024,0.030329,0.989672,2
2026-06-26 11:00:15,853.813299,13.484019,74.161865,803,168,-6.511339,9.511642,-26.479309,0.031784,0.160999,0.019930,0.986241,2
2026-06-26 11:00:16,854.814157,14.297034,69.944577,803,179,-4.532419,10.193285,-27.190672,0.040737,0.119749,0.034700,0.991361,2
2026-06-26 11:00:17,855.881759,23.858627,41.913560,801,245,-7.646922,8.923461,-27.554823,0.013793,0.183632,0.003260,0.982893,2
2026-06-26 11:00:18,857.082764,7.774335,128.628365,804,195,3.860595,11.679225,-27.970318,0.058136,-0.020094,0.007993,0.998074,2
2026-06-26 11:00:19,858.150337,8.594296,116.356244,805,153,-1.319398,12.119849,-28.564604,0.063595,0.078384,-0.024328,0.994595,2
2026-06-26 11:00:20,859.151177,7.282511,137.315275,803,217,-3.592013,12.977086,-28.630907,0.074133,0.102135,0.016509,0.991867,2
2026-06-26 11:00:21,860.218760,11.214772,89.168108,802,202,-7.669497,11.680884,-29.037968,0.050714,0.164342,0.027133,0.984725,2
2026-06-26 11:00:22,861.219652,10.184067,98.192598,806,202,-4.154510,11.888562,-30.172235,0.049297,0.105745,0.028811,0.992753,2
2026-06-26 11:00:23,862.287263,9.693222,103.164871,803,259,-3.914616,12.029606,-30.701292,0.048099,0.107526,0.007252,0.993012,2
2026-06-26 11:00:24,863.288140,12.616778,79.259538,803,34,-7.165812,13.167153,-30.109732,0.066018,0.151926,0.026537,0.985828,2
2026-06-26 11:00:25,864.355750,11.811348,84.664341,804,164,-6.445901,13.177044,-30.900490,0.061824,0.139226,0.023204,0.988056,2
2026-06-26 11:00:26,865.423327,8.837249,113.157386,803,205,-8.965447,13.506755,-30.784550,0.065341,0.174891,0.032558,0.981878,2
2026-06-26 11:00:27,866.490904,7.420198,134.767293,805,159,-2.747426,13.485414,-32.604763,0.057906,0.083565,0.020195,0.994613,2
2026-06-26 11:00:28,867.491733,10.631186,94.062883,802,244,-2.257471,13.843801,-33.086872,0.060944,0.094086,-0.034782,0.993088,2
2026-06-26 11:00:29,868.559322,19.129759,52.274574,804,280,2.160684,16.130135,-32.596100,0.090806,0.010415,0.017421,0.995662,2
2026-06-26 11:00:30,869.560164,10.918109,91.590952,805,230,-6.582876,14.271501,-33.379124,0.060469,0.145582,-0.011177,0.987433,2
2026-06-26 11:00:32,870.627724,8.495445,117.710138,803,155,-1.224947,15.221276,-34.223377,0.071545,0.059510,0.010427,0.995606,2
2026-06-26 11:00:33,871.695297,9.960961,100.391920,803,121,-8.243080,16.286623,-33.346123,0.086553,0.151474,0.028324,0.984257,2
2026-06-26 11:00:34,872.696135,13.677722,73.111590,803,291,-5.765411,15.935332,-34.626492,0.077317,0.112286,0.039190,0.989888,2
2026-06-26 11:00:35,873.763636,10.428864,95.887721,804,180,-10.221070,16.529091,-33.988911,0.085316,0.171614,0.044076,0.980473,2
2026-06-26 11:00:36,874.831518,9.914447,100.862912,802,117,-9.888207,14.829247,-35.531445,0.057453,0.165098,0.040229,0.983780,2
2026-06-26 11:00:37,875.901276,10.578884,94.527929,804,171,-6.716093,14.303786,-37.111519,0.045966,0.117803,0.053263,0.990542,2
2026-06-26 11:00:38,876.968534,6.892475,145.085764,805,173,-11.936173,15.228993,-36.051247,0.057972,0.189895,0.039423,0.979298,2
2026-06-26 11:00:39,878.035844,10.891641,91.813529,807,208,-12.187547,14.113970,-37.091675,0.039914,0.194287,0.034079,0.979540,2
2026-06-26 11:00:40,879.103143,9.649400,103.633387,803,129,-12.308727,11.875989,-38.492260,0.010858,0.188153,0.051344,0.980737,2
2026-06-26 11:00:41,880.170441,25.124888,39.801172,803,178,-13.907798,11.610586,-38.676895,0.010153,0.195029,0.083391,0.977193,2
2026-06-26 11:00:42,881.171053,32.074479,31.177435,803,257,-10.581141,12.656043,-39.979042,0.015480,0.159590,0.057505,0.985385,2
2026-06-26 11:00:43,882.238372,20.667733,48.384600,804,282,-16.055096,13.553026,-38.436340,0.032743,0.215066,0.086751,0.972188,2
2026-06-26 11:00:44,883.305687,11.403344,87.693575,805,179,-9.100606,15.314743,-40.703979,0.041667,0.140310,0.047089,0.988109,2
2026-06-26 11:00:45,884.372983,8.640161,115.738584,806,137,-7.970678,14.252850,-41.998642,0.024467,0.133609,0.019012,0.990550,2
2026-06-26 11:00:46,885.440294,10.507284,95.172073,803,209,-10.570438,13.307826,-42.431664,0.011702,0.161002,0.019492,0.986692,2
2026-06-26 11:00:47,886.507617,9.904238,100.966879,806,190,-7.686716,16.457727,-42.612251,0.045514,0.124765,0.030812,0.990663,2
2026-06-26 11:00:48,887.574953,9.109379,109.776967,804,158,-15.720391,17.676867,-40.431664,0.060045,0.219224,0.024702,0.973512,2
2026-06-26 11:00:49,888.575569,8.506148,117.562027,804,158,-6.508201,19.381014,-42.787109,0.073447,0.121664,0.005615,0.989834,2
2026-06-26 11:00:51,889.642857,8.886404,112.531458,806,221,-2.502772,21.248917,-43.055885,0.092185,0.084490,-0.014046,0.992051,2
2026-06-26 11:00:52,890.710159,7.777419,128.577360,801,109,-12.508016,21.532866,-41.824871,0.093313,0.184796,0.011310,0.978271,2
2026-06-26 11:00:53,891.779012,9.503305,105.226550,804,205,-26.545113,19.974943,-36.318348,0.096487,0.319681,0.084303,0.938822,2
2026-06-26 11:00:54,892.846547,11.988646,83.412255,806,235,-40.970566,13.690715,-24.663290,0.074885,0.490626,0.145920,0.855796,2
2026-06-26 11:00:55,893.914096,8.308971,120.351846,803,111,-43.952366,11.052192,-21.410337,0.062462,0.531238,0.166872,0.828274,2
2026-06-26 11:00:56,894.981670,7.549018,132.467561,805,192,-47.341873,6.916627,-16.328581,0.055075,0.579245,0.214129,0.784596,2
2026-06-26 11:00:57,895.982509,8.458323,118.226745,805,143,-50.611881,4.520534,-1.506485,0.065720,0.697253,0.216817,0.680080,2
2026-06-26 11:00:58,897.050077,8.625118,115.940443,803,163,-50.947796,2.283370,-2.387864,0.046568,0.696640,0.232122,0.677232,2
2026-06-26 11:00:59,898.117654,10.362302,96.503653,801,205,-50.347603,1.765412,9.053895,0.070782,0.770778,0.232465,0.588941,2
2026-06-26 11:01:00,899.185228,9.198669,108.711380,801,182,-51.207401,-0.238930,3.491103,0.050152,0.739105,0.256960,0.620629,2
2026-06-26 11:01:01,900.252799,7.876037,126.967408,801,192,-50.810974,-0.878386,8.323608,0.065139,0.767701,0.266459,0.579130,2
2026-06-26 11:01:02,901.320372,14.376981,69.555632,804,234,-51.107521,-1.199826,6.699585,0.044390,0.766728,0.257143,0.586545,2
2026-06-26 11:01:03,902.387934,14.377575,69.552758,805,252,-51.359234,-3.954994,3.168647,0.036297,0.742272,0.298328,0.598928,2
2026-06-26 11:01:04,903.455513,8.637401,115.775567,806,146,-50.796211,-1.593500,9.931380,0.082017,0.777724,0.291284,0.550974,2
2026-06-26 11:01:05,904.523076,10.541733,94.861063,806,142,-51.860317,-1.423972,-1.036156,0.043417,0.721314,0.289386,0.627756,2
2026-06-26 11:01:06,905.523934,8.660606,115.465361,803,228,-51.285763,-1.915375,8.448694,0.064142,0.779234,0.286402,0.553764,2
2026-06-26 11:01:07,906.593535,10.327033,96.833234,803,151,-51.399357,-4.022872,6.965365,0.041436,0.775612,0.297533,0.555143,2
2026-06-26 11:01:08,907.594756,10.946880,91.350229,806,160,-51.676804,-3.251078,5.963059,0.049417,0.769638,0.300258,0.561303,2
2026-06-26 11:01:09,908.595779,24.676065,40.525100,803,177,-51.448471,-3.452034,7.425295,0.055648,0.777980,0.305374,0.546258,2
2026-06-26 11:01:10,909.596438,9.626507,103.879839,802,134,-52.183277,0.144635,2.660923,0.059002,0.756249,0.278937,0.588898,2
2026-06-26 11:01:11,910.596993,11.441729,87.399378,803,202,-51.486629,-3.085210,8.668656,0.049390,0.793541,0.292749,0.531180,2
2026-06-26 11:01:13,911.664247,10.692185,93.526253,802,185,-51.965248,-3.133182,5.342350,0.033998,0.780668,0.289905,0.552591,2
2026-06-26 11:01:14,912.731488,18.783269,53.238869,804,178,-51.561623,-2.451689,9.382511,0.047173,0.804680,0.282688,0.519954,2
2026-06-26 11:01:15,913.798741,11.010443,90.822867,805,149,-52.391209,-0.947894,3.060527,0.046322,0.771269,0.284559,0.567472,2
2026-06-26 11:01:16,914.865997,12.290264,81.365217,806,223,-51.580906,-1.181941,10.239730,0.052292,0.815120,0.270715,0.509469,2
2026-06-26 11:01:17,915.933248,10.783595,92.733453,802,154,-50.720287,-3.756594,13.121621,0.033397,0.834430,0.277072,0.475230,2
2026-06-26 11:01:18,917.000500,10.491155,95.318390,803,170,-50.867836,-3.936511,12.539219,0.044428,0.828613,0.293363,0.474725,2
2026-06-26 11:01:19,918.067747,11.345500,88.140673,801,165,-50.339691,-3.671962,14.399008,0.026432,0.848146,0.267516,0.456492,2
2026-06-26 11:01:20,919.134975,20.764705,48.158642,802,233,-52.356163,-1.362243,2.590289,0.038023,0.782004,0.289190,0.550812,2
2026-06-26 11:01:21,920.202212,22.448562,44.546283,802,249,-52.175507,-0.100068,5.998256,0.057701,0.800762,0.283589,0.524432,2
2026-06-26 11:01:22,921.269435,20.848005,47.966220,804,255,-52.453812,-0.319969,1.425923,0.036806,0.782855,0.279426,0.554710,2
2026-06-26 11:01:23,922.337406,13.216931,75.660530,804,279,-52.136356,-0.399266,6.735731,0.041074,0.815363,0.267222,0.511945,2
2026-06-26 11:01:24,923.472279,25.745018,38.842467,805,189,-52.407249,-0.725466,-4.215429,0.004004,0.762958,0.263011,0.590513,2
2026-06-26 11:01:26,924.807014,13.508210,74.029053,800,96,-52.196548,3.319331,-7.670677,0.039374,0.737578,0.265384,0.619677,2
2026-06-26 11:01:27,925.807880,21.858543,45.748703,804,199,-52.906254,1.520710,-1.745198,0.037239,0.776702,0.268362,0.568621,2
2026-06-26 11:01:28,926.808768,24.704686,40.478151,802,88,-52.086262,3.975618,-9.203415,0.022759,0.744280,0.235136,0.624692,2
2026-06-26 11:01:29,927.809636,45.046824,22.199123,806,217,-52.048183,7.747438,-8.647963,0.062803,0.741068,0.234826,0.625884,2
2026-06-26 11:01:30,928.877274,9.802673,102.012992,804,114,-49.391956,6.701276,-19.549574,0.038102,0.666439,0.268731,0.694400,2
2026-06-26 11:01:31,929.878136,10.350762,96.611245,802,139,-53.233566,4.887322,-4.662889,0.054878,0.768446,0.258176,0.582944,2
2026-06-26 11:01:32,930.878999,11.528290,86.743134,802,189,-51.860348,5.745243,-13.316126,0.050865,0.711886,0.281646,0.641332,2
2026-06-26 11:01:33,931.879862,12.765707,78.334870,805,232,-53.624043,4.323046,-5.227323,0.055033,0.767352,0.274359,0.576948,2
2026-06-26 11:01:34,932.880729,10.980242,91.072674,805,126,-54.052147,2.753164,-2.688087,0.054340,0.781692,0.289915,0.549503,2
2026-06-26 11:01:35,933.881633,28.274007,35.368174,804,183,-54.007214,-2.344952,4.498410,0.028447,0.824459,0.301795,0.477889,2
2026-06-26 11:01:36,934.949551,5.642250,177.234259,804,133,-47.408806,-8.403680,24.866079,0.044013,0.901901,0.323490,0.282828,2
2026-06-26 11:01:37,935.950370,8.314137,120.277065,806,85,-43.565193,-15.218592,27.923002,-0.002698,0.909890,0.350633,0.221695,2
2026-06-26 11:01:38,937.017868,9.810792,101.928570,804,220,-30.876411,-16.394243,40.726154,0.022039,0.939155,0.338822,0.051989,2
2026-06-26 11:01:39,938.085392,8.085844,123.672928,804,162,-29.165449,-22.181122,38.634521,-0.029043,0.926566,0.373265,0.036112,2
2026-06-26 11:01:40,939.152890,7.955605,125.697543,805,159,-19.599508,-21.476753,43.904652,0.024817,-0.933079,-0.352252,0.068314,2
2026-06-26 11:01:41,940.220415,8.244177,121.297735,806,251,-16.416437,-20.616222,44.925739,-0.000654,-0.930238,-0.352129,0.103254,2
2026-06-26 11:01:42,941.287939,8.258382,121.089095,804,127,-25.770817,-19.593004,40.137943,0.027271,-0.937340,-0.347335,0.002990,2
2026-06-26 11:01:43,942.355464,11.349786,88.107388,806,272,-12.761610,-19.674711,45.514309,-0.022352,-0.925414,-0.349266,0.145339,2
2026-06-26 11:01:44,943.489717,7.286075,137.248107,806,230,-15.047148,-19.487022,44.313725,0.019283,-0.933822,-0.336310,0.120413,2
2026-06-26 11:01:45,944.557225,13.526698,73.927872,801,316,-10.814041,-17.853558,45.749680,-0.013414,-0.930118,-0.327294,0.166070,2
2026-06-26 11:01:47,945.624758,5.575849,179.344885,804,130,-12.844460,-19.605267,43.999798,0.043137,-0.932614,-0.328856,0.142214,2
2026-06-26 11:01:48,946.694506,5.737645,174.287534,806,129,-16.034334,-17.725584,43.212307,-0.007586,-0.935058,-0.335994,0.112769,2
2026-06-26 11:01:49,947.762163,6.557436,152.498629,803,101,-17.547531,-17.247028,42.249611,0.007377,-0.939331,-0.328892,0.097122,2
2026-06-26 11:01:50,948.829439,7.695836,129.940399,804,228,-15.290599,-16.731945,42.740917,0.013638,-0.939917,-0.318942,0.121018,2
2026-06-26 11:01:51,949.896745,9.061624,110.355495,805,170,-13.197893,-15.736956,43.302814,-0.012021,-0.937046,-0.317318,0.145288,2
2026-06-26 11:01:52,950.964238,8.346018,119.817618,806,182,-13.558957,-16.416309,42.441364,0.009753,-0.937352,-0.318446,0.140954,2
2026-06-26 11:01:53,952.031536,8.151835,122.671767,803,150,-14.529015,-12.429674,43.072720,0.004537,-0.951622,-0.276994,0.132922,2
2026-06-26 11:01:54,953.098851,6.879233,145.365043,802,184,-19.451826,-12.499046,40.578316,0.042228,-0.959673,-0.266872,0.077614,2
2026-06-26 11:01:55,954.166149,9.633290,103.806695,805,185,-14.145203,-10.986513,42.752293,0.038471,-0.958133,-0.246116,0.141166,2
2026-06-26 11:01:56,955.166710,24.321994,41.115050,804,166,-15.539679,-9.350143,42.218498,0.062685,-0.965832,-0.216654,0.127669,2
2026-06-26 11:01:57,956.167330,10.297566,97.110327,806,222,-21.901381,-10.177938,38.750305,0.069274,-0.969702,-0.228397,0.052089,2
2026-06-26 11:01:58,957.234658,26.155450,38.232950,804,166,-22.674295,-9.122304,37.946159,0.048589,-0.971094,-0.229769,0.042681,2
2026-06-26 11:01:59,958.235276,11.918224,83.905119,806,200,-23.210312,-10.711632,36.588673,0.081017,-0.968650,-0.232194,0.035195,2
2026-06-26 11:02:00,959.235895,8.115489,123.221164,804,163,-19.679853,-8.550430,38.619080,0.045747,-0.970148,-0.223415,0.082499,2
2026-06-26 11:02:01,960.236500,10.175459,98.275665,801,148,-22.498556,-8.693184,36.444324,0.067901,-0.972955,-0.215902,0.046197,2
2026-06-26 11:02:02,961.237095,7.632011,131.027065,802,121,-21.616440,-6.329295,36.906734,0.042434,-0.977029,-0.200398,0.058768,2
2026-06-26 11:02:03,962.305070,10.597976,94.357640,802,204,-24.441898,-7.945734,34.159691,0.047253,-0.973062,-0.224970,0.017493,2
2026-06-26 11:02:04,963.373402,28.089416,35.600598,804,228,-23.702551,-4.159705,34.714310,0.027013,-0.981923,-0.185137,0.028671,2
2026-06-26 11:02:05,964.507721,35.777783,27.950306,804,158,-27.560369,-5.674481,30.848362,-0.031480,0.976233,0.212236,0.030554,2
2026-06-26 11:02:07,965.642047,12.102713,82.626102,804,167,-25.913671,-6.805961,31.416361,-0.035901,0.973992,0.223679,0.004283,2
2026-06-26 11:02:08,966.709642,12.828747,77.949935,805,161,-21.655243,-6.797259,33.993980,-0.008170,-0.967209,-0.246920,0.058906,2
2026-06-26 11:02:09,967.777215,13.192746,75.799231,805,196,-25.288418,-5.506143,30.955063,0.015552,-0.975099,-0.221171,0.004747,2
2026-06-26 11:02:10,968.844799,10.989481,90.996108,807,148,-21.588739,-10.529355,31.877081,0.043674,-0.959573,-0.271200,0.061343,2
2026-06-26 11:02:11,969.845661,9.571156,104.480587,800,125,-16.507072,-9.718784,34.530117,-0.011837,-0.949069,-0.284689,0.134460,2
2026-06-26 11:02:12,970.846476,16.556603,60.398863,805,232,-18.217031,-8.552905,33.397804,0.023315,-0.961089,-0.251310,0.112284,2
2026-06-26 11:02:13,971.914057,11.697665,85.487146,806,144,-17.386847,-9.691307,32.949238,0.000440,-0.950455,-0.284240,0.125867,2
2026-06-26 11:02:14,972.981606,9.276455,107.799801,804,147,-22.219315,-11.578613,28.493805,0.050134,-0.952101,-0.297584,0.049330,2
2026-06-26 11:02:15,974.049179,14.725745,67.908279,802,184,-21.983583,-9.294745,28.792316,0.016654,-0.956186,-0.287086,0.054897,2
2026-06-26 11:02:16,975.117406,13.503567,74.054507,804,205,-20.233208,-9.111340,29.559153,-0.002546,-0.951728,-0.294921,0.085025,2
2026-06-26 11:02:17,976.120139,11.849668,84.390550,805,136,-20.718792,-10.132710,28.459356,0.021810,-0.950861,-0.298520,0.079200,2
2026-06-26 11:02:18,977.187448,24.888982,40.178421,803,253,-19.037643,-9.481413,29.179590,0.012938,-0.950430,-0.291495,0.107456,2
2026-06-26 11:02:19,978.254758,14.154197,70.650423,807,204,-23.062939,-7.630129,26.084341,0.019861,-0.961637,-0.270722,0.039616,2
2026-06-26 11:02:20,979.322294,15.246342,65.589503,804,249,-17.767967,-7.253240,29.547993,-0.009504,-0.953694,-0.269797,0.132614,2
2026-06-26 11:02:21,980.389970,13.561054,73.740581,805,172,-22.024828,-8.436769,25.484789,0.024666,-0.956663,-0.283775,0.060485,2
2026-06-26 11:02:22,981.458391,16.452598,60.780674,806,228,-20.612690,-8.475194,25.903538,0.035150,-0.957222,-0.274066,0.085893,2
2026-06-26 11:02:23,982.526987,12.205987,81.927008,803,226,-15.320709,-8.532668,28.854815,-0.022243,-0.936000,-0.302042,0.179388,2
2026-06-26 11:02:25,983.660673,12.036490,83.080699,803,203,-20.987818,-9.159807,24.108337,0.022254,-0.947513,-0.308720,0.080100,2
2026-06-26 11:02:26,984.727655,18.284838,54.690121,804,21,0.000000,0.000000,0.000000,0.000000,0.000000,0.000000,1.000000,3
2026-06-26 11:02:27,985.794629,22.739100,43.977114,805,21,0.000000,0.000000,0.000000,0.000000,0.000000,0.000000,1.000000,3
2026-06-26 11:02:28,986.861658,14.512058,68.908214,808,21,0.000000,0.000000,0.000000,0.000000,0.000000,0.000000,1.000000,3
2026-06-26 11:02:29,987.928647,8.871339,112.722555,806,293,-0.067615,0.064750,-0.246138,0.033950,-0.027935,0.007664,0.999004,2
2026-06-26 11:02:30,988.995694,10.800277,92.590218,804,216,-0.104256,0.284711,-0.906412,0.019948,-0.055351,0.015169,0.998152,2
2026-06-26 11:02:31,989.995991,7.694010,129.971237,804,253,-0.098592,0.477034,-1.488399,0.012559,-0.030535,0.039691,0.998666,2
2026-06-26 11:02:32,991.129801,10.475873,95.457438,804,233,-0.415197,0.769258,-2.014017,0.035120,0.032472,0.008467,0.998820,2
2026-06-26 11:02:33,992.131462,11.230944,89.039710,806,250,-0.151995,0.941969,-2.597723,0.032511,-0.054399,0.043710,0.997032,2
2026-06-26 11:02:34,993.198685,9.751691,102.546317,803,141,-0.568058,1.129585,-3.153389,0.033204,0.022594,0.046133,0.998128,2
2026-06-26 11:02:35,994.265889,17.354539,57.621813,800,184,-0.552463,1.264557,-3.813812,0.016365,0.025266,0.024255,0.999252,2
2026-06-26 11:02:36,995.333194,18.025834,55.475935,805,129,-0.027153,1.524193,-4.419090,0.021357,-0.038456,0.029298,0.998602,2
2026-06-26 11:02:37,996.333945,11.639576,85.913782,804,238,-0.424574,1.845855,-4.815581,0.037148,0.011585,-0.003727,0.999236,2
2026-06-26 11:02:38,997.401762,11.199171,89.292324,806,212,1.152453,2.039118,-5.238132,0.038038,-0.142411,-0.007037,0.989051,2
2026-06-26 11:02:39,998.403432,26.365463,37.928407,806,150,1.091202,2.105222,-5.869497,0.026049,-0.132960,-0.016065,0.990649,2
2026-06-26 11:02:40,999.470983,11.070784,90.327839,808,190,0.912212,2.225471,-6.470886,0.017468,-0.130876,-0.009636,0.991198,2
2026-06-26 11:02:41,1000.538532,10.221917,97.829008,805,246,0.065608,2.438085,-6.867096,0.024261,-0.084973,0.024370,0.995790,2
2026-06-26 11:02:42,1001.607580,9.042958,110.583285,805,134,-0.896933,2.199563,-7.246417,0.000456,-0.025592,0.027684,0.999289,2
2026-06-26 11:02:43,1002.609373,8.571552,116.664987,806,188,-0.511552,2.425561,-7.575406,0.006261,-0.058953,0.012114,0.998168,2
2026-06-26 11:02:44,1003.609950,9.619847,103.951757,808,83,-2.064061,2.515518,-7.816395,0.008626,0.030359,0.035997,0.998853,2
2026-06-26 11:02:46,1004.677312,9.799348,102.047606,802,155,-2.310059,2.875082,-8.212496,0.027845,0.028790,0.063781,0.997160,2
2026-06-26 11:02:47,1005.677947,8.444537,118.419755,802,165,-2.846428,2.033785,-8.899782,-0.033003,0.066423,0.048628,0.996059,2
2026-06-26 11:02:48,1006.678550,10.105293,98.958041,805,179,-0.171613,2.868247,-9.728374,-0.002979,-0.082230,0.042947,0.995683,2
2026-06-26 11:02:49,1007.679168,26.351648,37.948291,804,199,-1.377419,2.857437,-10.166948,-0.013779,-0.017530,0.006420,0.999731,2
2026-06-26 11:02:50,1008.679790,13.791454,72.508671,805,208,-1.653860,2.978795,-10.686389,-0.006323,-0.024436,0.064090,0.997625,2
2026-06-26 11:02:51,1009.747117,12.333236,81.081721,806,153,-3.210819,2.463834,-11.069599,-0.032914,0.044455,0.058557,0.996751,2
2026-06-26 11:02:52,1010.747735,14.326788,69.799316,804,256,-3.328048,2.791126,-11.606439,-0.024529,0.043395,0.060945,0.996896,2
2026-06-26 11:02:53,1011.815059,11.606109,86.161521,804,184,-1.515147,3.280029,-12.513921,-0.016745,-0.033349,0.043044,0.998376,2
2026-06-26 11:02:54,1012.882374,12.106738,82.598632,806,201,-2.062645,3.061603,-13.027809,-0.030254,-0.023089,0.042409,0.998375,2
2026-06-26 11:02:55,1013.949689,8.667486,115.373708,806,141,-1.877419,2.970963,-13.716314,-0.040583,-0.032332,0.034548,0.998055,2
2026-06-26 11:02:56,1015.016992,15.686234,63.750165,803,245,-2.750186,3.801232,-13.903378,-0.011043,-0.003733,0.049353,0.998713,2
2026-06-26 11:02:57,1016.084451,11.273798,88.701252,805,177,-3.606812,3.235714,-14.373916,-0.033473,0.024234,0.052966,0.997741,2
2026-06-26 11:02:58,1017.154303,14.046053,71.194378,805,224,-2.466215,3.380595,-15.127440,-0.032487,-0.016299,0.064811,0.997235,2
2026-06-26 11:02:59,1018.222741,13.577963,73.648750,802,231,-2.846008,3.609493,-15.522760,-0.033732,0.001733,0.030695,0.998958,2
2026-06-26 11:03:00,1019.290055,12.279706,81.435174,805,202,1.603323,4.506177,-16.008455,-0.013288,-0.146302,0.029058,0.988724,2
2026-06-26 11:03:01,1020.290637,9.098952,109.902767,802,168,-2.055927,4.087553,-16.505167,-0.023361,-0.041754,0.047671,0.997717,2
2026-06-26 11:03:02,1021.357935,9.984599,100.154248,803,227,-2.237045,4.181585,-17.023211,-0.021991,-0.039143,0.062587,0.997029,2
2026-06-26 11:03:03,1022.425244,12.212838,81.881050,804,156,-0.453340,4.099339,-17.849295,-0.033895,-0.088211,0.045206,0.994498,2
2026-06-26 11:03:04,1023.492571,11.784562,84.856781,804,233,-3.822882,4.191810,-18.037754,-0.030693,-0.000228,0.049868,0.998284,2
2026-06-26 11:03:05,1024.493191,9.488602,105.389603,803,238,-1.600621,4.510372,-18.882441,-0.026639,-0.065132,0.063199,0.995517,2
2026-06-26 11:03:06,1025.560520,13.641636,73.304991,804,251,-4.580590,4.751456,-19.008604,-0.023979,0.019708,0.042173,0.998628,2
2026-06-26 11:03:08,1026.627847,9.676400,103.344219,804,159,-4.280650,5.205573,-19.668957,-0.014753,0.008284,0.049415,0.998635,2
2026-06-26 11:03:09,1027.695174,9.170345,109.047151,802,125,-2.533034,4.764786,-20.797018,-0.031214,-0.038078,0.059112,0.997036,2
2026-06-26 11:03:10,1028.764188,17.608156,56.791864,807,218,-6.558390,6.518228,-20.052206,0.004145,0.068387,0.021063,0.997428,2
2026-06-26 11:03:11,1029.765546,8.713477,114.764749,804,148,0.672925,6.575055,-21.668983,-0.001192,-0.109835,0.036701,0.993271,2
2026-06-26 11:03:12,1030.765877,12.840605,77.877950,805,192,-1.068689,6.187662,-22.365326,-0.014769,-0.064979,0.012617,0.997698,2
2026-06-26 11:03:13,1031.832917,13.021938,76.793485,806,166,-1.576158,6.666458,-22.896080,-0.004839,-0.062660,0.035459,0.997393,2
2026-06-26 11:03:14,1032.834295,10.662440,93.787163,801,205,-0.355921,7.644802,-23.287230,0.011069,-0.090292,0.032943,0.995309,2
2026-06-26 11:03:15,1033.835269,50.242614,19.903423,802,286,-4.788546,6.528545,-23.748741,-0.016800,0.007862,0.017256,0.999679,2
2026-06-26 11:03:16,1034.902592,26.223364,38.133933,803,216,-3.287802,6.133727,-24.684504,-0.024384,-0.031398,0.043552,0.998260,2
2026-06-26 11:03:17,1035.972217,25.134496,39.785958,808,265,-8.706258,6.839449,-23.723787,-0.001522,0.070906,0.067311,0.995208,2
2026-06-26 11:03:18,1037.039716,9.306832,107.447948,803,48,-4.831670,6.895083,-25.323168,-0.007882,-0.008903,0.060445,0.998101,2
2026-06-26 11:03:19,1038.106771,13.900796,71.938326,803,195,-2.109526,7.014402,-26.344584,-0.011360,-0.066158,0.067953,0.995428,2
2026-06-26 11:03:20,1039.173821,23.303482,42.912042,806,251,-8.339076,8.232285,-25.302217,0.015683,0.052606,0.061408,0.996602,2
2026-06-26 11:03:21,1040.240853,23.270910,42.972106,803,204,-12.467072,9.033637,-23.770197,0.057586,0.112068,0.124728,0.984158,2
2026-06-26 11:03:22,1041.374635,19.441780,51.435620,800,194,-23.948370,6.009679,-14.852318,0.055108,0.370898,0.161195,0.912915,2
2026-06-26 11:03:23,1042.441813,10.127688,98.739219,804,122,-26.812529,3.383060,-11.303708,0.054125,0.442025,0.214771,0.869228,2
2026-06-26 11:03:25,1043.642238,10.305225,97.038153,803,178,-29.386534,0.423094,-3.479043,0.075627,0.562762,0.267426,0.778501,2
2026-06-26 11:03:26,1044.710117,11.438171,87.426565,806,180,-29.731405,1.114198,1.728021,0.100669,0.635620,0.249453,0.723620,2
2026-06-26 11:03:27,1045.711296,16.559582,60.387998,806,122,-29.914349,0.570540,-1.959008,0.069692,0.600080,0.255629,0.754785,2
2026-06-26 11:03:28,1046.711881,17.645861,56.670513,804,138,-30.122854,0.478616,2.159999,0.076051,0.659050,0.245444,0.706842,2
2026-06-26 11:03:29,1047.845841,25.966404,38.511301,801,189,-30.344646,-0.250274,-0.852256,0.064089,0.628737,0.265890,0.727931,2
2026-06-26 11:03:30,1048.913069,18.143419,55.116403,805,214,-30.446249,-0.791631,0.946075,0.056820,0.660439,0.264139,0.700587,2
2026-06-26 11:03:31,1049.980313,11.985934,83.431129,804,36,-30.466026,2.807333,-1.259529,0.060321,0.648306,0.197749,0.732773,2
2026-06-26 11:03:32,1051.047559,14.475808,69.080773,800,153,-30.392019,0.955444,-3.122914,0.042937,0.628957,0.231685,0.740872,2
2026-06-26 11:03:33,1052.116410,22.817519,43.825974,800,41,0.000000,0.000000,0.000000,0.000000,0.000000,0.000000,1.000000,3
2026-06-26 11:03:34,1053.183988,24.641855,40.581360,800,41,0.000000,0.000000,0.000000,0.000000,0.000000,0.000000,1.000000,3
2026-06-26 11:03:35,1054.251485,19.971408,50.071582,774,41,0.000000,0.000000,0.000000,0.000000,0.000000,0.000000,1.000000,3
2026-06-26 11:03:36,1055.385770,12.340179,81.036102,784,191,-0.047634,0.006733,-0.023502,0.011853,0.052382,0.016160,0.998426,2
2026-06-26 11:03:37,1056.453327,9.949047,100.512140,787,159,0.054137,0.033973,-0.001647,0.001951,0.158803,0.054611,0.985797,2
2026-06-26 11:03:38,1057.520930,10.702475,93.436331,801,239,0.100508,0.036412,0.000295,0.004558,0.204214,0.073630,0.976143,2
2026-06-26 11:03:39,1058.588584,9.543974,104.778156,801,157,0.117128,0.041449,-0.008886,-0.003003,0.220108,0.077815,0.972362,2
2026-06-26 11:03:41,1059.656193,17.823060,56.107088,801,178,0.064950,0.039404,-0.001847,-0.017896,0.153019,0.062239,0.986099,2
2026-06-26 11:03:42,1060.723791,20.818787,48.033538,804,211,-0.053211,0.025363,-0.004597,-0.006096,0.122923,0.022476,0.992143,2
2026-06-26 11:03:43,1061.791411,18.996583,52.641046,800,29,0.000000,0.000000,0.000000,0.000000,0.000000,0.000000,1.000000,3
2026-06-26 11:03:44,1062.859017,17.463062,57.263726,797,65,0.000000,0.000000,0.000000,0.000000,0.000000,0.000000,1.000000,3
2026-06-26 11:03:45,1063.926680,34.813572,28.724430,802,95,-0.140737,0.129350,-0.269665,-0.033511,0.241573,0.095397,0.965100,2
2026-06-26 11:03:46,1064.994262,9.373423,106.684612,800,122,-0.161846,0.134892,-0.278653,-0.021361,0.281515,0.095770,0.954527,2
2026-06-26 11:03:47,1066.061850,8.968737,111.498419,800,121,-0.166879,0.136846,-0.287125,-0.024186,0.267643,0.091695,0.958840,2
2026-06-26 11:03:48,1067.129441,10.531092,94.956914,803,224,-0.168742,0.137357,-0.294815,-0.025025,0.261367,0.092152,0.960505,2
2026-06-26 11:03:49,1068.196954,10.647111,93.922192,801,236,-0.167172,0.141007,-0.299564,-0.024262,0.247266,0.088519,0.964591,2
2026-06-26 11:03:50,1069.264549,10.630945,94.065015,802,203,-0.167856,0.131684,-0.301600,-0.041344,0.250289,0.084299,0.963608,2
2026-06-26 11:03:51,1070.332117,7.484347,133.612191,801,212,-0.160854,0.132093,-0.296507,-0.046653,0.252813,0.083765,0.962753,2
2026-06-26 11:03:52,1071.399706,13.369452,74.797381,801,226,-0.162343,0.114704,-0.291207,-0.091179,0.281667,0.079617,0.951846,2
2026-06-26 11:03:53,1072.467294,14.061102,71.118181,801,216,-0.168076,0.122571,-0.352591,-0.112384,0.258159,0.074241,0.956667,2
2026-06-26 11:03:54,1073.534887,10.253002,97.532411,804,224,-0.171253,0.130217,-0.331814,-0.107546,0.259793,0.068176,0.957232,2
2026-06-26 11:03:55,1074.602483,10.249540,97.565354,801,218,-0.159517,0.115629,-0.341485,-0.125960,0.267716,0.092324,0.950757,2
2026-06-26 11:03:57,1075.670077,27.354524,36.557024,800,134,-0.152915,0.109773,-0.349569,-0.171636,0.269627,0.113959,0.940668,2
2026-06-26 11:03:58,1076.737672,10.087338,99.134182,802,130,-0.146971,0.076584,-0.345717,-0.189898,0.279990,0.095737,0.936151,2
2026-06-26 11:03:59,1077.805264,9.417967,106.180028,801,169,-0.163206,0.090848,-0.312598,-0.173266,0.326514,0.101279,0.923640,2
2026-06-26 11:04:00,1078.872854,9.786653,102.179979,802,208,-0.151699,0.092322,-0.324818,-0.178043,0.308770,0.100514,0.928902,2
2026-06-26 11:04:01,1079.873757,9.789580,102.149428,800,203,-0.149816,0.090879,-0.325747,-0.180567,0.313575,0.082779,0.928555,2
2026-06-26 11:04:02,1080.941355,9.114023,109.721031,804,196,-0.137693,0.089134,-0.316790,-0.185331,0.306925,0.076148,0.930404,2
2026-06-26 11:04:03,1082.075665,9.319671,107.299925,801,206,-0.126674,0.087335,-0.304927,-0.183973,0.323770,0.079689,0.924649,2
2026-06-26 11:04:04,1083.276705,10.488138,95.345809,802,203,-0.151241,0.094582,-0.270483,-0.183621,0.374451,0.086034,0.904803,2
2026-06-26 11:04:05,1084.477713,15.741894,63.524758,800,220,-0.127804,0.083876,-0.245559,-0.185845,0.386112,0.075933,0.900341,2
2026-06-26 11:04:06,1085.478579,17.412547,57.429852,801,218,-0.100209,0.096426,-0.283853,-0.202602,0.343997,0.081052,0.913263,2
2026-06-26 11:04:07,1086.479452,16.941269,59.027455,801,228,-0.046085,0.078504,-0.260525,-0.200655,0.338936,0.099322,0.913781,2
2026-06-26 11:04:08,1087.480326,16.723658,59.795530,801,250,-0.097717,0.089320,-0.263160,-0.184976,0.409932,0.091823,0.888430,2
2026-06-26 11:04:09,1088.548913,12.886871,77.598356,801,257,-0.091535,0.094167,-0.268810,-0.181877,0.398074,0.090566,0.894570,2
2026-06-26 11:04:10,1089.617990,13.032853,76.729171,800,231,-0.100777,0.093482,-0.262822,-0.176008,0.416664,0.104514,0.885714,2
2026-06-26 11:04:12,1090.685305,12.067296,82.868606,803,251,-0.097547,0.098982,-0.275926,-0.185986,0.399074,0.090316,0.893304,2
2026-06-26 11:04:13,1091.752618,11.219441,89.131000,802,234,-0.102573,0.108461,-0.270683,-0.189745,0.405805,0.085618,0.889937,2
2026-06-26 11:04:14,1092.819918,18.882577,52.958873,804,256,-0.132202,0.096178,-0.273924,-0.175688,0.480730,0.087954,0.854574,2
2026-06-26 11:04:15,1093.820523,12.710355,78.676009,802,261,-0.119862,0.096299,-0.256060,-0.191862,0.464019,0.080958,0.861000,2
2026-06-26 11:04:16,1094.887785,14.083786,71.003635,803,300,-0.097410,0.082120,-0.274255,-0.216962,0.429074,0.050373,0.875378,2
2026-06-26 11:04:17,1095.955088,12.566226,79.578387,802,248,-0.110212,0.093821,-0.253239,-0.187397,0.443534,0.066811,0.873897,2
2026-06-26 11:04:18,1096.957576,16.879167,59.244630,804,239,-0.130224,0.102040,-0.251686,-0.170480,0.489302,0.082366,0.851314,2
2026-06-26 11:04:19,1098.025420,12.789006,78.192160,803,222,-0.088975,0.114160,-0.221450,-0.169994,0.462761,0.087952,0.865574,2
2026-06-26 11:04:20,1099.092458,19.537863,51.182670,803,275,-0.074424,0.108152,-0.232685,-0.173866,0.431275,0.089404,0.880783,2
2026-06-26 11:04:21,1100.159508,12.848989,77.827135,801,184,-0.088443,0.105006,-0.202124,-0.130873,0.574135,0.085449,0.803704,2
2026-06-26 11:04:22,1101.227717,13.356269,74.871208,802,88,-0.104204,0.110194,-0.195186,-0.181626,0.578746,0.086573,0.790297,2
2026-06-26 11:04:23,1102.297788,12.409619,80.582651,804,208,-0.084013,0.105836,-0.186673,-0.174427,0.547207,0.091471,0.813494,2
2026-06-26 11:04:24,1103.364408,21.018280,47.577632,801,247,-0.076315,0.096319,-0.219439,-0.190699,0.483771,0.088651,0.849553,2
2026-06-26 11:04:25,1104.431360,14.809165,67.525752,801,218,-0.075649,0.102352,-0.199852,-0.171015,0.524206,0.086999,0.829695,2
2026-06-26 11:04:26,1105.499313,12.479657,80.130407,802,211,-0.083731,0.101973,-0.198490,-0.166906,0.520834,0.090264,0.832302,2
2026-06-26 11:04:27,1106.499489,12.971993,77.089157,805,201,-0.068799,0.105322,-0.199622,-0.162685,0.528211,0.096576,0.827768,2
2026-06-26 11:04:28,1107.566358,17.196639,58.150898,802,214,-0.033924,0.117479,-0.181627,-0.158039,0.513820,0.096379,0.837690,2
2026-06-26 11:04:30,1108.633236,14.983207,66.741386,800,186,-0.040602,0.117369,-0.167658,-0.168499,0.510022,0.090673,0.838608,2
2026-06-26 11:04:31,1109.633407,21.240918,47.078945,801,222,-0.023049,0.110940,-0.159069,-0.189291,0.561521,0.080193,0.801519,2
2026-06-26 11:04:32,1110.700258,20.102192,49.745819,802,169,-0.060834,0.116567,-0.149406,-0.206184,0.594934,0.074882,0.773262,2
2026-06-26 11:04:33,1111.767093,17.802053,56.173296,803,217,-0.051724,0.116033,-0.165423,-0.201897,0.595006,0.068433,0.774933,2
2026-06-26 11:04:34,1112.834690,13.150887,76.040498,805,210,-0.043696,0.109970,-0.168739,-0.203058,0.596722,0.064922,0.773612,2
2026-06-26 11:04:35,1113.902457,14.408041,69.405688,802,212,-0.050073,0.114019,-0.163221,-0.201330,0.599696,0.065130,0.771744,2
2026-06-26 11:04:36,1114.969569,13.889465,71.997014,802,209,-0.050531,0.114606,-0.161499,-0.194712,0.600683,0.066687,0.772542,2
2026-06-26 11:04:37,1116.036678,13.651280,73.253204,802,182,-0.051140,0.114239,-0.157195,-0.191859,0.600716,0.072626,0.772694,2
2026-06-26 11:04:38,1117.104351,21.341333,46.857429,804,236,-0.053631,0.110055,-0.173337,-0.206088,0.557535,0.068827,0.801215,2
2026-06-26 11:04:39,1118.106444,22.702432,44.048144,804,181,-0.004148,0.118940,-0.158293,-0.186889,0.609390,0.072246,0.767135,2
2026-06-26 11:04:40,1119.107626,18.538970,53.940429,803,254,-0.048220,0.115301,-0.154229,-0.184276,0.595320,0.063682,0.779475,2
2026-06-26 11:04:41,1120.175512,19.992292,50.019277,802,280,-0.053422,0.115486,-0.156395,-0.182669,0.582095,0.073180,0.788950,2
2026-06-26 11:04:42,1121.243112,14.585473,68.561369,804,236,-0.052619,0.116299,-0.153806,-0.185506,0.572190,0.071497,0.795660,2
2026-06-26 11:04:43,1122.243952,18.308453,54.619579,805,180,-0.030365,0.119250,-0.145680,-0.167102,0.619969,0.068795,0.763533,2
2026-06-26 11:04:44,1123.244799,13.210005,75.700198,804,197,-0.059303,0.116192,-0.154850,-0.157774,0.611549,0.071216,0.772039,2
2026-06-26 11:04:45,1124.312366,14.366715,69.605334,803,195,-0.065820,0.115901,-0.161114,-0.159184,0.598793,0.071040,0.781704,2
2026-06-26 11:04:46,1125.379935,18.213067,54.905635,804,193,-0.065982,0.117289,-0.162843,-0.161475,0.591355,0.068898,0.787069,2
2026-06-26 11:04:47,1126.447504,13.137025,76.120735,803,163,-0.078774,0.116624,-0.158995,-0.153525,0.602169,0.068804,0.780441,2
2026-06-26 11:04:48,1127.515081,13.915048,71.864646,804,227,-0.064984,0.118191,-0.159688,-0.157135,0.597259,0.067532,0.783601,2
2026-06-26 11:04:49,1128.582659,14.441384,69.245441,804,225,-0.061966,0.118455,-0.160976,-0.155250,0.595846,0.068734,0.784947,2
2026-06-26 11:04:50,1129.583531,14.158328,70.629809,805,222,-0.062496,0.116350,-0.160316,-0.157417,0.595593,0.069235,0.784663,2
2026-06-26 11:04:52,1130.651117,13.997754,71.440032,802,206,-0.059954,0.119988,-0.160092,-0.154424,0.594160,0.061559,0.786980,2
2026-06-26 11:04:53,1131.718682,10.399885,96.154909,801,207,-0.054930,0.119279,-0.158104,-0.161176,0.606047,0.062689,0.776401,2
2026-06-26 11:04:54,1132.786229,14.246998,70.190225,804,206,-0.053666,0.123067,-0.159353,-0.165736,0.595916,0.067527,0.782851,2
2026-06-26 11:04:55,1133.853776,13.044825,76.658752,802,211,-0.054091,0.112783,-0.166761,-0.155958,0.595659,0.070453,0.784796,2
2026-06-26 11:04:56,1134.854619,14.510871,68.913851,802,187,-0.051296,0.112117,-0.161183,-0.155432,0.599950,0.061125,0.782409,2
2026-06-26 11:04:57,1135.922266,13.673756,73.132795,802,190,-0.038956,0.111359,-0.166435,-0.150719,0.601023,0.067172,0.782012,2
2026-06-26 11:04:58,1136.989917,13.478514,74.192155,802,193,-0.055249,0.111869,-0.162861,-0.147330,0.597326,0.069329,0.785295,2
2026-06-26 11:04:59,1138.057473,13.384200,74.714962,801,182,-0.047169,0.110684,-0.159906,-0.141214,0.603313,0.068760,0.781885,2
2026-06-26 11:05:00,1139.125059,13.322885,75.058818,801,185,-0.051006,0.110637,-0.161273,-0.140593,0.604500,0.066565,0.781270,2
2026-06-26 11:05:01,1140.127925,12.721549,78.606780,804,168,-0.040097,0.107736,-0.161274,-0.137874,0.613535,0.065726,0.774755,2
2026-06-26 11:05:02,1141.195828,13.370794,74.789874,802,181,-0.052933,0.115761,-0.163857,-0.143823,0.593907,0.073056,0.788195,2
2026-06-26 11:05:03,1142.263115,13.156979,76.005290,803,195,-0.048083,0.111679,-0.162454,-0.143930,0.593230,0.080258,0.787986,2
2026-06-26 11:05:04,1143.330436,12.650439,79.048640,804,170,-0.041657,0.103951,-0.160011,-0.138135,0.612330,0.075668,0.774755,2
2026-06-26 11:05:05,1144.397922,10.639836,93.986411,804,203,-0.051303,0.103006,-0.159790,-0.141467,0.599660,0.076096,0.783967,2
2026-06-26 11:05:06,1145.467639,13.773392,72.603757,803,200,-0.047728,0.115647,-0.157651,-0.139253,0.596238,0.077136,0.786867,2
2026-06-26 11:05:07,1146.534707,13.382112,74.726620,805,204,-0.051030,0.114324,-0.156659,-0.145937,0.593582,0.073682,0.787994,2
2026-06-26 11:05:08,1147.601737,13.143945,76.080659,801,183,-0.048003,0.110551,-0.156535,-0.140704,0.598760,0.076230,0.784779,2
2026-06-26 11:05:10,1148.669488,10.554634,94.745114,805,190,-0.045195,0.110195,-0.154444,-0.140695,0.597207,0.074614,0.786118,2
2026-06-26 11:05:11,1149.738394,13.378688,74.745745,802,190,-0.040937,0.112086,-0.152708,-0.135074,0.600945,0.068548,0.784807,2
2026-06-26 11:05:12,1150.805180,15.270218,65.486950,801,180,0.016992,0.081075,-0.190273,-0.185114,0.595787,0.112568,0.773369,2
2026-06-26 11:05:13,1151.938650,24.867108,40.213763,803,142,-0.100029,0.102782,-0.163468,-0.175446,0.636642,0.098687,0.744424,2
2026-06-26 11:05:14,1153.005407,7.371284,135.661575,804,122,-0.040203,0.109648,-0.161407,-0.169679,0.651441,0.100438,0.732629,2
2026-06-26 11:05:15,1154.072158,8.630292,115.870935,801,134,-0.037036,0.116509,-0.147995,-0.155931,0.682612,0.097231,0.707299,2
2026-06-26 11:05:16,1155.138943,15.353869,65.130164,800,140,0.049241,0.094892,-0.207295,-0.171679,0.636848,0.099674,0.744994,2
2026-06-26 11:05:17,1156.206895,12.394204,80.682874,804,172,0.068403,0.098863,-0.143921,-0.180095,0.645927,0.089705,0.736408,2
2026-06-26 11:05:18,1157.274236,16.170301,61.841768,802,239,0.089662,0.106003,-0.141730,-0.174336,0.630320,0.090554,0.751068,2
2026-06-26 11:05:19,1158.274562,13.055598,76.595496,800,203,0.079434,0.100769,-0.135435,-0.160921,0.627422,0.102232,0.754980,2
2026-06-26 11:05:20,1159.274925,14.162254,70.610229,803,208,0.066412,0.084241,-0.139785,-0.166267,0.635308,0.099763,0.747520,2
2026-06-26 11:05:21,1160.277525,18.129890,55.157533,804,204,0.056079,0.108892,-0.126362,-0.169974,0.619895,0.106639,0.758595,2
2026-06-26 11:05:22,1161.279348,13.526213,73.930523,805,217,0.070148,0.105735,-0.132451,-0.168850,0.630684,0.116659,0.748410,2
2026-06-26 11:05:23,1162.279911,13.794494,72.492692,801,232,0.065773,0.105107,-0.134765,-0.164660,0.625721,0.121802,0.752679,2
2026-06-26 11:05:24,1163.280255,13.451992,74.338433,801,46,0.080672,0.119812,-0.107155,-0.163912,0.618717,0.134503,0.756460,2
2026-06-26 11:05:25,1164.280615,18.898675,52.913762,804,139,0.072267,0.147382,-0.118362,-0.181322,0.636572,0.116996,0.740412,2
2026-06-26 11:05:26,1165.482608,14.214498,70.350708,805,68,0.029730,0.089213,-0.139889,-0.156887,0.635716,0.114837,0.747037,2
2026-06-26 11:05:27,1166.483225,21.574453,46.351117,803,188,0.030571,0.092804,-0.137572,-0.160884,0.601274,0.106145,0.775448,2
2026-06-26 11:05:28,1167.483850,20.939505,47.756621,806,180,-0.096344,0.093634,-0.177094,-0.148800,0.621555,0.109859,0.761222,2
2026-06-26 11:05:29,1168.551161,12.444859,80.354466,801,200,-0.008044,0.082336,-0.159332,-0.151873,0.591230,0.105060,0.785076,2
2026-06-26 11:05:31,1169.618430,12.929362,77.343337,802,193,0.030760,0.083878,-0.149781,-0.157699,0.617412,0.109359,0.762872,2
2026-06-26 11:05:32,1170.685759,13.947203,71.698964,802,227,0.026058,0.108747,-0.167331,-0.167435,0.631805,0.100422,0.750136,2
2026-06-26 11:05:33,1171.686355,13.570608,73.688666,802,207,-0.048160,0.140531,-0.205491,-0.175634,0.672112,0.083774,0.714423,2
2026-06-26 11:05:34,1172.686903,14.450874,69.199967,801,251,-0.114365,0.137596,-0.212634,-0.161652,0.602643,0.098562,0.775226,2
2026-06-26 11:05:35,1173.754233,17.998602,55.559871,802,237,-0.115463,0.140296,-0.180715,-0.144692,0.643139,0.101379,0.745089,2
2026-06-26 11:05:36,1174.754845,15.494937,64.537210,802,170,-0.173583,0.125352,-0.206665,-0.128372,0.654532,0.105307,0.737577,2
2026-06-26 11:05:37,1175.822738,14.185263,70.495697,801,102,-0.071324,0.033363,-0.454328,-0.183276,0.593505,0.117717,0.774793,2
2026-06-26 11:05:38,1176.824461,15.447976,64.733399,802,113,-0.151430,0.095064,-0.483590,-0.177704,0.582981,0.110150,0.785125,2
2026-06-26 11:05:39,1177.825350,9.607955,104.080421,802,63,0.174463,0.226643,-0.607487,-0.162733,0.534920,0.165970,0.812301,2
2026-06-26 11:05:40,1178.892951,16.409539,60.940164,804,138,-0.070269,0.174441,-0.529248,-0.143297,0.609827,0.131030,0.768380,2
2026-06-26 11:05:41,1179.893835,22.194061,45.057099,802,146,-0.169653,0.109540,-0.509815,-0.177595,0.556340,0.083807,0.807417,2
2026-06-26 11:05:42,1180.961444,16.347502,61.171425,802,221,-0.112572,0.112627,-0.520779,-0.187928,0.476264,0.072462,0.855923,2
2026-06-26 11:05:43,1182.095778,18.923243,52.845065,803,246,-0.109736,0.076585,-0.520752,-0.222437,0.468841,0.093961,0.849636,2
2026-06-26 11:05:44,1183.163399,18.164554,55.052274,804,230,-0.120009,0.081426,-0.511695,-0.221238,0.470231,0.093491,0.849232,2
2026-06-26 11:05:45,1184.230973,15.207403,65.757447,803,229,-0.115715,0.085303,-0.512034,-0.216997,0.465047,0.102084,0.852187,2
2026-06-26 11:05:46,1185.298557,14.494937,68.989607,803,162,-0.071779,0.089670,-0.507642,-0.203377,0.489322,0.090743,0.843189,2
2026-06-26 11:05:47,1186.366148,14.700420,68.025267,802,75,-0.050204,0.052265,-0.478639,-0.215250,0.516580,0.049405,0.827268,2
2026-06-26 11:05:48,1187.367026,14.782106,67.649359,801,118,-0.235845,0.052720,-0.655024,-0.201222,0.580979,0.048528,0.787158,2
2026-06-26 11:05:49,1188.501465,27.183159,36.787483,801,81,0.000000,0.000000,0.000000,0.000000,0.000000,0.000000,1.000000,3
2026-06-26 11:05:50,1189.504726,12.051958,82.974069,801,103,-0.394780,-0.078525,-1.038614,-0.231238,0.617490,0.055444,0.749774,2
2026-06-26 11:05:51,1190.572051,11.586566,86.306849,800,104,-0.303190,-0.107137,-1.082597,-0.252882,0.556896,0.058469,0.788986,2
2026-06-26 11:05:52,1191.572669,15.745356,63.510790,801,164,-0.409944,-0.070833,-1.055050,-0.222337,0.612456,0.049590,0.756971,2
2026-06-26 11:05:53,1192.573280,15.597892,64.111227,800,223,-0.435653,-0.024045,-1.052278,-0.205215,0.618511,0.067427,0.755503,2
2026-06-26 11:05:55,1193.640557,16.779124,59.597867,801,179,-0.451618,-0.021623,-1.046206,-0.199108,0.625331,0.048030,0.753001,2
2026-06-26 11:05:56,1194.707892,14.759036,67.755103,801,114,-0.485183,-0.057156,-1.097640,-0.194079,0.643578,0.043381,0.739093,2
2026-06-26 11:05:57,1195.775212,15.733100,63.560265,803,144,-0.446939,-0.023222,-1.120200,-0.185465,0.626090,0.046701,0.755932,2
2026-06-26 11:05:58,1196.842510,16.943665,59.019108,778,52,0.000000,0.000000,0.000000,0.000000,0.000000,0.000000,1.000000,3
2026-06-26 11:05:59,1197.909854,10.762674,92.913713,800,98,0.491400,0.004556,-1.346566,-0.239389,0.256978,0.028547,0.935863,2
2026-06-26 11:06:00,1198.977200,23.779106,42.053726,802,36,0.000000,0.000000,0.000000,0.000000,0.000000,0.000000,1.000000,3
2026-06-26 11:06:01,1200.044533,35.972015,27.799388,801,74,-0.123366,0.008964,-1.201421,-0.230596,0.459175,0.123341,0.848982,2
2026-06-26 11:06:02,1201.111863,13.268231,75.367997,802,138,-0.049773,0.017482,-1.206760,-0.233327,0.414918,0.120951,0.871076,2
2026-06-26 11:06:03,1202.181018,35.797757,27.934711,801,94,0.084745,0.113300,-1.461055,-0.225722,0.271139,0.147185,0.924051,2
2026-06-26 11:06:04,1203.248878,6.423346,155.682101,803,44,0.342816,0.086498,-1.953216,-0.226931,0.192854,0.128676,0.945913,3
2026-06-26 11:06:05,1204.315918,22.939270,43.593366,800,44,0.000000,0.000000,0.000000,0.000000,0.000000,0.000000,1.000000,3
2026-06-26 11:06:06,1205.384388,16.944761,59.015291,801,44,0.000000,0.000000,0.000000,0.000000,0.000000,0.000000,1.000000,3
2026-06-26 11:06:07,1206.452742,1.809903,552.515798,802,44,0.000000,0.000000,0.000000,0.000000,0.000000,0.000000,1.000000,2
2026-06-26 11:06:08,1207.453423,22.921162,43.627806,803,147,0.097535,0.057929,-0.341214,-0.016450,-0.099548,0.007293,0.994870,2
2026-06-26 11:06:09,1208.456169,19.715378,50.721827,804,38,0.000000,0.000000,0.000000,0.000000,0.000000,0.000000,1.000000,3
2026-06-26 11:06:10,1209.456824,18.459016,54.174069,802,38,0.000000,0.000000,0.000000,0.000000,0.000000,0.000000,1.000000,3
2026-06-26 11:06:11,1210.526369,23.686800,42.217606,801,38,0.000000,0.000000,0.000000,0.000000,0.000000,0.000000,1.000000,3
2026-06-26 11:06:12,1211.526556,7.844711,127.474422,802,50,0.004591,0.049323,-0.036912,0.045915,-0.015406,-0.005020,0.998814,2
2026-06-26 11:06:13,1212.593183,12.909955,77.459604,805,254,0.204898,0.044817,-0.063875,0.073256,-0.087717,-0.029934,0.992997,2
2026-06-26 11:06:15,1213.726509,12.073746,82.824336,805,250,0.195658,0.037289,-0.054596,0.073270,-0.137994,-0.034791,0.987106,2
2026-06-26 11:06:16,1214.793159,13.881668,72.037453,800,240,0.143139,0.051419,-0.023551,0.064265,-0.232005,-0.029696,0.970135,2
2026-06-26 11:06:17,1215.859814,12.428620,80.459456,804,275,0.147782,0.053071,-0.030360,0.080329,-0.208687,-0.018356,0.974505,2
2026-06-26 11:06:18,1216.926458,12.108729,82.585051,806,254,0.156455,0.048767,-0.038939,0.088675,-0.209169,-0.016325,0.973714,2
2026-06-26 11:06:19,1217.993636,12.736401,78.515116,806,277,0.144635,0.052706,-0.040144,0.098431,-0.207596,-0.015931,0.973120,2
2026-06-26 11:06:20,1219.061371,11.955561,83.643085,804,271,0.154591,0.054781,-0.046298,0.097828,-0.182894,-0.012599,0.978172,2
2026-06-26 11:06:21,1220.128276,12.707143,78.695896,804,236,0.125674,0.043791,-0.027912,0.078158,-0.219159,-0.012247,0.972477,2
2026-06-26 11:06:22,1221.195171,10.802627,92.570076,805,77,0.183081,0.013455,0.003368,0.088186,-0.256755,-0.007793,0.962413,2
2026-06-26 11:06:23,1222.195742,14.388879,69.498117,803,241,0.095473,0.048719,-0.058310,0.080110,-0.230008,0.006418,0.969865,2
2026-06-26 11:06:24,1223.262988,10.033899,99.662155,803,269,0.118863,0.062159,-0.060058,0.079213,-0.168299,0.001053,0.982548,2
2026-06-26 11:06:25,1224.331090,13.728171,72.842915,804,268,0.118492,0.064000,-0.056357,0.071470,-0.175265,0.001937,0.981922,2
2026-06-26 11:06:26,1225.398786,20.190837,49.527417,803,316,0.145059,0.062635,-0.073856,0.071867,-0.126203,-0.000130,0.989398,2
2026-06-26 11:06:27,1226.467485,15.569169,64.229504,805,71,0.244159,0.084521,-0.113129,0.104423,-0.197263,0.013315,0.974682,2
2026-06-26 11:06:28,1227.535291,19.306776,51.795287,804,52,0.278400,0.080210,-0.033958,0.101423,-0.258625,0.013366,0.960546,2
2026-06-26 11:06:30,1228.669640,25.918870,38.581929,805,63,0.109250,0.053195,-0.068604,0.067862,-0.298575,-0.014755,0.951856,2
2026-06-26 11:06:31,1229.670506,24.165022,41.382127,783,63,0.000000,0.000000,0.000000,0.000000,0.000000,0.000000,1.000000,3
2026-06-26 11:06:32,1230.738107,23.663926,42.258415,727,63,0.000000,0.000000,0.000000,0.000000,0.000000,0.000000,1.000000,3
2026-06-26 11:06:33,1231.805712,24.567157,40.704751,803,63,0.000000,0.000000,0.000000,0.000000,0.000000,0.000000,1.000000,3
2026-06-26 11:06:34,1233.006760,14.086418,70.990368,802,63,0.000000,0.000000,0.000000,0.000000,0.000000,0.000000,1.000000,4
2026-06-26 11:06:35,1234.141065,2.114926,472.829782,802,63,0.000000,0.000000,0.000000,0.000000,0.000000,0.000000,1.000000,2
2026-06-26 11:06:36,1235.208661,10.742816,93.085463,800,63,0.000000,0.000000,0.000000,0.000000,0.000000,0.000000,1.000000,4
2026-06-26 11:06:37,1236.209537,13.828381,72.315045,801,63,0.086002,-0.015741,0.002272,-0.012523,-0.091002,0.033847,0.995197,4
2026-06-26 11:06:38,1237.210369,13.088690,76.401840,802,43,-0.006855,-0.002068,0.006758,-0.001714,-0.025593,-0.011916,0.999600,3
2026-06-26 11:06:39,1238.211222,4.444743,224.984887,803,132,-0.005628,0.000034,-0.004383,-0.012542,-0.016591,-0.016584,0.999646,2
2026-06-26 11:06:40,1239.278832,6.414391,155.899445,804,140,-0.006935,-0.001808,0.001450,-0.004441,-0.021822,-0.018642,0.999578,2
2026-06-26 11:06:41,1240.279716,7.590938,131.736025,803,94,-0.005474,-0.001201,0.000369,-0.003582,-0.015977,-0.018094,0.999702,2
2026-06-26 11:06:42,1241.280601,7.742180,129.162587,802,134,-0.019745,-0.000281,-0.013669,0.013525,0.010899,0.009538,0.999804,2
2026-06-26 11:06:43,1242.348198,7.952942,125.739632,805,215,-0.015536,-0.012158,-0.018125,0.012247,0.005900,0.012659,0.999828,2
2026-06-26 11:06:44,1243.415801,8.490076,117.784576,805,171,-0.014334,-0.011206,-0.019359,0.006096,0.011046,0.015304,0.999803,2
2026-06-26 11:06:45,1244.483388,8.632985,115.834789,804,167,-0.012429,-0.011304,-0.020525,0.005970,0.009858,0.014312,0.999831,2
2026-06-26 11:06:46,1245.550988,7.938961,125.961067,807,162,-0.011982,-0.013543,-0.021390,-0.004929,0.005311,0.015673,0.999851,2
2026-06-26 11:06:47,1246.618603,8.026332,124.589912,807,183,-0.010526,-0.014454,-0.020063,0.008241,0.001217,0.013170,0.999879,2
2026-06-26 11:06:49,1247.686213,6.311428,158.442749,804,164,-0.011962,-0.014351,-0.020817,0.006741,0.006458,0.015776,0.999832,2
2026-06-26 11:06:50,1248.753825,6.282909,159.161942,801,161,-0.011548,-0.013779,-0.021354,0.008624,0.007887,0.015183,0.999816,2
2026-06-26 11:06:51,1249.821435,8.478652,117.943277,802,152,-0.013264,-0.015708,-0.021054,0.013643,0.009427,0.015108,0.999748,2
2026-06-26 11:06:52,1250.889035,6.425911,155.619958,801,158,-0.012699,-0.017782,-0.020730,0.010985,0.001682,0.013562,0.999846,2
2026-06-26 11:06:53,1251.956644,8.214335,121.738400,803,149,-0.018501,-0.011916,-0.018227,0.013030,0.009526,0.016786,0.999729,2
2026-06-26 11:06:54,1253.024234,11.434643,87.453539,802,29,-0.023396,-0.022827,0.018567,-0.002345,-0.022635,-0.054546,0.998252,3
2026-06-26 11:06:55,1254.091802,25.428366,39.326160,804,29,0.000000,0.000000,0.000000,0.000000,0.000000,0.000000,1.000000,3
2026-06-26 11:06:56,1255.159394,15.072233,66.347170,801,29,0.000000,0.000000,0.000000,0.000000,0.000000,0.000000,1.000000,3
2026-06-26 11:06:57,1256.227001,1.333235,750.055317,804,29,0.000000,0.000000,0.000000,0.000000,0.000000,0.000000,1.000000,2
2026-06-26 11:06:58,1257.296256,8.930806,111.971977,801,232,-0.000786,-0.000484,0.002070,0.002646,-0.005584,-0.000763,0.999981,2
2026-06-26 11:06:59,1258.364573,6.850601,145.972594,801,234,-0.001239,-0.001268,0.001585,0.002712,-0.006245,-0.000163,0.999977,2
2026-06-26 11:07:00,1259.431850,10.289060,97.190608,804,220,-0.003558,-0.000693,-0.000037,0.001380,-0.009607,-0.002645,0.999949,2
2026-06-26 11:07:01,1260.499155,9.437923,105.955516,803,168,-0.001650,-0.000303,0.001255,0.000049,-0.010855,-0.006694,0.999919,2
2026-06-26 11:07:02,1261.566488,9.031641,110.721850,800,117,-0.000107,-0.026494,-0.020282,-0.010198,0.019509,0.019507,0.999567,2
2026-06-26 11:07:04,1262.633777,13.642000,73.303035,802,160,-0.037208,-0.024724,-0.016772,-0.023661,0.044755,0.033423,0.998158,2
2026-06-26 11:07:05,1263.701127,8.458692,118.221588,801,137,-0.020942,-0.008164,-0.011020,-0.006513,0.035682,0.024889,0.999032,2
2026-06-26 11:07:06,1264.768454,7.843038,127.501614,804,134,-0.011844,-0.010820,-0.014408,0.001682,0.030531,0.021591,0.999299,2
2026-06-26 11:07:07,1265.835801,8.490970,117.772174,804,180,-0.007739,0.007919,-0.005071,0.017972,0.031136,0.017657,0.999198,2
2026-06-26 11:07:08,1266.903141,9.912429,100.883446,803,148,-0.007637,0.008081,-0.004755,0.013249,0.039552,0.012039,0.999057,2
2026-06-26 11:07:09,1267.970479,9.658889,103.531576,800,149,-0.010393,0.008443,-0.003459,0.010989,0.033714,0.012142,0.999297,2
2026-06-26 11:07:10,1269.171243,9.981615,100.184189,804,128,-0.008614,0.011171,-0.003590,0.029784,0.052302,0.011696,0.998119,2
2026-06-26 11:07:11,1270.171871,10.115431,98.858862,804,155,-0.006190,0.004513,-0.007599,0.016847,0.047354,0.015252,0.998620,2
2026-06-26 11:07:12,1271.239204,11.220127,89.125551,804,145,-0.002137,0.009234,-0.010730,-0.000378,0.043037,0.022171,0.998827,2
2026-06-26 11:07:13,1272.306545,10.309638,96.996616,804,134,-0.005794,0.005318,-0.007792,0.003296,0.029341,0.012754,0.999483,2
2026-06-26 11:07:14,1273.374940,9.955579,100.446192,805,135,-0.005539,0.009208,-0.005644,0.010628,0.025462,0.010762,0.999561,2
2026-06-26 11:07:15,1274.442926,24.605148,40.641901,804,20,0.001693,0.001798,0.010928,0.003142,0.001840,-0.017272,0.999844,3
2026-06-26 11:07:16,1275.510505,6.993161,142.996851,803,95,0.000550,0.000201,0.009042,0.004024,-0.001163,-0.021057,0.999770,2
2026-06-26 11:07:17,1276.580304,7.804021,128.139071,805,110,0.000405,0.000427,0.009518,0.000360,-0.003242,-0.017754,0.999837,2
2026-06-26 11:07:19,1277.648038,13.023778,76.782636,804,116,-0.002451,-0.002679,0.009392,0.015972,-0.006158,-0.015884,0.999727,2
2026-06-26 11:07:20,1278.715343,12.388104,80.722603,805,143,-0.001897,-0.004883,0.011858,0.016916,-0.010315,-0.019321,0.999617,2
2026-06-26 11:07:21,1279.782686,12.209474,81.903610,800,155,-0.002236,-0.003007,0.012545,0.015438,-0.013267,-0.019642,0.999600,2
2026-06-26 11:07:22,1280.783295,10.293585,97.147884,804,168,0.000241,-0.002670,0.007474,0.012572,-0.005187,-0.016878,0.999765,2
2026-06-26 11:07:23,1281.783914,12.872240,77.686556,804,99,-0.000143,-0.003313,0.008724,0.014086,-0.005632,-0.016197,0.999754,2
2026-06-26 11:07:24,1282.784532,13.071020,76.505124,803,139,-0.011933,-0.006487,-0.004260,0.014926,0.024529,0.005047,0.999575,2
2026-06-26 11:07:25,1283.851874,10.912628,91.636955,805,193,-0.006404,-0.004696,-0.005759,0.020287,0.017011,0.008226,0.999616,2
2026-06-26 11:07:26,1284.919197,9.115092,109.708163,803,211,-0.012574,-0.003065,-0.005481,0.017829,0.029267,0.009678,0.999366,2
2026-06-26 11:07:27,1286.053225,10.873851,91.963739,802,199,-0.013235,-0.004237,-0.005557,0.020823,0.027410,0.009352,0.999364,2
2026-06-26 11:07:28,1287.120577,8.183638,122.195043,802,204,-0.015251,-0.004401,-0.003489,0.028693,0.028749,0.005814,0.999158,2
2026-06-26 11:07:29,1288.187934,7.937970,125.976793,803,216,-0.017693,-0.001130,-0.001804,0.027369,0.030256,0.007445,0.999140,2
2026-06-26 11:07:30,1289.255256,11.235947,89.000064,805,216,-0.014725,-0.003560,-0.005134,0.025161,0.030989,0.009853,0.999154,2
2026-06-26 11:07:31,1290.322576,11.064687,90.377613,803,210,-0.014655,-0.003583,-0.005183,0.026745,0.030222,0.008421,0.999150,2
2026-06-26 11:07:32,1291.391571,8.274492,120.853341,803,195,-0.014884,-0.004084,-0.005175,0.028804,0.031032,0.007469,0.999075,2
2026-06-26 11:07:33,1292.460687,8.509013,117.522444,801,220,-0.017986,-0.005945,-0.002874,0.030442,0.028039,0.004216,0.999134,2
2026-06-26 11:07:34,1293.528379,10.988058,91.007892,804,218,-0.018084,-0.005515,-0.003864,0.028421,0.029960,0.009802,0.999099,2
2026-06-26 11:07:35,1294.595692,8.171955,122.369739,806,212,-0.017255,-0.006605,-0.004300,0.028936,0.031176,0.008738,0.999057,2
2026-06-26 11:07:37,1295.663006,11.295728,88.529044,802,201,-0.018553,-0.003351,-0.001964,0.028883,0.029721,0.008740,0.999103,2
2026-06-26 11:07:38,1296.730325,10.021882,99.781658,806,199,-0.019647,-0.004125,-0.001556,0.029123,0.026159,0.006434,0.999213,2
2026-06-26 11:07:39,1297.797640,10.884725,91.871866,804,217,-0.018461,-0.001721,-0.003296,0.034816,0.034651,0.008076,0.998760,2
2026-06-26 11:07:40,1298.864957,13.724254,72.863705,805,75,-0.011191,0.010049,0.012822,0.041875,0.033638,0.004240,0.998547,2
2026-06-26 11:07:41,1299.932281,23.662339,42.261249,803,40,0.000000,0.000000,0.000000,0.000000,0.000000,0.000000,1.000000,3
2026-06-26 11:07:42,1301.000240,19.491241,51.305096,803,40,0.000000,0.000000,0.000000,0.000000,0.000000,0.000000,1.000000,3
2026-06-26 11:07:43,1302.069413,16.851677,59.341275,801,40,0.000000,0.000000,0.000000,0.000000,0.000000,0.000000,1.000000,3
2026-06-26 11:07:44,1303.136466,4.466047,223.911661,802,78,-0.247599,-0.009142,-0.710396,-0.016552,-0.149130,0.039430,0.987893,2
2026-06-26 11:07:45,1304.203529,9.848307,101.540295,801,154,-0.179827,-0.109629,-1.816680,-0.033520,-0.184263,0.017364,0.982152,2
2026-06-26 11:07:46,1305.270580,15.697203,63.705617,800,113,0.000000,0.000000,0.000000,0.000000,0.000000,0.000000,1.000000,3
2026-06-26 11:07:47,1306.337630,18.402731,54.339761,800,113,0.000000,0.000000,0.000000,0.000000,0.000000,0.000000,1.000000,3
2026-06-26 11:07:48,1307.405652,17.466408,57.252756,800,113,0.000000,0.000000,0.000000,0.000000,0.000000,0.000000,1.000000,3
2026-06-26 11:07:49,1308.473452,15.524146,64.415782,800,126,-0.234675,-0.042083,-0.674128,0.045593,0.093415,-0.036084,0.993928,4
2026-06-26 11:07:50,1309.474066,15.688130,63.742460,803,124,-0.065120,-0.027652,-0.305985,0.017083,0.049264,-0.008831,0.998601,4
2026-06-26 11:07:51,1310.541389,6.837703,146.247943,804,169,-0.229494,-0.099821,-0.813927,-0.011130,0.001124,0.011536,0.999871,2
2026-06-26 11:07:52,1311.608709,10.636688,94.014227,802,172,-0.709523,-0.279466,-1.632051,-0.031362,0.064429,0.003019,0.997425,2
2026-06-26 11:07:53,1312.609327,17.894173,55.884114,801,58,0.000000,0.000000,0.000000,0.000000,0.000000,0.000000,1.000000,3
2026-06-26 11:07:55,1313.609943,29.746542,33.617353,801,58,0.000000,0.000000,0.000000,0.000000,0.000000,0.000000,1.000000,3
2026-06-26 11:07:56,1314.677239,21.482638,46.549218,802,58,0.000000,0.000000,0.000000,0.000000,0.000000,0.000000,1.000000,3
2026-06-26 11:07:57,1315.677856,15.953764,62.681133,802,185,-0.113034,-0.079742,-0.447188,-0.003180,0.021616,0.011128,0.999699,2
2026-06-26 11:07:58,1316.745186,21.524677,46.458305,798,154,-0.045684,-0.043168,-0.128983,0.011569,0.005592,-0.006645,0.999895,2
2026-06-26 11:07:59,1317.880805,7.514674,133.072972,802,102,-0.349889,-0.088459,-0.735884,0.013224,0.016043,-0.018571,0.999611,2
2026-06-26 11:08:00,1318.948407,9.580882,104.374524,800,103,-0.760053,-0.081072,-1.487462,0.031459,0.027111,0.017227,0.998989,2
2026-06-26 11:08:01,1319.949771,9.117822,109.675315,801,123,-1.300442,-0.423639,-2.646317,0.006560,0.022225,0.022836,0.999471,2
2026-06-26 11:08:02,1321.019418,5.028462,198.867964,800,87,-1.861139,-0.551748,-3.541384,-0.002478,0.030038,0.001773,0.999544,2
2026-06-26 11:08:03,1322.086743,18.320959,54.582296,801,87,0.000000,0.000000,0.000000,0.000000,0.000000,0.000000,1.000000,3
2026-06-26 11:08:04,1323.287641,14.385306,69.515379,677,87,0.000000,0.000000,0.000000,0.000000,0.000000,0.000000,1.000000,3
2026-06-26 11:08:05,1324.355114,2.079782,480.819624,804,87,0.000000,0.000000,0.000000,0.000000,0.000000,0.000000,1.000000,2
2026-06-26 11:08:06,1325.423751,17.004761,58.807060,804,155,-0.028514,-0.008968,-0.329711,0.020121,0.232313,-0.013379,0.972341,2
2026-06-26 11:08:07,1326.425490,8.656410,115.521330,803,118,-0.105266,-0.072012,-0.263833,0.036174,-0.112510,-0.003662,0.992985,2
2026-06-26 11:08:08,1327.492520,6.528257,153.180244,802,132,-0.622218,-0.049746,-1.130305,0.032014,-0.054721,0.002148,0.997986,2
2026-06-26 11:08:09,1328.559549,12.085911,82.740970,803,157,-1.343649,-0.078363,-1.854084,0.032073,0.046259,0.005701,0.998398,2
2026-06-26 11:08:10,1329.559886,24.230305,41.270632,803,62,-2.027100,-0.010990,-2.611205,0.031548,0.067639,-0.024880,0.996900,2
2026-06-26 11:08:12,1330.626923,17.044541,58.669811,804,27,0.000000,0.000000,0.000000,0.000000,0.000000,0.000000,1.000000,3
2026-06-26 11:08:13,1331.627233,28.605614,34.958173,801,27,0.000000,0.000000,0.000000,0.000000,0.000000,0.000000,1.000000,3
2026-06-26 11:08:14,1332.827620,1.745612,572.864989,804,27,0.000000,0.000000,0.000000,0.000000,0.000000,0.000000,1.000000,2
2026-06-26 11:08:15,1333.827877,17.034616,58.703994,803,110,-0.469374,-0.154339,-0.600145,-0.028183,-0.032417,0.044141,0.998101,2
2026-06-26 11:08:16,1334.894981,7.777402,128.577641,804,174,-1.274996,-0.164185,-0.667362,-0.033482,0.276129,0.041185,0.959654,2
2026-06-26 11:08:17,1335.962155,15.975383,62.596308,803,49,0.000000,0.000000,0.000000,0.000000,0.000000,0.000000,1.000000,3
2026-06-26 11:08:18,1337.097355,17.910923,55.831852,804,49,0.000000,0.000000,0.000000,0.000000,0.000000,0.000000,1.000000,3
2026-06-26 11:08:19,1338.164619,14.288216,69.987744,803,49,0.000000,0.000000,0.000000,0.000000,0.000000,0.000000,1.000000,3
2026-06-26 11:08:20,1339.165204,18.714544,53.434377,804,27,0.000000,0.000000,0.000000,0.000000,0.000000,0.000000,1.000000,3
2026-06-26 11:08:21,1340.233402,14.494164,68.993286,805,27,0.000000,0.000000,0.000000,0.000000,0.000000,0.000000,1.000000,3
2026-06-26 11:08:22,1341.302912,16.627965,60.139650,806,27,0.000000,0.000000,0.000000,0.000000,0.000000,0.000000,1.000000,3
2026-06-26 11:08:23,1342.371062,0.993771,1006.268044,803,27,0.000000,0.000000,0.000000,0.000000,0.000000,0.000000,1.000000,2
2026-06-26 11:08:24,1343.371672,2.461824,406.202880,801,63,0.007136,-0.009454,0.001632,-0.012838,-0.039865,0.083793,0.995603,2
2026-06-26 11:08:25,1344.438995,18.594618,53.779002,805,24,0.000000,0.000000,0.000000,0.000000,0.000000,0.000000,1.000000,3
2026-06-26 11:08:26,1345.506317,15.068171,66.365055,804,24,0.000000,0.000000,0.000000,0.000000,0.000000,0.000000,1.000000,3
2026-06-26 11:08:27,1346.573617,20.537605,48.691169,804,24,0.000000,0.000000,0.000000,0.000000,0.000000,0.000000,1.000000,3
2026-06-26 11:08:29,1347.707626,0.667304,1498.567370,805,24,0.000000,0.000000,0.000000,0.000000,0.000000,0.000000,1.000000,2
2026-06-26 11:08:30,1348.774954,15.806737,63.264164,805,22,0.000000,0.000000,0.000000,0.000000,0.000000,0.000000,1.000000,3
2026-06-26 11:08:31,1349.842173,22.840466,43.781944,807,22,0.000000,0.000000,0.000000,0.000000,0.000000,0.000000,1.000000,3
2026-06-26 11:08:32,1350.909542,16.017406,62.432082,803,22,0.000000,0.000000,0.000000,0.000000,0.000000,0.000000,1.000000,3
2026-06-26 11:08:33,1351.976932,6.354833,157.360547,804,115,-0.001081,-0.000593,-0.001103,-0.000270,0.000159,-0.000620,1.000000,2
2026-06-26 11:08:34,1353.044273,7.543717,132.560646,805,146,-0.002844,-0.002437,-0.003461,-0.000349,0.000567,-0.000357,1.000000,2
2026-06-26 11:08:35,1354.111571,5.790048,172.710140,804,152,-0.001079,-0.001740,-0.001943,-0.000334,0.000243,-0.000372,1.000000,2
2026-06-26 11:08:36,1355.178921,4.980021,200.802366,803,124,-0.000640,-0.000920,-0.000608,-0.000142,0.000435,-0.000382,1.000000,2
2026-06-26 11:08:37,1356.246722,3.391169,294.883564,802,91,-0.001997,0.000264,0.000904,-0.000088,0.000954,-0.001731,0.999998,2
2026-06-26 11:08:38,1357.315238,5.376655,185.989244,803,141,-0.001624,-0.000579,-0.000268,0.000198,0.000864,-0.000964,0.999999,2
2026-06-26 11:08:39,1358.382867,7.670738,130.365553,803,169,-0.001107,-0.000999,-0.000581,-0.000084,0.000667,-0.000919,0.999999,2
2026-06-26 11:08:40,1359.450488,6.608336,151.324025,806,141,0.001986,0.000545,0.001002,0.000463,0.000074,-0.000437,1.000000,2
2026-06-26 11:08:41,1360.451380,6.029682,165.846225,801,143,-0.001325,-0.001059,-0.000612,0.000043,0.000773,-0.000966,0.999999,2
2026-06-26 11:08:42,1361.518998,4.558127,219.388358,801,154,-0.001127,-0.001100,-0.000354,-0.000083,0.000798,-0.001220,0.999999,2
2026-06-26 11:08:43,1362.586592,5.893698,169.672759,805,151,-0.000817,-0.001601,-0.000874,-0.000156,0.000710,-0.001153,0.999999,2
2026-06-26 11:08:45,1363.654192,5.983959,167.113444,804,212,0.004606,-0.000685,0.001352,0.000755,-0.000316,0.000695,0.999999,2
2026-06-26 11:08:46,1364.721804,6.385446,156.606132,804,232,-0.002380,-0.001976,-0.004560,0.000227,0.000867,-0.000626,0.999999,2
2026-06-26 11:08:47,1365.789379,6.126498,163.225386,804,234,0.000687,0.001062,-0.000695,0.000987,0.000478,-0.000170,0.999999,2
2026-06-26 11:08:48,1366.790251,7.580237,131.921997,802,186,0.009884,0.002189,-0.001409,0.001540,-0.001344,0.000780,0.999998,2
2026-06-26 11:08:49,1367.857854,7.565515,132.178708,801,196,0.006832,0.002682,-0.002019,0.001836,-0.000811,0.000794,0.999998,2
2026-06-26 11:08:50,1368.925459,5.899829,169.496438,804,198,0.003137,0.004481,0.000275,0.001887,-0.000031,-0.001058,0.999998,2
2026-06-26 11:08:51,1369.993013,5.432879,184.064471,802,174,0.000517,-0.002364,-0.001667,0.000125,0.000490,-0.000371,1.000000,2
2026-06-26 11:08:52,1371.060617,7.046287,141.918715,802,179,-0.007928,-0.006629,-0.010552,-0.001191,0.001322,-0.002131,0.999996,2
2026-06-26 11:08:53,1372.128219,6.650135,150.372887,805,138,-0.001200,-0.001205,0.000271,-0.000024,0.001031,-0.001505,0.999998,2
2026-06-26 11:08:54,1373.195822,4.667981,214.225379,800,166,-0.001563,-0.001416,-0.000739,0.000010,0.001062,-0.001389,0.999999,2
2026-06-26 11:08:55,1374.263430,5.260267,190.104419,803,166,-0.001124,-0.001148,-0.000404,0.000105,0.000875,-0.001380,0.999999,2
2026-06-26 11:08:56,1375.331034,8.322840,120.151295,804,168,-0.000720,-0.000571,-0.000181,0.000414,0.000824,-0.001268,0.999999,2
2026-06-26 11:08:57,1376.398639,8.669900,115.341584,801,186,-0.003643,-0.001367,-0.001523,0.000075,0.001519,-0.001415,0.999998,2
2026-06-26 11:08:58,1377.466240,8.011263,124.824263,803,171,-0.000887,-0.001011,-0.000441,0.000156,0.000804,-0.001250,0.999999,2
2026-06-26 11:08:59,1378.533840,5.924812,168.781727,802,167,-0.000595,-0.001503,-0.000400,0.000012,0.000703,-0.001233,0.999999,2
2026-06-26 11:09:00,1379.601519,5.852848,170.856991,804,177,-0.000510,-0.000911,-0.000328,0.000210,0.000782,-0.001315,0.999999,2
2026-06-26 11:09:02,1380.669154,5.411899,184.778023,804,155,-0.000548,-0.001658,-0.000340,0.000049,0.000717,-0.001253,0.999999,2
2026-06-26 11:09:03,1381.736743,10.155771,98.466182,802,204,0.003703,0.000256,0.001050,0.000739,-0.000293,-0.000582,1.000000,2
2026-06-26 11:09:04,1382.804333,8.401509,119.026237,803,205,-0.000992,-0.001005,-0.000112,0.000236,0.000837,-0.001342,0.999999,2
2026-06-26 11:09:05,1383.871922,7.106123,140.723711,804,179,0.000625,0.002342,-0.001307,0.000907,-0.000018,-0.002656,0.999996,2
2026-06-26 11:09:06,1384.872785,8.467547,118.097957,804,133,-0.003363,0.002438,-0.001877,0.000939,0.001294,-0.003424,0.999993,2
2026-06-26 11:09:07,1385.873642,8.614067,116.089183,803,162,-0.006508,-0.001904,-0.003754,0.000062,0.002083,-0.002548,0.999995,2
2026-06-26 11:09:08,1386.874505,8.157969,122.579529,802,124,0.023792,0.003979,0.000889,0.002239,-0.004733,0.002294,0.999984,2
2026-06-26 11:09:09,1387.942091,7.368571,135.711524,804,143,0.023131,0.004342,0.007317,0.002456,-0.003370,0.003624,0.999985,2
2026-06-26 11:09:10,1389.076410,8.200544,121.943130,800,95,0.039880,0.003949,0.006639,0.001849,-0.008037,0.004076,0.999958,2
2026-06-26 11:09:11,1390.077276,8.942368,111.827203,806,126,0.079443,0.002338,0.012494,-0.000262,-0.018943,0.006229,0.999801,2
2026-06-26 11:09:12,1391.078139,12.975176,77.070246,802,138,0.013814,-0.003851,0.004612,-0.000753,-0.002123,0.001242,0.999997,2
2026-06-26 11:09:13,1392.079003,9.929362,100.711405,802,159,0.015627,0.002078,0.000443,0.001157,-0.003350,0.000514,0.999994,2
2026-06-26 11:09:14,1393.079865,10.854447,92.128139,804,185,0.022069,0.003411,0.004012,0.001194,-0.004593,0.001027,0.999988,2
2026-06-26 11:09:15,1394.080700,9.489875,105.375466,803,94,0.052625,-0.001360,0.008085,-0.002083,-0.013672,0.000973,0.999904,2
2026-06-26 11:09:16,1395.081574,11.185044,89.405102,801,175,0.039885,-0.000262,0.013890,-0.001524,-0.009817,-0.000455,0.999951,2
2026-06-26 11:09:17,1396.082504,11.471067,87.175849,801,198,0.034441,-0.001432,0.006225,-0.000935,-0.007938,-0.000332,0.999968,2
2026-06-26 11:09:18,1397.150095,10.987709,91.010783,802,173,0.030507,0.000415,0.005547,-0.000163,-0.006563,-0.000498,0.999978,2
2026-06-26 11:09:19,1398.217650,10.193236,98.104272,804,138,0.036821,0.000013,0.009407,-0.000872,-0.008440,0.000252,0.999964,2
2026-06-26 11:09:20,1399.285259,10.274201,97.331170,804,118,0.032628,-0.001038,0.008517,-0.001092,-0.007333,-0.000284,0.999973,2
2026-06-26 11:09:21,1400.352835,11.527254,86.750930,805,129,0.030022,0.000209,0.007600,-0.000541,-0.006438,-0.000391,0.999979,2
2026-06-26 11:09:22,1401.420389,12.426264,80.474711,805,161,0.016514,0.006370,0.005527,0.002095,-0.002231,-0.000223,0.999995,2
2026-06-26 11:09:23,1402.488001,11.720700,85.319136,803,162,0.013505,0.004872,0.005035,0.001903,-0.001531,-0.000352,0.999997,2
2026-06-26 11:09:25,1403.689074,8.944277,111.803335,805,171,0.008784,0.004510,0.005512,0.001734,-0.000609,-0.000818,0.999998,2
2026-06-26 11:09:26,1404.756678,11.563495,86.479045,802,169,0.010858,0.004915,0.006686,0.001769,-0.001087,-0.000697,0.999998,2
2026-06-26 11:09:27,1405.824298,20.666664,48.387103,806,226,-0.028803,-0.000416,-0.006651,0.001286,0.008559,-0.003470,0.999957,2
2026-06-26 11:09:28,1406.894162,12.237708,81.714648,803,198,0.001316,0.001049,0.002395,0.000740,0.000852,-0.001602,0.999998,2
2026-06-26 11:09:29,1407.961915,7.228108,138.348791,807,142,0.002026,0.001640,0.002554,0.001053,0.000509,-0.001876,0.999998,2
2026-06-26 11:09:30,1408.962552,10.329814,96.807164,805,134,0.001949,0.000574,0.003004,0.000432,0.000756,-0.002037,0.999998,2
2026-06-26 11:09:31,1409.963172,12.155430,82.267760,804,120,0.002312,0.001141,0.002560,0.000153,0.000465,-0.002780,0.999996,2
2026-06-26 11:09:32,1410.963778,12.956977,77.178496,805,129,0.002966,0.001135,0.002974,0.000483,0.000347,-0.002158,0.999997,2
2026-06-26 11:09:33,1411.964413,15.310247,65.315733,804,194,0.002367,-0.005170,0.002856,-0.001516,0.000112,-0.001395,0.999998,2
2026-06-26 11:09:34,1413.031759,14.981484,66.749062,802,105,-0.003025,-0.001023,-0.000462,0.000251,0.001845,-0.002499,0.999995,2
2026-06-26 11:09:35,1414.032358,16.052350,62.296175,804,166,0.027153,0.024857,0.013701,0.006889,-0.006293,-0.000725,0.999956,2
2026-06-26 11:09:36,1415.099704,12.418805,80.523045,804,143,0.017485,0.016885,0.011823,0.004819,-0.003716,-0.001058,0.999981,2
2026-06-26 11:09:37,1416.100331,12.093115,82.691680,802,177,0.016344,0.015399,0.018912,0.003061,-0.004483,0.000218,0.999985,2
2026-06-26 11:09:38,1417.167625,12.171005,82.162484,804,195,0.016374,0.013421,0.010605,0.003465,-0.003270,-0.000797,0.999988,2
2026-06-26 11:09:39,1418.234947,11.980540,83.468692,802,193,0.022605,0.017834,0.010164,0.004468,-0.004767,0.000128,0.999979,2
2026-06-26 11:09:40,1419.302277,12.541862,79.732977,804,194,0.023391,0.016252,0.014943,0.003459,-0.005555,0.000138,0.999979,2
2026-06-26 11:09:41,1420.369598,11.017139,90.767667,804,162,0.009320,0.009227,0.013095,0.002058,-0.001981,-0.002322,0.999993,2
2026-06-26 11:09:42,1421.436907,11.638944,85.918448,803,169,0.020975,0.019287,0.018620,0.004535,-0.005456,0.000162,0.999975,2
2026-06-26 11:09:43,1422.504893,12.456435,80.279791,802,188,0.023836,0.020209,0.009528,0.006036,-0.004936,-0.002087,0.999967,2
2026-06-26 11:09:44,1423.573242,8.993337,111.193431,802,173,0.020675,0.020094,0.009053,0.005971,-0.004040,-0.002484,0.999971,2
2026-06-26 11:09:45,1424.574122,10.440262,95.783037,804,122,0.030900,0.026679,0.014769,0.007810,-0.006693,-0.002942,0.999943,2
2026-06-26 11:09:47,1425.641730,11.654241,85.805674,803,119,0.035464,0.031022,0.008319,0.009388,-0.007772,-0.001342,0.999925,2
2026-06-26 11:09:48,1426.709326,12.778978,78.253519,805,185,0.025743,0.026234,0.004149,0.008384,-0.004889,-0.002205,0.999950,2
2026-06-26 11:09:49,1427.776926,11.161383,89.594632,806,135,0.008076,0.018221,0.004603,0.006015,-0.000856,-0.002343,0.999979,2
2026-06-26 11:09:50,1428.844530,11.402293,87.701658,803,149,0.013438,0.019646,0.004557,0.006157,-0.001834,-0.002326,0.999977,2
2026-06-26 11:09:51,1429.912137,9.994720,100.052828,802,219,0.026379,0.015517,0.013195,0.003902,-0.005775,-0.001030,0.999975,2
2026-06-26 11:09:52,1430.979733,11.102549,90.069407,804,151,0.017715,0.008436,0.022150,-0.000316,-0.005770,0.002765,0.999979,2
2026-06-26 11:09:53,1432.047342,8.851484,112.975406,803,175,0.015805,0.012896,0.020038,0.001821,-0.004796,0.001031,0.999986,2
2026-06-26 11:09:54,1433.114963,11.593575,86.254671,803,180,0.020138,0.017001,0.013736,0.004159,-0.004489,-0.000556,0.999981,2
2026-06-26 11:09:55,1434.182604,11.795169,84.780472,803,201,0.024591,0.015475,0.011079,0.004224,-0.005297,-0.001106,0.999976,2
2026-06-26 11:09:56,1435.250253,9.210359,108.573401,805,163,0.016763,0.014035,0.003875,0.004409,-0.003061,-0.000840,0.999985,2
2026-06-26 11:09:57,1436.317832,12.665959,78.951779,806,218,0.018982,0.014285,0.004633,0.004059,-0.003315,-0.000431,0.999986,2
2026-06-26 11:09:58,1437.385375,11.832596,84.512308,803,182,0.001478,0.013972,0.010011,0.004103,0.000287,-0.002376,0.999989,2
2026-06-26 11:09:59,1438.452980,12.277232,81.451585,805,205,0.003200,0.014535,0.011042,0.004371,0.000035,-0.002367,0.999988,2
2026-06-26 11:10:00,1439.520617,12.554607,79.652035,802,210,0.006671,0.014706,0.009188,0.004285,-0.000711,-0.001710,0.999989,2
2026-06-26 11:10:01,1440.588263,11.609113,86.139225,806,178,-0.000408,0.014590,0.009850,0.004535,0.000755,-0.002394