# timestamp x y z qx qy qz qw latency
0.000000000 0.659034848 1.786868112 0.001870542 -0.680456090 0.204556875 -0.174079746 0.681786064 0.000000000
0.103735900 0.897164630 2.187359668 -0.066443587 -0.675875075 0.207506071 -0.177281122 0.684620711 0.000000000
0.207338100 1.247043269 2.788117522 -0.109712998 -0.672119886 0.209504545 -0.180109013 0.686966847 0.000000000
0.311075200 1.628348775 3.447082957 -0.148277328 -0.668834743 0.211144165 -0.182394363 0.689064964 0.000000000
0.414691700 2.012923455 4.114851340 -0.198868781 -0.666086012 0.212339369 -0.184191629 0.690879773 0.000000000
0.518430200 2.397750547 4.787832884 -0.259239753 -0.663783726 0.213337573 -0.185455537 0.692448185 0.000000000
0.622044800 2.781525894 5.465855614 -0.326256518 -0.661908181 0.213944930 -0.186357922 0.693812548 0.000000000
0.725797700 3.166003474 6.155141162 -0.392385064 -0.660491318 0.214159537 -0.186902196 0.694949265 0.000000000
0.829419900 3.551848280 6.853508515 -0.446930056 -0.659597782 0.214150319 -0.186966554 0.695782951 0.000000000
0.933146700 3.940093493 7.561381085 -0.488644838 -0.659205854 0.213936313 -0.186537906 0.696335053 0.000000000
1.036910000 4.328534287 8.280538394 -0.515512714 -0.659281272 0.213549421 -0.185687388 0.696609678 0.000000000
1.140497000 4.717685380 9.003346293 -0.527358778 -0.659717403 0.212880227 -0.184513962 0.696713395 0.000000000
1.244242000 5.105578431 9.734667090 -0.530028149 -0.660492645 0.212025179 -0.182984520 0.696642990 0.000000000
1.347979000 5.497435947 10.469817498 -0.525451203 -0.661578318 0.211044696 -0.181031392 0.696420778 0.000000000
1.451596000 5.890904619 11.211594749 -0.516272526 -0.663038416 0.209837180 -0.178734652 0.695990188 0.000000000
1.555212000 6.291805838 11.961627678 -0.500883366 -0.664292459 0.208407357 -0.176525966 0.695787673 0.000000000
1.658960000 6.690365116 12.718444259 -0.485375537 -0.666405172 0.206713441 -0.173581280 0.695013122 0.000000000
1.762569000 7.091517647 13.487127056 -0.473324264 -0.667951389 0.204757669 -0.171071622 0.694729975 0.000000000
1.866302000 7.492900052 14.262116267 -0.465713943 -0.670153445 0.203332457 -0.168622783 0.693625712 0.000000000
1.969923000 7.895402257 15.044633663 -0.459560500 -0.671356200 0.202271477 -0.167390083 0.693071182 0.000000000
2.073666000 8.301216126 15.836739634 -0.444933468 -0.671880836 0.201652793 -0.166604955 0.692932235 0.000000000
2.177281000 8.707070418 16.633542455 -0.432351087 -0.672645513 0.201049606 -0.165764592 0.692567087 0.000000000
2.281017000 9.117473921 17.435556423 -0.417472716 -0.673333969 0.200100404 -0.164762332 0.692412137 0.000000000
2.384639000 9.531525843 18.243134458 -0.405948020 -0.673838430 0.198975527 -0.163508632 0.692542734 0.000000000
2.488250000 9.947732785 19.051337652 -0.397187060 -0.674126914 0.197645305 -0.162352077 0.692914886 0.000000000
2.591988000 10.373022007 19.867477795 -0.394561219 -0.674677816 0.197025543 -0.161880441 0.692665506 0.000000000
2.695832000 10.796650563 20.692345867 -0.389004074 -0.675521593 0.197168331 -0.162337774 0.691694784 0.000000000
2.799367000 11.218893023 21.522305693 -0.381965818 -0.676326211 0.197174106 -0.163157906 0.690713201 0.000000000
2.903084000 11.646414755 22.358156837 -0.373715170 -0.676725877 0.196514526 -0.163962498 0.690319077 0.000000000
3.006768000 12.074180503 23.200315505 -0.368972230 -0.677515559 0.195394012 -0.164085351 0.689833201 0.000000000
3.110441000 12.505954798 24.037707436 -0.366478776 -0.678505283 0.193575308 -0.163268733 0.689566894 0.000000000
3.214057000 12.939427012 24.876535300 -0.370618464 -0.679631390 0.190993650 -0.161520687 0.689589491 0.000000000
3.317669000 13.379944540 25.723726915 -0.378343605 -0.680176440 0.188822066 -0.160471107 0.689895110 0.000000000
3.421285000 13.827847255 26.574232938 -0.384979236 -0.679805709 0.188223563 -0.160779948 0.690352010 0.000000000
3.524925000 14.278389769 27.432108294 -0.386379947 -0.679290647 0.189185077 -0.161812861 0.690354852 0.000000000
3.628545000 14.732065866 28.290200218 -0.380476861 -0.678243423 0.189984329 -0.162400241 0.691026754 0.000000000
3.732256000 15.194210560 29.148586079 -0.371380208 -0.676421763 0.189581944 -0.161877881 0.693042450 0.000000000
3.835871000 15.662848915 30.007867297 -0.366493593 -0.676252366 0.188638499 -0.159753654 0.693957509 0.000000000
3.939488000 16.125178485 30.876918705 -0.368357818 -0.677039081 0.187600271 -0.157177639 0.694060092 0.000000000
4.043107000 16.586205219 31.753184603 -0.371655863 -0.677663389 0.187298062 -0.155277301 0.693960177 0.000000000
4.146888000 17.045209883 32.634185642 -0.370450762 -0.677955567 0.188052445 -0.155018917 0.693528415 0.000000000
4.250460000 17.501842724 33.521258911 -0.360700488 -0.678897042 0.189212610 -0.155077191 0.692277733 0.000000000
4.354202000 17.952340651 34.409757444 -0.351491776 -0.679094768 0.189724349 -0.154788490 0.692008303 0.000000000
4.457940000 18.401950702 35.289634152 -0.339271154 -0.679445597 0.190258974 -0.154683209 0.691540532 0.000000000
4.561559000 18.851635759 36.171116463 -0.328673623 -0.679770837 0.191282999 -0.155620462 0.690727656 0.000000000
4.665293000 19.299340685 37.058705896 -0.322838249 -0.681510835 0.191604855 -0.155280050 0.688998307 0.000000000
4.768912000 19.739711288 37.941704601 -0.321752352 -0.682072018 0.191329876 -0.155014997 0.688578965 0.000000000
4.872532000 20.183704160 38.824806521 -0.318522056 -0.682640821 0.190232932 -0.154187780 0.688504952 0.000000000
4.976146000 20.625889623 39.712113522 -0.324697115 -0.683732733 0.188966905 -0.153174765 0.687996039 0.000000000
5.079909000 21.067425801 40.604196527 -0.333783677 -0.683891261 0.188502452 -0.152533517 0.688108345 0.000000000
5.183503000 21.515191563 41.489844427 -0.338129794 -0.683405424 0.188559975 -0.152435458 0.688596829 0.000000000
5.287117000 21.962628713 42.367701440 -0.337765789 -0.683771943 0.188616589 -0.152119501 0.688287272 0.000000000
5.390861000 22.405476593 43.242234710 -0.326652730 -0.685261308 0.187620270 -0.150804320 0.687367173 0.000000000
5.494473000 22.842911831 44.115581285 -0.326996358 -0.685774907 0.185847446 -0.149134496 0.687700811 0.000000000
5.598233000 23.276735760 44.986339978 -0.332206767 -0.685911499 0.185381755 -0.148862296 0.687749255 0.000000000
5.701829000 23.709390975 45.855072478 -0.331083361 -0.685557990 0.186049142 -0.150013909 0.687671278 0.000000000
5.805571000 24.146386361 46.720559026 -0.322381270 -0.684872201 0.186373366 -0.150848615 0.688084102 0.000000000
5.909185000 24.583919253 47.581546262 -0.312140424 -0.684410619 0.186155699 -0.151071452 0.688553249 0.000000000
6.012921000 25.014940261 48.438231097 -0.301972809 -0.683827384 0.185523418 -0.150796014 0.689363280 0.000000000
6.116541000 25.446721143 49.288521788 -0.293923464 -0.683323278 0.184744871 -0.150070861 0.690229938 0.000000000
6.220278000 25.876594898 50.138684918 -0.291641326 -0.682811035 0.184831383 -0.149692078 0.690795724 0.000000000
6.323895000 26.304885358 50.989654364 -0.287699052 -0.681758419 0.186046576 -0.150396019 0.691356035 0.000000000
6.427659000 26.735315198 51.836823789 -0.280353846 -0.681577059 0.187575240 -0.151334237 0.690916921 0.000000000
6.531383000 27.160517870 52.681366862 -0.279407508 -0.682248682 0.188162531 -0.151217720 0.690119409 0.000000000
6.634992000 27.578930739 53.516475464 -0.279356560 -0.683152614 0.187775156 -0.149515740 0.689701414 0.000000000
6.738741000 27.990913476 54.347455127 -0.283343135 -0.684181078 0.185666377 -0.146399372 0.689921353 0.000000000
6.842350000 28.394063212 55.170525527 -0.292322024 -0.685070990 0.183819576 -0.144074994 0.690022100 0.000000000
6.945963000 28.789670495 55.984866426 -0.300817503 -0.686193765 0.184059480 -0.143632993 0.688933805 0.000000000
7.049705000 29.175509933 56.790314274 -0.298184630 -0.686906454 0.184886730 -0.144138791 0.687895653 0.000000000
7.153323000 29.554071606 57.586878559 -0.286091392 -0.687820583 0.185486663 -0.144274878 0.686791309 0.000000000
7.256934000 29.929912110 58.373119699 -0.274123642 -0.687995780 0.184981135 -0.143912489 0.686828204 0.000000000
7.360549000 30.299453659 59.147526395 -0.266153890 -0.688306815 0.185021627 -0.143689434 0.686552309 0.000000000
7.464167000 30.662741887 59.909659248 -0.255305701 -0.688616183 0.184804928 -0.143400219 0.686360887 0.000000000
7.567786000 31.022013872 60.657717434 -0.243216134 -0.688554402 0.184766376 -0.143315393 0.686450959 0.000000000
7.671396000 31.376781277 61.391906276 -0.235778766 -0.688364950 0.184654811 -0.143323265 0.686669308 0.000000000
7.775144000 31.721704474 62.116982627 -0.231931607 -0.688890763 0.185017469 -0.143514366 0.686004140 0.000000000
7.878754000 32.058905580 62.830396755 -0.226696377 -0.689163699 0.185893550 -0.144521108 0.685281427 0.000000000
7.982493000 32.388667834 63.532150635 -0.221154383 -0.690137552 0.186198921 -0.144459044 0.684230741 0.000000000
8.086111000 32.705913565 64.214171095 -0.216078579 -0.691441744 0.184606522 -0.142808720 0.683691755 0.000000000
8.189849000 33.012817990 64.879815349 -0.213148898 -0.692050556 0.181610124 -0.140300717 0.684397179 0.000000000
8.293470000 33.315384090 65.525547164 -0.212304779 -0.692113629 0.179436304 -0.138557704 0.685261337 0.000000000
8.397102000 33.608075350 66.154866486 -0.217371513 -0.692169447 0.178131392 -0.138297893 0.685597810 0.000000000
8.500847000 33.886968435 66.766908682 -0.221129521 -0.692469313 0.178552942 -0.139397124 0.684962436 0.000000000
8.604438000 34.158029526 67.364962127 -0.206880038 -0.692285465 0.178693849 -0.140194863 0.684948716 0.000000000
8.708175000 34.424215777 67.945259835 -0.190047587 -0.691276391 0.177162630 -0.139661977 0.686472786 0.000000000
8.811795000 34.688671600 68.504023305 -0.174439033 -0.689054595 0.174745336 -0.139150790 0.689423592 0.000000000
8.915403000 34.955513873 69.047440931 -0.167478067 -0.687849764 0.172016712 -0.138378135 0.691465433 0.000000000
9.019162000 35.214044445 69.575686951 -0.163946897 -0.688437656 0.170663762 -0.139203325 0.691049860 0.000000000
9.122890000 35.460256222 70.093301399 -0.151186449 -0.689867241 0.170241713 -0.141361860 0.689287874 0.000000000
9.226512000 35.693823723 70.600770315 -0.142505639 -0.689554488 0.169829487 -0.144347195 0.689083769 0.000000000
9.330247000 35.935569252 71.087874533 -0.136874451 -0.688303221 0.169321949 -0.147930153 0.689699517 0.000000000
9.433986000 36.184862734 71.559806738 -0.122535678 -0.687463349 0.168367337 -0.152100992 0.689863662 0.000000000
9.537749000 36.430093148 72.017351240 -0.107335516 -0.689010161 0.165796312 -0.155233926 0.688243423 0.000000000
9.641587000 36.667115795 72.465995891 -0.100209739 -0.691659238 0.162624130 -0.159637552 0.685329660 0.000000000
9.745342000 36.897496765 72.898255429 -0.097245532 -0.694072310 0.159064983 -0.165595353 0.682305019 0.000000000
9.849229000 37.139765064 73.312715808 -0.099228076 -0.694816901 0.154662731 -0.173211286 0.680666412 0.000000000
9.953059000 37.393205806 73.705386401 -0.101435794 -0.694895487 0.149832451 -0.182430726 0.679256601 0.000000000
10.056930000 37.661899262 74.080546966 -0.103060042 -0.695465460 0.145132855 -0.192794871 0.676826703 0.000000000
10.160830000 37.939285193 74.437780522 -0.103500516 -0.696349046 0.140349289 -0.204158764 0.673586878 0.000000000
10.264660000 38.229679579 74.778373807 -0.103861662 -0.697386655 0.135059135 -0.216719726 0.669659199 0.000000000
10.368670000 38.531136608 75.102075598 -0.108360032 -0.698464302 0.129426831 -0.230427421 0.665056026 0.000000000
10.472640000 38.843596944 75.405973743 -0.114163246 -0.699258660 0.123823854 -0.245421484 0.659903989 0.000000000
10.576630000 39.152251672 75.672852272 -0.119408849 -0.700684173 0.117758221 -0.261207469 0.653410552 0.000000000
10.680620000 39.477388474 75.917643661 -0.122811403 -0.701611174 0.111296976 -0.278211866 0.646492770 0.000000000
10.784610000 39.818076629 76.139877787 -0.128257032 -0.701839150 0.105197416 -0.296802186 0.638955220 0.000000000
10.888750000 40.167772279 76.333412683 -0.129706382 -0.701868190 0.099860789 -0.316281991 0.630376529 0.000000000
10.992720000 40.528587756 76.500288791 -0.135261403 -0.701281260 0.095150462 -0.336439334 0.621256435 0.000000000
11.096590000 40.900476928 76.636419471 -0.147573670 -0.699775166 0.091302075 -0.357048725 0.611959848 0.000000000
11.200570000 41.284062741 76.745072890 -0.158888690 -0.697976167 0.089405934 -0.377804395 0.601747197 0.000000000
11.304310000 41.676849528 76.831681809 -0.159245235 -0.695603179 0.089790695 -0.398920955 0.590707982 0.000000000
11.408180000 42.072922016 76.882164118 -0.160519833 -0.693250572 0.092083653 -0.419875876 0.578470824 0.000000000
11.511920000 42.467132882 76.906495794 -0.161275662 -0.690233471 0.095077592 -0.440018926 0.566499208 0.000000000
11.615530000 42.865008081 76.902144867 -0.168608560 -0.686535803 0.098621159 -0.458860369 0.555328389 0.000000000
11.719270000 43.265900251 76.868222490 -0.179312113 -0.681804053 0.103371847 -0.476836464 0.545054567 0.000000000
11.822770000 43.660343239 76.813759699 -0.176161655 -0.678419586 0.111038842 -0.493650241 0.532660004 0.000000000
11.926380000 44.046953682 76.750679732 -0.175001176 -0.675502957 0.120418648 -0.509796399 0.518943865 0.000000000
12.030000000 44.420773467 76.673407558 -0.178781420 -0.671644924 0.130502201 -0.524777141 0.506429880 0.000000000
12.133610000 44.786257031 76.577300299 -0.190291509 -0.665027987 0.140550757 -0.539022178 0.497431756 0.000000000
12.237100000 45.152809147 76.458312218 -0.197363650 -0.655752537 0.151113097 -0.553076450 0.491182128 0.000000000
12.340600000 45.523851852 76.325565636 -0.195516532 -0.648004879 0.165139919 -0.565132180 0.483160535 0.000000000
12.444110000 45.893142962 76.186040454 -0.191401319 -0.643018199 0.180747082 -0.574010821 0.473676753 0.000000000
12.547670000 46.269052293 76.053410828 -0.194086130 -0.639836532 0.198551647 -0.581190582 0.461956668 0.000000000
12.651070000 46.638953514 75.926155062 -0.200366059 -0.634981611 0.215685675 -0.588179205 0.452021311 0.000000000
12.754690000 47.007971051 75.785274596 -0.203866839 -0.628077056 0.231471370 -0.595054893 0.444803205 0.000000000
12.858060000 47.374934792 75.633378962 -0.201986768 -0.619818951 0.246056768 -0.601613053 0.439707027 0.000000000
12.961670000 47.748661072 75.461681197 -0.200315699 -0.611968259 0.259065744 -0.606188752 0.436938196 0.000000000
13.065200000 48.131686556 75.270028667 -0.215503418 -0.605160616 0.273387023 -0.609892575 0.432517296 0.000000000
13.168770000 48.531422323 75.072612346 -0.242008104 -0.597449011 0.290185792 -0.614092336 0.426306801 0.000000000
13.272350000 48.939932807 74.873586764 -0.253302943 -0.588210234 0.308057568 -0.618969442 0.419506955 0.000000000
13.375880000 49.356232234 74.670589700 -0.255209026 -0.578673510 0.324523744 -0.623389565 0.413771384 0.000000000
13.479500000 49.780649240 74.457343564 -0.255401794 -0.569125747 0.339678432 -0.627154444 0.409135369 0.000000000
13.583110000 50.215950541 74.231754501 -0.256833959 -0.559678815 0.353743888 -0.630115772 0.405683375 0.000000000
13.686720000 50.665502787 73.991044226 -0.260574794 -0.550681976 0.367368284 -0.632154128 0.402704685 0.000000000
13.790340000 51.126843406 73.740287531 -0.266545521 -0.541843638 0.381005381 -0.633453397 0.399971456 0.000000000
13.893950000 51.604746977 73.479830364 -0.273269082 -0.532837795 0.394579022 -0.634153223 0.397795136 0.000000000
13.997670000 52.097515344 73.208690787 -0.281081108 -0.524432228 0.407413881 -0.634412682 0.395607530 0.000000000
14.101300000 52.604043663 72.930794560 -0.292807042 -0.516461294 0.419674550 -0.634542295 0.393061166 0.000000000
14.204920000 53.122194150 72.645414463 -0.306364788 -0.507939705 0.431153203 -0.634805322 0.391313652 0.000000000
14.308540000 53.657069643 72.342570737 -0.318580205 -0.499530795 0.442527490 -0.634650776 0.389688078 0.000000000
14.412270000 54.206742420 72.029364640 -0.330128397 -0.491486985 0.453485807 -0.634342547 0.387815290 0.000000000
14.515890000 54.771362532 71.710145576 -0.341340271 -0.483508624 0.463600037 -0.634048334 0.386363981 0.000000000
14.619680000 55.353071484 71.379550105 -0.352632661 -0.475131470 0.472814871 -0.633836441 0.385937235 0.000000000
14.723260000 55.946040127 71.037970115 -0.362572822 -0.466781484 0.481701621 -0.633216006 0.386155517 0.000000000
14.826860000 56.556391803 70.689195453 -0.372779823 -0.458949177 0.490911943 -0.631719431 0.386395752 0.000000000
14.930480000 57.184852889 70.337063204 -0.384767467 -0.451272286 0.499382427 -0.630029061 0.387342094 0.000000000
15.034100000 57.831084426 69.976356627 -0.395879902 -0.444153753 0.507964499 -0.627798543 0.388031572 0.000000000
15.137840000 58.489678486 69.617583799 -0.406075754 -0.437061924 0.516157541 -0.625907021 0.388328042 0.000000000
15.241450000 59.163731537 69.257427985 -0.418387287 -0.430569610 0.524021159 -0.623830735 0.388390075 0.000000000
15.345080000 59.851341601 68.898506177 -0.429398740 -0.424851099 0.532354684 -0.621148718 0.387652298 0.000000000
15.448810000 60.554518114 68.538750916 -0.445176522 -0.419487633 0.539475204 -0.618763497 0.387464018 0.000000000
15.552550000 61.266255395 68.183484380 -0.462413806 -0.415435992 0.545964080 -0.615708458 0.387607088 0.000000000
15.656170000 61.984797827 67.827800907 -0.471689318 -0.412517220 0.551293125 -0.612564615 0.388162370 0.000000000
15.759900000 62.708946661 67.471519389 -0.485666822 -0.411252356 0.556000180 -0.609025008 0.388360450 0.000000000
15.863640000 63.429295441 67.115321430 -0.498789122 -0.409503847 0.560170906 -0.606783925 0.387722096 0.000000000
15.967390000 64.159339615 66.760637105 -0.518588575 -0.406941655 0.564138669 -0.605586676 0.386536971 0.000000000
16.071020000 64.885399780 66.408595853 -0.521650094 -0.404234272 0.568535933 -0.604563036 0.384532290 0.000000000
16.174740000 65.616657481 66.051643336 -0.526279168 -0.401563257 0.571510833 -0.604171345 0.383535271 0.000000000
16.278450000 66.349641358 65.696950487 -0.527423060 -0.399238132 0.574995203 -0.603233390 0.382228868 0.000000000
16.382090000 67.077269521 65.329783668 -0.525629488 -0.397236208 0.577931904 -0.602387455 0.381218393 0.000000000
16.485710000 67.802116236 64.964862578 -0.519819420 -0.395862215 0.580788201 -0.601164966 0.380235265 0.000000000
16.589330000 68.526963802 64.601748701 -0.517615275 -0.395030203 0.583186616 -0.600160005 0.379015143 0.000000000
16.693090000 69.246956123 64.233869953 -0.520517935 -0.394446408 0.585378149 -0.599669421 0.377015967 0.000000000
16.796680000 69.965546010 63.867269857 -0.523085126 -0.393799117 0.587320651 -0.599752499 0.374531237 0.000000000
16.900430000 70.689305672 63.497968896 -0.529402710 -0.393110165 0.589169832 -0.600322368 0.371424772 0.000000000
17.004190000 71.411586368 63.122514913 -0.534681016 -0.392873709 0.590669198 -0.601120502 0.367986806 0.000000000
17.107900000 72.126768246 62.741815978 -0.537093916 -0.393083912 0.591260533 -0.602178404 0.365071486 0.000000000
17.211650000 72.833658043 62.357339982 -0.540261577 -0.393693867 0.591337905 -0.603441211 0.362192388 0.000000000
17.315390000 73.532802142 61.966159108 -0.547477245 -0.394400799 0.591191938 -0.604966039 0.359104711 0.000000000
17.419150000 74.227044627 61.563952389 -0.560268102 -0.394373866 0.591105113 -0.607130261 0.355607714 0.000000000
17.522870000 74.912476353 61.153614782 -0.570331153 -0.394508020 0.591621787 -0.608930250 0.351498271 0.000000000
17.626480000 75.586121783 60.742089953 -0.575847142 -0.394375602 0.591591722 -0.611159340 0.347809401 0.000000000
17.730220000 76.246978678 60.324788714 -0.582878447 -0.394320638 0.591818408 -0.613048518 0.344142008 0.000000000
17.833840000 76.896588160 59.902767727 -0.589899101 -0.394194970 0.592068722 -0.614824166 0.340670221 0.000000000
17.937460000 77.539179537 59.474839422 -0.596710252 -0.394105196 0.592492947 -0.616286302 0.337378713 0.000000000
18.041200000 78.173326932 59.043461919 -0.603270766 -0.393501315 0.592811325 -0.618031645 0.334317714 0.000000000
18.144820000 78.795715305 58.604108932 -0.608566139 -0.392449360 0.593270255 -0.619782426 0.331487026 0.000000000
18.248550000 79.412587904 58.162203916 -0.612131734 -0.391269065 0.594002996 -0.621454081 0.328426224 0.000000000
18.352170000 80.017758116 57.719891263 -0.615527295 -0.389691223 0.594745514 -0.623298762 0.325449193 0.000000000
18.455930000 80.611987425 57.275636152 -0.618146791 -0.387637869 0.595681895 -0.625167212 0.322592499 0.000000000
18.559570000 81.201487535 56.828107008 -0.622238650 -0.384906085 0.596888362 -0.627086606 0.319896825 0.000000000
18.663260000 81.776059799 56.383060860 -0.626887811 -0.381296261 0.598200763 -0.628994159 0.318017856 0.000000000
18.766880000 82.342224666 55.939797970 -0.627695489 -0.377415558 0.599806069 -0.630513964 0.316610671 0.000000000
18.870490000 82.901999694 55.499850533 -0.631329020 -0.373647899 0.601742758 -0.631448825 0.315539667 0.000000000
18.974110000 83.449107771 55.068028291 -0.635464113 -0.370202851 0.604202929 -0.631534756 0.314726105 0.000000000
19.077720000 83.982855372 54.648814390 -0.642179057 -0.366858232 0.606410405 -0.631487366 0.314491914 0.000000000
19.181410000 84.502949451 54.239584830 -0.647245645 -0.363468955 0.608551742 -0.631088991 0.315090116 0.000000000
19.285020000 85.006569762 53.844786462 -0.653548548 -0.359648830 0.610738384 -0.630486228 0.316446618 0.000000000
19.388680000 85.499229095 53.468733390 -0.659398097 -0.355647366 0.613405762 -0.629293995 0.318178236 0.000000000
19.492240000 85.977665755 53.112176238 -0.661682413 -0.351197749 0.616431560 -0.627580200 0.320648351 0.000000000
19.595800000 86.443783949 52.771444004 -0.664916786 -0.346317211 0.619779523 -0.625338180 0.323867091 0.000000000
19.699410000 86.897419492 52.454766188 -0.663372213 -0.341261535 0.623123437 -0.622648517 0.327973430 0.000000000
19.802910000 87.340586444 52.159418318 -0.659966365 -0.336095013 0.626338086 -0.619311405 0.333457835 0.000000000
19.906520000 87.795069703 51.874471574 -0.657611151 -0.330877444 0.629592773 -0.615032040 0.340394840 0.000000000
20.010020000 88.252037901 51.607351475 -0.658472603 -0.325578175 0.632721679 -0.610166236 0.348366608 0.000000000
20.113500000 88.712497909 51.365950819 -0.658037018 -0.319576445 0.635974433 -0.604886679 0.357098757 0.000000000
20.217140000 89.166804410 51.138773647 -0.663001060 -0.312684587 0.639664695 -0.598905085 0.366565310 0.000000000
20.320610000 89.624534843 50.927665398 -0.669103162 -0.304854686 0.643278674 -0.592600372 0.376936289 0.000000000
20.424100000 90.091557765 50.739164833 -0.674215862 -0.296777707 0.647290392 -0.585134354 0.388015372 0.000000000
20.527470000 90.562158814 50.578831240 -0.674991643 -0.288877530 0.651430663 -0.576750060 0.399433639 0.000000000
20.630960000 91.045742576 50.445885828 -0.674101241 -0.281880963 0.655463600 -0.566914523 0.411726263 0.000000000
20.734440000 91.532036464 50.344578661 -0.672476817 -0.275565634 0.658781645 -0.555815468 0.425604853 0.000000000
20.837960000 92.029976614 50.276275520 -0.672522561 -0.269269638 0.660544432 -0.544317574 0.441467206 0.000000000
20.941510000 92.521401073 50.244322920 -0.679115485 -0.262909143 0.660874748 -0.532006805 0.459447613 0.000000000
21.045020000 93.011719257 50.240107315 -0.681504176 -0.257427814 0.660252051 -0.517954770 0.479083506 0.000000000
21.148370000 93.486711770 50.272735868 -0.689063704 -0.252816411 0.658546126 -0.502999081 0.499392417 0.000000000
21.251900000 93.962105317 50.341713075 -0.696676511 -0.249823556 0.657412552 -0.486074252 0.518776203 0.000000000
21.355440000 94.435828199 50.451322652 -0.704672244 -0.247834240 0.655512012 -0.468778888 0.537706747 0.000000000
21.459000000 94.901031486 50.603165708 -0.713171765 -0.246275459 0.652564736 -0.451672427 0.556326956 0.000000000
21.562720000 95.357136891 50.779898672 -0.718053520 -0.245104336 0.649274930 -0.434839152 0.573829976 0.000000000
21.666360000 95.794905837 50.985607686 -0.717338711 -0.245222176 0.646792493 -0.417319526 0.589381004 0.000000000
21.770100000 96.223869391 51.221539150 -0.715481317 -0.245963164 0.643983451 -0.399867545 0.604064056 0.000000000
21.873950000 96.633968299 51.486576521 -0.704995574 -0.248920209 0.640471409 -0.381870457 0.618069622 0.000000000
21.977710000 97.028805571 51.782421162 -0.698717964 -0.253347476 0.636230103 -0.364757683 0.630855091 0.000000000
22.081440000 97.406615565 52.099796739 -0.687439032 -0.261118676 0.631060136 -0.347580860 0.642469990 0.000000000
22.185310000 97.755256914 52.427960755 -0.675233092 -0.271766792 0.624189531 -0.331647833 0.653100264 0.000000000
22.289170000 98.086847129 52.773245221 -0.658592728 -0.285769761 0.616278187 -0.316751274 0.661970898 0.000000000
22.393170000 98.406123516 53.141707956 -0.643728123 -0.301184689 0.605934613 -0.303813810 0.670692327 0.000000000
22.497160000 98.718554168 53.515261592 -0.636914074 -0.316607504 0.594583083 -0.293235688 0.678412468 0.000000000
22.601290000 99.033828201 53.892151031 -0.638061826 -0.331571008 0.581560109 -0.286950653 0.685206413 0.000000000
22.705510000 99.355100747 54.273500180 -0.638995835 -0.348206212 0.568209827 -0.282483284 0.689995087 0.000000000
22.809640000 99.680486726 54.655946953 -0.635778525 -0.366955542 0.555069545 -0.277260673 0.693085817 0.000000000
22.913660000 100.007186457 55.052193135 -0.637263543 -0.386376859 0.542244544 -0.272649858 0.694511219 0.000000000
23.017610000 100.337072287 55.449983098 -0.644884032 -0.406358315 0.528727605 -0.268641046 0.695091381 0.000000000
23.121720000 100.670165312 55.863698307 -0.651995226 -0.425498700 0.514055550 -0.266015254 0.695653385 0.000000000
23.225710000 101.015789270 56.272390794 -0.654135100 -0.442320387 0.499514775 -0.265410721 0.695984780 0.000000000
23.329700000 101.375346292 56.677838685 -0.653586386 -0.457777424 0.484401279 -0.266081915 0.696416288 0.000000000
23.433600000 101.748766240 57.082702017 -0.655216355 -0.472191905 0.468275592 -0.266893051 0.697510483 0.000000000
23.537560000 102.137252125 57.493961019 -0.667260441 -0.485929507 0.453632691 -0.267594338 0.697483452 0.000000000
23.641430000 102.539473674 57.910137213 -0.678333943 -0.499859745 0.442105128 -0.268439736 0.694711019 0.000000000
23.745190000 102.946602519 58.344468991 -0.683399150 -0.512648131 0.431958012 -0.270496390 0.690967345 0.000000000
23.848990000 103.367277583 58.784116350 -0.679487937 -0.522543990 0.422194498 -0.273662921 0.688337265 0.000000000
23.952650000 103.807523285 59.223285678 -0.676944583 -0.530858420 0.413593162 -0.276890910 0.685901931 0.000000000
24.056420000 104.263464615 59.664903875 -0.675686739 -0.539264808 0.405537089 -0.279153735 0.683232265 0.000000000
24.160010000 104.722774094 60.109307238 -0.672470070 -0.546264729 0.396409925 -0.280840684 0.682336081 0.000000000
24.263960000 105.195180853 60.561440930 -0.677147932 -0.552645136 0.387472617 -0.280562790 0.682446221 0.000000000
24.367270000 105.673906776 61.012406125 -0.677113868 -0.559429477 0.378556854 -0.278720628 0.682677216 0.000000000
24.471000000 106.160166268 61.477236727 -0.685677346 -0.566153787 0.370073473 -0.276336202 0.682754581 0.000000000
24.574560000 106.648316903 61.961110028 -0.698415675 -0.572396195 0.363278101 -0.273749395 0.682241076 0.000000000
24.678100000 107.147283703 62.462511656 -0.711754568 -0.577023833 0.359274281 -0.273402420 0.680600179 0.000000000
24.781830000 107.652997626 62.975548473 -0.721374063 -0.580341737 0.356237455 -0.274574351 0.678901517 0.000000000
24.885470000 108.169317117 63.496268860 -0.715328648 -0.584842466 0.353640063 -0.274431994 0.676450351 0.000000000
24.989130000 108.691893707 64.029928746 -0.708422214 -0.590388861 0.349404952 -0.272686838 0.674536182 0.000000000
25.092670000 109.206545569 64.576368061 -0.704778316 -0.596481278 0.343930882 -0.269479192 0.673277505 0.000000000
25.196320000 109.723634929 65.133950192 -0.707170828 -0.600846778 0.338389401 -0.266327182 0.673457938 0.000000000
25.299900000 110.250839310 65.697172981 -0.715390530 -0.603928094 0.333556592 -0.264144735 0.673972118 0.000000000
25.403640000 110.783759013 66.272154330 -0.717338719 -0.606287621 0.330524423 -0.263127084 0.673745549 0.000000000
25.507250000 111.328191654 66.854356986 -0.721974966 -0.607923946 0.327361269 -0.262537168 0.674045481 0.000000000
25.610880000 111.877951818 67.445157072 -0.717572984 -0.610274780 0.324448490 -0.262383658 0.673388956 0.000000000
25.714630000 112.431264559 68.037757575 -0.711004622 -0.612233598 0.321516376 -0.262466221 0.672984936 0.000000000
25.818220000 112.986450323 68.633993423 -0.709311509 -0.613489655 0.318172003 -0.262947317 0.673242696 0.000000000
25.921980000 113.543763977 69.234752573 -0.707445597 -0.616501161 0.315412550 -0.262286598 0.672046860 0.000000000
26.025680000 114.106716979 69.840272555 -0.699454171 -0.621090950 0.311826320 -0.260579108 0.670155882 0.000000000
26.129230000 114.665380218 70.457738612 -0.696380311 -0.625526486 0.307969381 -0.258875526 0.668472092 0.000000000
26.232990000 115.232097487 71.083255909 -0.699973453 -0.630616841 0.305131783 -0.257631186 0.665464625 0.000000000
26.336550000 115.796655540 71.710132273 -0.702959987 -0.635197072 0.302442333 -0.257898992 0.662224603 0.000000000
26.440340000 116.360722359 72.345530594 -0.697355418 -0.638397404 0.299934972 -0.259322077 0.659727085 0.000000000
26.544050000 116.932214853 72.972357191 -0.685136158 -0.640618506 0.296558074 -0.260305253 0.658712695 0.000000000
26.647670000 117.508154281 73.605179399 -0.688071097 -0.641939305 0.292508816 -0.260787454 0.659046603 0.000000000
26.751260000 118.095157779 74.229498147 -0.688509898 -0.641342215 0.289835527 -0.262251223 0.660227102 0.000000000
26.854880000 118.689707804 74.845872361 -0.684813774 -0.640145438 0.286895537 -0.263437685 0.662197369 0.000000000
26.958500000 119.288660471 75.451498342 -0.677352237 -0.640911528 0.284992540 -0.264109252 0.662010550 0.000000000
27.062230000 119.888792567 76.071695811 -0.667016765 -0.643312138 0.284286005 -0.264477852 0.659835151 0.000000000
27.165870000 120.484582147 76.690937084 -0.669193034 -0.644897169 0.284498859 -0.265879872 0.657629025 0.000000000
27.269470000 121.078833972 77.304054544 -0.658393039 -0.647252636 0.285052657 -0.266879155 0.654663673 0.000000000
27.373230000 121.667725219 77.915990613 -0.646487458 -0.648357089 0.281291207 -0.265824863 0.655626025 0.000000000
27.476870000 122.249523144 78.521301058 -0.638237940 -0.648017142 0.275463761 -0.263025313 0.659553777 0.000000000
27.580440000 122.845195525 79.117945514 -0.639775546 -0.647520142 0.271442130 -0.260981180 0.662514648 0.000000000
27.684070000 123.439561274 79.724084165 -0.652721529 -0.646846447 0.272500554 -0.262423079 0.662168597 0.000000000
27.787700000 124.031774677 80.335528386 -0.654585408 -0.644855270 0.278358769 -0.267691442 0.659559981 0.000000000
27.891280000 124.624515347 80.942871798 -0.625350046 -0.644861603 0.283368625 -0.271096662 0.656020072 0.000000000
27.995100000 125.205107003 81.546108037 -0.597841781 -0.647207303 0.281298180 -0.268352348 0.655729410 0.000000000
28.098650000 125.769660641 82.147903669 -0.589335313 -0.650890195 0.276793498 -0.262645395 0.656311442 0.000000000
28.202280000 126.335093863 82.758740017 -0.610447276 -0.651754691 0.273532525 -0.259906145 0.657909246 0.000000000
28.305870000 126.895214180 83.360928344 -0.630364460 -0.650862893 0.272690971 -0.259391271 0.659343080 0.000000000
28.409630000 127.461431976 83.955906426 -0.623299146 -0.650724376 0.273655023 -0.259302111 0.659115414 0.000000000
28.513230000 128.020471236 84.553245569 -0.612685551 -0.650708317 0.273705134 -0.257903628 0.659658930 0.000000000
28.616840000 128.580318967 85.151802802 -0.605800628 -0.650902277 0.273725702 -0.255840638 0.660262094 0.000000000
28.722280000 129.141628885 85.757363223 -0.590145033 -0.652501712 0.274843133 -0.254793296 0.658622156 0.000000000
28.824220000 129.673841078 86.358736003 -0.577281069 -0.654370226 0.274597791 -0.253468391 0.657380738 0.000000000
28.927940000 130.209480872 86.971072676 -0.572371279 -0.655053555 0.275000197 -0.253544565 0.656502007 0.000000000
29.031560000 130.747689224 87.582637003 -0.560314313 -0.654485941 0.275497931 -0.254947733 0.656316004 0.000000000
29.135300000 131.281567461 88.190861518 -0.547259252 -0.654393368 0.274601257 -0.254939116 0.656787269 0.000000000
29.238910000 131.814327090 88.795922634 -0.539014516 -0.654176127 0.272613962 -0.253451241 0.658405416 0.000000000
29.342530000 132.347402633 89.397224310 -0.527774527 -0.652706624 0.271140252 -0.251714025 0.661133176 0.000000000
29.446140000 132.884229294 89.993141871 -0.524579294 -0.651503540 0.271177133 -0.249623945 0.663094251 0.000000000
29.549760000 133.418703447 90.595573540 -0.526139214 -0.650689387 0.273084734 -0.248760265 0.663435287 0.000000000
29.653420000 133.951430724 91.211012178 -0.523361654 -0.649753552 0.276023328 -0.249124094 0.662999721 0.000000000
29.757120000 134.482341741 91.831865702 -0.516410406 -0.649023546 0.278265332 -0.249948412 0.662467081 0.000000000
29.860880000 135.003067217 92.450166499 -0.505614907 -0.651161267 0.279167770 -0.248518981 0.660524547 0.000000000
29.964620000 135.504777080 93.067278880 -0.499418398 -0.653148823 0.277400551 -0.244848360 0.660677554 0.000000000
30.068210000 136.000318803 93.681725748 -0.499676615 -0.653882429 0.274030689 -0.239507290 0.663310794 0.000000000
30.172000000 136.497960633 94.295625206 -0.511932082 -0.653456579 0.271300504 -0.235721280 0.666202683 0.000000000
30.275700000 137.008755708 94.928994684 -0.529489657 -0.653218926 0.271076142 -0.233501496 0.667307883 0.000000000
30.379310000 137.516913305 95.572038828 -0.531300738 -0.655162880 0.272482678 -0.231092394 0.665665904 0.000000000
30.483050000 138.005950863 96.231723760 -0.523837213 -0.657105061 0.272352601 -0.227493728 0.665044061 0.000000000
30.586670000 138.494443579 96.895969828 -0.516221034 -0.657836111 0.270958104 -0.222870428 0.666454897 0.000000000
30.690400000 138.981127978 97.552247499 -0.513728373 -0.657326148 0.269745344 -0.219943697 0.668419445 0.000000000
30.794050000 139.465317486 98.217660375 -0.515279940 -0.657188649 0.269648777 -0.218140869 0.669183965 0.000000000
30.897640000 139.938565787 98.894203412 -0.507684218 -0.657853376 0.271095963 -0.217334573 0.668207750 0.000000000
31.001380000 140.401331318 99.578092120 -0.494904670 -0.658880768 0.271955656 -0.215877566 0.667317864 0.000000000
31.105010000 140.864300730 100.258985528 -0.482264708 -0.659112572 0.271744527 -0.214817683 0.667516961 0.000000000
31.208610000 141.327818888 100.941269971 -0.471516159 -0.659749812 0.270323573 -0.213318787 0.667944943 0.000000000
31.312350000 141.784162450 101.622927116 -0.464579104 -0.660411040 0.267330181 -0.211728789 0.669001310 0.000000000
31.416200000 142.229631355 102.305956744 -0.463145760 -0.662748774 0.263369509 -0.208227958 0.669359158 0.000000000
31.520060000 142.675472889 102.994841506 -0.460521486 -0.665824175 0.259172823 -0.204919445 0.668966096 0.000000000
31.623420000 143.115437597 103.684322705 -0.466363245 -0.666893119 0.255437378 -0.203593014 0.669742636 0.000000000
31.726940000 143.556532516 104.376834664 -0.467123462 -0.667765346 0.254699923 -0.204612606 0.668843086 0.000000000
31.830690000 143.999056231 105.077739266 -0.469688307 -0.668458154 0.254948734 -0.207172231 0.667266443 0.000000000
31.934300000 144.440304846 105.777935719 -0.460690616 -0.668950205 0.254712883 -0.208534363 0.666438587 0.000000000
32.038040000 144.883861868 106.472928997 -0.448519543 -0.668806732 0.251045205 -0.206729694 0.668533240 0.000000000
32.141650000 145.325573487 107.164732776 -0.442726285 -0.666811588 0.245987670 -0.203692850 0.673321316 0.000000000
32.245260000 145.778653562 107.851092597 -0.451880667 -0.666153156 0.242584615 -0.200135698 0.676267979 0.000000000
32.348880000 146.225467705 108.545558819 -0.471318095 -0.666765141 0.242525111 -0.198600971 0.676138649 0.000000000
32.452660000 146.663562853 109.257273368 -0.473672340 -0.665566719 0.242807892 -0.197945412 0.677408949 0.000000000
32.556240000 147.099278656 109.977646450 -0.466087227 -0.664424978 0.242925123 -0.197162385 0.678714834 0.000000000
32.659980000 147.530872296 110.699282067 -0.469016127 -0.662521997 0.241509199 -0.196386393 0.681300444 0.000000000
32.763730000 147.956486359 111.417237625 -0.472962471 -0.662147109 0.239797113 -0.193980990 0.682956753 0.000000000
32.867470000 148.380127681 112.137306438 -0.470874684 -0.662421201 0.236395650 -0.189793809 0.685050042 0.000000000
32.971200000 148.787416559 112.862507469 -0.468377015 -0.660723974 0.231478643 -0.184569226 0.689779434 0.000000000
33.074830000 149.199349362 113.589700432 -0.485548334 -0.658500602 0.227619970 -0.180056509 0.694367165 0.000000000
33.178560000 149.621400211 114.309404344 -0.493292758 -0.659281091 0.228671820 -0.178942714 0.693568416 0.000000000
33.282310000 150.025659043 115.045372491 -0.492365869 -0.662468693 0.231775273 -0.179390328 0.689372587 0.000000000
33.386030000 150.410576977 115.792587144 -0.477938010 -0.665082549 0.232974292 -0.178911193 0.686570439 0.000000000
33.489780000 150.789735669 116.539581822 -0.464470631 -0.666063412 0.229923789 -0.176479273 0.687276981 0.000000000
33.593560000 151.164022043 117.283800078 -0.460344515 -0.668889028 0.224321042 -0.171977834 0.687525391 0.000000000
33.697130000 151.532791712 118.033410213 -0.469529009 -0.673497734 0.219376774 -0.167281542 0.685778039 0.000000000
33.800870000 151.896226804 118.791159331 -0.479544256 -0.674363884 0.215722517 -0.165748295 0.686458047 0.000000000
33.904610000 152.279477032 119.553463528 -0.485472067 -0.673093117 0.214138333 -0.166316939 0.688061847 0.000000000
34.008350000 152.674062002 120.315375700 -0.486107507 -0.673521570 0.214052677 -0.168654250 0.687099622 0.000000000
34.112090000 153.065324357 121.078203090 -0.479596042 -0.674809569 0.213595821 -0.170506525 0.685519071 0.000000000
34.215840000 153.455538709 121.833361103 -0.472617740 -0.675471073 0.210756553 -0.169556564 0.685981834 0.000000000
34.319570000 153.836505171 122.589426818 -0.462270211 -0.676124812 0.205903279 -0.166186076 0.687634544 0.000000000
34.423340000 154.224044757 123.343253958 -0.458122669 -0.674503560 0.200254021 -0.162596695 0.691740984 0.000000000
34.526940000 154.626402222 124.097874577 -0.458208103 -0.671809678 0.196834192 -0.161170874 0.695666591 0.000000000
34.630670000 155.025640019 124.846156072 -0.458281602 -0.672342585 0.197093977 -0.161970606 0.694892032 0.000000000
34.734300000 155.414860155 125.601849124 -0.453626047 -0.674075074 0.198917811 -0.163653588 0.692294736 0.000000000
34.837900000 155.791935967 126.361366262 -0.433383156 -0.675073560 0.199277261 -0.164344110 0.691053743 0.000000000
34.941520000 156.174489184 127.109997587 -0.406421373 -0.675613428 0.196500402 -0.162592473 0.691735337 0.000000000
35.045260000 156.551852240 127.859842515 -0.394736348 -0.676832068 0.192764395 -0.160367100 0.692114610 0.000000000
35.148870000 156.921586047 128.613506383 -0.395659814 -0.679599803 0.191078737 -0.159082244 0.690163650 0.000000000
35.252510000 157.290041754 129.367072055 -0.388399778 -0.680995752 0.190944614 -0.159888222 0.688636840 0.000000000
35.356230000 157.655038317 130.121991239 -0.375259140 -0.682551939 0.190855870 -0.160382315 0.687003930 0.000000000
35.459850000 158.019692491 130.871783165 -0.365803058 -0.683930421 0.190444862 -0.161111242 0.685575016 0.000000000
35.563620000 158.377135348 131.618013943 -0.359853482 -0.685402779 0.189005502 -0.160752347 0.684586469 0.000000000
35.667200000 158.736451667 132.354212211 -0.350225864 -0.685635789 0.186909149 -0.160150633 0.685069565 0.000000000
35.770940000 159.094772549 133.082501631 -0.339475265 -0.686762388 0.184180455 -0.158400728 0.685086995 0.000000000
35.874680000 159.447190735 133.808755067 -0.344002111 -0.687276850 0.183140331 -0.158161501 0.684905168 0.000000000
35.978300000 159.800000765 134.531760236 -0.350698796 -0.688078365 0.181918213 -0.157897592 0.684486872 0.000000000
36.082080000 160.152289871 135.251753775 -0.357302400 -0.689119201 0.180580114 -0.157590227 0.683864657 0.000000000
36.185780000 160.501049803 135.953799124 -0.360471512 -0.690199448 0.179207513 -0.157209418 0.683223673 0.000000000
36.289500000 160.840903922 136.642274901 -0.364696267 -0.691161802 0.177648254 -0.156923411 0.682723593 0.000000000
36.393220000 161.171556964 137.310532655 -0.370000602 -0.692057897 0.175876348 -0.156802911 0.682302151 0.000000000
36.496880000 161.492425536 137.959553705 -0.370889355 -0.692864503 0.173947843 -0.156810612 0.681976070 0.000000000
36.600490000 161.804893752 138.592373485 -0.364511377 -0.693622830 0.171963034 -0.156841944 0.681701320 0.000000000
36.704360000 162.112729801 139.200244683 -0.354859896 -0.694309587 0.169939068 -0.156947184 0.681485503 0.000000000
36.807990000 162.417851533 139.799962133 -0.347185216 -0.694979555 0.167921205 -0.157182300 0.681248568 0.000000000
36.911770000 162.718662981 140.393655283 -0.337803163 -0.695788799 0.165884158 -0.157584757 0.680828494 0.000000000
37.015480000 163.019593306 140.984833305 -0.328118518 -0.696825266 0.163826118 -0.158201077 0.680123497 0.000000000
37.119060000 163.321962612 141.575685684 -0.316837137 -0.697991414 0.161658154 -0.159085209 0.679239666 0.000000000
37.222810000 163.625817536 142.160527591 -0.308501119 -0.699120226 0.159474749 -0.160141100 0.678346181 0.000000000
37.326430000 163.934152942 142.731085842 -0.301335788 -0.700058342 0.157313115 -0.161357957 0.677594652 0.000000000
37.430160000 164.247939212 143.295439238 -0.295339906 -0.700813769 0.155122126 -0.162798038 0.676974140 0.000000000
37.533780000 164.563299564 143.852339431 -0.286439096 -0.701488503 0.152895447 -0.164444452 0.676383682 0.000000000
37.637390000 164.876130288 144.409972917 -0.277458999 -0.700775758 0.152184130 -0.168009412 0.676406804 0.000000000
37.741030000 165.195501505 144.969337620 -0.269575697 -0.698517494 0.153586940 -0.172824272 0.677212030 0.000000000
37.844750000 165.532510375 145.522927557 -0.247475772 -0.695473540 0.155126090 -0.177716992 0.678726102 0.000000000
37.948360000 165.872845683 146.069562850 -0.222828010 -0.693085997 0.155551896 -0.180792681 0.680256874 0.000000000
38.052310000 166.212852368 146.620477141 -0.199730546 -0.692705455 0.157238240 -0.182628508 0.679766222 0.000000000
38.155720000 166.553486430 147.169820953 -0.186835169 -0.692866923 0.159402569 -0.183382051 0.678894153 0.000000000
38.259670000 166.894542278 147.727150736 -0.184591346 -0.692430857 0.161767116 -0.183913012 0.678636068 0.000000000
38.362940000 167.237538158 148.286196943 -0.186205549 -0.691599188 0.164722705 -0.184558959 0.678597808 0.000000000
38.466570000 167.579153135 148.843338805 -0.179195026 -0.691692280 0.167112102 -0.184870494 0.677833487 0.000000000
38.570230000 167.918024862 149.406071719 -0.170868310 -0.694320605 0.168145811 -0.183151457 0.675352817 0.000000000
38.673810000 168.242715210 149.971074077 -0.170494939 -0.695937456 0.167354068 -0.180296715 0.674653072 0.000000000
38.777460000 168.564780987 150.537508209 -0.174345750 -0.695185172 0.166593118 -0.177796913 0.676278469 0.000000000
38.881060000 168.894455044 151.104423198 -0.182236904 -0.692293801 0.166539061 -0.176020612 0.679713747 0.000000000
38.984720000 169.230386202 151.675454682 -0.186168249 -0.691584161 0.170647580 -0.176821972 0.679208909 0.000000000
39.088300000 169.565372286 152.258942444 -0.187280058 -0.691987831 0.176920089 -0.179455826 0.676496660 0.000000000
39.192020000 169.894118506 152.852474168 -0.180870769 -0.689416318 0.182739088 -0.182874237 0.676659870 0.000000000
39.295720000 170.231050446 153.444979313 -0.155968734 -0.686709096 0.187175020 -0.185117138 0.677589680 0.000000000
39.399320000 170.578996079 154.037322691 -0.141723832 -0.686435116 0.187501070 -0.183393417 0.678245557 0.000000000
39.502980000 170.912155216 154.635385976 -0.138202917 -0.688367496 0.187018479 -0.180519337 0.677190555 0.000000000
39.606730000 171.232584166 155.243184986 -0.141427602 -0.688114180 0.184924213 -0.176405030 0.679104687 0.000000000
39.710390000 171.564483174 155.850565366 -0.161488231 -0.685975501 0.183264088 -0.174411145 0.682226237 0.000000000
39.814160000 171.909988198 156.460211692 -0.188090575 -0.683102704 0.183985560 -0.175375175 0.684663097 0.000000000
39.917810000 172.257973609 157.068454809 -0.197813521 -0.680640321 0.185586476 -0.176235073 0.686460205 0.000000000
40.021440000 172.608559235 157.680125521 -0.197434895 -0.679744261 0.187240790 -0.176631609 0.686796841 0.000000000
40.125180000 172.951317497 158.287232205 -0.190163383 -0.679404770 0.186878206 -0.175040912 0.687638258 0.000000000
40.228960000 173.291525498 158.898618537 -0.193493595 -0.678477556 0.185422654 -0.172675485 0.689543198 0.000000000
40.332560000 173.636027101 159.509145973 -0.199236798 -0.676337118 0.185169799 -0.171740695 0.691943192 0.000000000
40.436270000 173.983659659 160.117973173 -0.202245896 -0.675696570 0.186382072 -0.171334665 0.692344063 0.000000000
40.540000000 174.321653418 160.732030934 -0.203732133 -0.675161154 0.188150648 -0.171784769 0.692276493 0.000000000
40.643620000 174.653891621 161.347159906 -0.200723507 -0.675205606 0.189602414 -0.171468927 0.691915256 0.000000000
40.747350000 174.984673330 161.955577035 -0.194180211 -0.675739510 0.189394734 -0.169828572 0.691855480 0.000000000
40.850980000 175.313209394 162.556939705 -0.189207467 -0.676087201 0.187363920 -0.167041046 0.692746813 0.000000000
40.954720000 175.634856721 163.152887905 -0.189179339 -0.676572749 0.184799821 -0.163443046 0.693818933 0.000000000
41.058450000 175.953004891 163.745008493 -0.192729505 -0.677408746 0.183510607 -0.160823123 0.693957615 0.000000000
41.162090000 176.267632074 164.332037413 -0.198286574 -0.678512570 0.184112937 -0.160437953 0.692807896 0.000000000
41.265810000 176.582534737 164.916891830 -0.199193001 -0.677883872 0.186463876 -0.162057258 0.692417594 0.000000000
41.370360000 176.895347854 165.490622253 -0.188297208 -0.676862170 0.189320500 -0.164014165 0.692181121 0.000000000
41.473270000 177.201425588 166.041440487 -0.171145569 -0.676917185 0.191162580 -0.164710307 0.691455354 0.000000000
41.576790000 177.497294332 166.582659539 -0.159436246 -0.677382596 0.192695577 -0.164928098 0.690521510 0.000000000
41.680520000 177.779299592 167.115523175 -0.151436687 -0.676866447 0.194295842 -0.164418133 0.690700815 0.000000000
41.784260000 178.051710332 167.629196319 -0.144899111 -0.675163669 0.195546342 -0.162494771 0.692467398 0.000000000
41.887680000 178.317523482 168.120649024 -0.141863443 -0.673761471 0.196882146 -0.158719969 0.694327640 0.000000000
41.991400000 178.576497596 168.599161306 -0.135613840 -0.673120075 0.198557465 -0.153190394 0.695713304 0.000000000
42.094800000 178.806485876 169.070204511 -0.135044807 -0.672657980 0.201015197 -0.146593817 0.696874727 0.000000000
42.198260000 179.016493842 169.538106272 -0.139762650 -0.671653878 0.204543752 -0.138911585 0.698388497 0.000000000
42.301840000 179.224809276 170.005546929 -0.147589123 -0.669281311 0.209680073 -0.131468737 0.700580306 0.000000000
42.405330000 179.414797406 170.472288461 -0.146913567 -0.668488812 0.215512374 -0.123074569 0.701091845 0.000000000
42.508850000 179.574973842 170.933043135 -0.147894293 -0.667070631 0.221431805 -0.113736434 0.702174304 0.000000000
42.612350000 179.713584486 171.388047452 -0.136251943 -0.665090753 0.226951095 -0.102178985 0.704064589 0.000000000
42.715820000 179.828711216 171.839356395 -0.124190144 -0.664048148 0.231782164 -0.088228878 0.705360015 0.000000000
42.819320000 179.918843928 172.297095030 -0.109461232 -0.663500298 0.236286428 -0.072055861 0.706218119 0.000000000
42.922650000 179.979181152 172.748334019 -0.096571249 -0.662748236 0.240764667 -0.055039750 0.706942555 0.000000000
43.026190000 180.016441413 173.177494550 -0.092340196 -0.661760076 0.245053217 -0.037533835 0.707540623 0.000000000
43.129650000 180.022782038 173.615700271 -0.092941209 -0.662407545 0.248858243 -0.018908866 0.706348550 0.000000000
43.233030000 179.997649134 174.048722070 -0.085376247 -0.664169215 0.251959691 0.000271821 0.703843373 0.000000000
43.336520000 179.938206266 174.479888306 -0.068200085 -0.665591799 0.254372720 0.019505512 0.701356979 0.000000000
43.440050000 179.847271678 174.909701982 -0.051035110 -0.665701473 0.256127517 0.038940600 0.699802739 0.000000000
43.543500000 179.734231049 175.336486896 -0.035204569 -0.664920249 0.257096986 0.058237841 0.698849451 0.000000000
43.647150000 179.598299691 175.760293294 -0.029079967 -0.664033813 0.257902524 0.076211621 0.697665516 0.000000000
43.750710000 179.442686637 176.176875468 -0.016927059 -0.664229382 0.258517171 0.092422945 0.695288573 0.000000000
43.854350000 179.266370060 176.583258441 -0.006904503 -0.665147154 0.257277047 0.108741328 0.692504952 0.000000000
43.957960000 179.066322184 176.981818186 0.000018732 -0.666183312 0.253626309 0.126094620 0.689908427 0.000000000
44.061680000 178.853098445 177.379194035 0.010268470 -0.666348972 0.248003093 0.144305558 0.688221926 0.000000000
44.165420000 178.610717133 177.706478738 0.011202248 -0.666078283 0.241467253 0.162849877 0.686668190 0.000000000
44.268910000 178.357072334 178.025805774 0.015408285 -0.664081791 0.233892474 0.182266506 0.686344379 0.000000000
44.372740000 178.087275544 178.339040101 0.014965068 -0.661030189 0.224917859 0.203160092 0.686423356 0.000000000
44.476270000 177.809076348 178.652650759 0.002088074 -0.657603021 0.215067282 0.224863275 0.686105560 0.000000000
44.580030000 177.507471296 178.961601289 -0.013960706 -0.655445917 0.204135662 0.246803322 0.683964474 0.000000000
44.683750000 177.190174551 179.265672958 -0.032788615 -0.654888685 0.192218149 0.267076071 0.680325926 0.000000000
44.787490000 176.843666154 179.555991899 -0.047336007 -0.655344399 0.179708220 0.285467864 0.675823033 0.000000000
44.891360000 176.475127385 179.840394678 -0.054711028 -0.655727275 0.166328434 0.302241289 0.671570395 0.000000000
44.995090000 176.084780581 180.115321556 -0.056882131 -0.655736630 0.151251432 0.318252677 0.667718287 0.000000000
45.098960000 175.668818529 180.384676696 -0.058056139 -0.655942912 0.135089385 0.333183633 0.663685483 0.000000000
45.203360000 175.245449988 180.636448209 -0.054133439 -0.656515047 0.117545939 0.346256041 0.659755787 0.000000000
45.306930000 174.807035767 180.877640632 -0.051091714 -0.657195945 0.097929611 0.357701838 0.656165129 0.000000000
45.410680000 174.350823911 181.109698243 -0.048838790 -0.657560215 0.077720343 0.367422934 0.653126710 0.000000000
45.514850000 173.881293627 181.339469322 -0.048828769 -0.655139510 0.114862676 0.374878825 0.645805431 0.000000000
45.618560000 173.399519251 181.568140893 -0.043009291 -0.652044776 0.153215791 0.380559513 0.637602532 0.000000000
45.722540000 172.888331124 181.805448239 -0.028802346 -0.648211419 0.192587753 0.384131950 0.628629111 0.000000000
45.826510000 172.358317276 182.050103517 -0.011034760 -0.642828333 0.232704481 0.385794410 0.619502246 0.000000000
45.930510000 171.808340049 182.305064329 0.009070305 -0.635839887 0.273657446 0.385236899 0.610255497 0.000000000
46.034570000 171.243231123 182.571856256 0.029008801 -0.627826703 0.315844694 0.382510967 0.599800900 0.000000000
46.138420000 170.665888340 182.850747025 0.054840903 -0.618090162 0.359403957 0.377833747 0.588247402 0.000000000
46.242420000 170.075877381 183.144255524 0.085170782 -0.606701269 0.404085738 0.371676881 0.574877885 0.000000000
46.346350000 169.470743245 183.452461219 0.114807034 -0.593522681 0.449511930 0.363954200 0.559649169 0.000000000
46.450210000 168.855367486 183.776291685 0.145451864 -0.578125612 0.495423370 0.354718400 0.542679756 0.000000000
46.554100000 168.225876717 184.115000224 0.175577837 -0.559910854 0.541506290 0.344339522 0.524119325 0.000000000
46.657810000 167.586785504 184.467850921 0.207554404 -0.539165284 0.587437744 0.332366022 0.503736558 0.000000000
46.761680000 166.928462263 184.833262425 0.237325393 -0.516460513 0.633069612 0.318783551 0.480487724 0.000000000
46.865420000 166.249552177 185.209861121 0.262454720 -0.491762263 0.677795624 0.304140259 0.454160402 0.000000000
46.969180000 165.555115858 185.600065274 0.289902943 -0.464800411 0.721505493 0.287513706 0.425119125 0.000000000
47.072900000 164.847033302 186.001002803 0.317073031 -0.435152394 0.763717378 0.268740357 0.393899455 0.000000000
47.176650000 164.132176636 186.413744029 0.346839722 -0.402945007 0.803631669 0.248123158 0.360896607 0.000000000
47.280390000 163.397223562 186.835013714 0.376552579 -0.368612284 0.840733038 0.225985599 0.325919395 0.000000000
47.384120000 162.652630852 187.262398870 0.403572146 -0.332432330 0.874576487 0.203050508 0.288747651 0.000000000
47.487740000 161.897099709 187.697927236 0.430186015 -0.294722769 0.904948667 0.179167700 0.249209419 0.000000000
47.591510000 161.132095469 188.142939571 0.454540877 -0.255395729 0.931628579 0.153956527 0.207698338 0.000000000
47.695090000 160.362341986 188.587022031 0.480314063 -0.214991529 0.953926266 0.128344128 0.165321223 0.000000000
47.798710000 159.589222003 189.031055109 0.502372506 -0.173549653 0.971567236 0.103231562 0.123615812 0.000000000
47.902330000 158.826655869 189.474843018 0.520645363 -0.131299638 0.984680712 0.078706483 0.083484075 0.000000000
48.006070000 158.070414846 189.919199225 0.535156571 -0.088835712 0.993607322 0.053706570 0.044365634 0.000000000
48.109680000 157.318245614 190.362892292 0.541398464 -0.046617464 0.998513379 0.027896712 0.004429067 0.000000000
48.213880000 156.565493655 190.800649561 0.544815708 -0.004933401 0.999303040 0.002333387 -0.036927651 0.000000000
48.316910000 155.817955647 191.218637607 0.541418738 0.036019451 0.996067516 -0.022357448 -0.077796192 0.000000000
48.420530000 155.069141252 191.628234110 0.534610861 0.075634179 0.989261219 -0.046141526 -0.116244019 0.000000000
48.524140000 154.320704180 192.036057180 0.520556073 0.113571001 0.979543844 -0.069387228 -0.150933420 0.000000000
48.627780000 153.574157084 192.433235907 0.503838014 0.149694345 0.967351394 -0.091031892 -0.183128582 0.000000000
48.731400000 152.823044743 192.826641954 0.480723466 0.183926836 0.953227936 -0.110606845 -0.212822807 0.000000000
48.835360000 152.064944871 193.216794698 0.452030524 0.216039562 0.937265482 -0.129404757 -0.241069975 0.000000000
48.938730000 151.313393300 193.596427687 0.426479453 0.245787216 0.919726890 -0.147456239 -0.268230777 0.000000000
49.042590000 150.551021403 193.976863608 0.405085298 0.273912092 0.901505072 -0.162621592 -0.292941956 0.000000000
49.146090000 149.792565937 194.342679442 0.387005315 0.299740128 0.882827134 -0.176984721 -0.315354586 0.000000000
49.249830000 149.031264710 194.705139075 0.366245150 0.323253911 0.863569924 -0.191242757 -0.336422507 0.000000000
49.353850000 148.272761930 195.067632674 0.346129786 0.344712626 0.843887068 -0.204322160 -0.356763614 0.000000000
49.457610000 147.513239514 195.426068958 0.330719764 0.364127022 0.823984892 -0.216460322 -0.376304848 0.000000000
49.560950000 146.760550190 195.777774254 0.321171631 0.381847853 0.803880125 -0.228225632 -0.394818975 0.000000000
49.664690000 146.002610421 196.138150336 0.311745175 0.398273783 0.783820919 -0.239009952 -0.412161380 0.000000000
49.768340000 145.250964272 196.501563479 0.304217524 0.413212188 0.763905078 -0.249330549 -0.428414515 0.000000000
49.872030000 144.499947559 196.868627985 0.299283060 0.426632031 0.743697099 -0.259873713 -0.444258245 0.000000000
49.975760000 143.750841270 197.240698283 0.297925191 0.438623500 0.724377928 -0.270226199 -0.458108987 0.000000000
50.079370000 143.009823764 197.612074892 0.295128714 0.450711935 0.706607980 -0.277847645 -0.469430081 0.000000000
50.183130000 142.269404661 197.977277046 0.295228152 0.462031240 0.689235410 -0.284611152 -0.480081426 0.000000000
50.286730000 141.527739242 198.346734436 0.287669451 0.471889327 0.671776304 -0.292522404 -0.490375065 0.000000000
50.390360000 140.787254219 198.722641272 0.285114002 0.482273305 0.654129889 -0.298223285 -0.500589072 0.000000000
50.494100000 140.050314479 199.093928763 0.288311621 0.492812374 0.637353144 -0.302290636 -0.509448039 0.000000000
50.597700000 139.309467297 199.459899268 0.285370304 0.502596726 0.621592716 -0.306620716 -0.516723102 0.000000000
50.701310000 138.572040310 199.825638213 0.283831106 0.511356582 0.607064077 -0.311535032 -0.522430450 0.000000000
50.805050000 137.841857118 200.183506431 0.279680076 0.518991466 0.593675826 -0.317007040 -0.526975719 0.000000000
50.908670000 137.109920961 200.534593279 0.273689627 0.526146653 0.580802267 -0.322328398 -0.530982890 0.000000000
51.012410000 136.384106990 200.880926537 0.267885052 0.532954174 0.568141117 -0.327283279 -0.534846870 0.000000000
51.116030000 135.659014756 201.223773534 0.269135463 0.539612932 0.555854095 -0.331529878 -0.538453385 0.000000000
51.219640000 134.932062539 201.560549850 0.273238151 0.545895896 0.544233110 -0.335131728 -0.541751527 0.000000000
51.323380000 134.207890693 201.893116627 0.277356588 0.551716993 0.533135884 -0.338167528 -0.544992855 0.000000000
51.427120000 133.482667282 202.220167418 0.283099540 0.557334407 0.522484347 -0.340483939 -0.548141545 0.000000000
51.530760000 132.759255501 202.541393803 0.292995995 0.562553366 0.513272979 -0.342459000 -0.550278469 0.000000000
51.634350000 132.041561991 202.851363108 0.300918232 0.566806850 0.505299389 -0.344445935 -0.552050288 0.000000000
51.738100000 131.328354555 203.157302296 0.309026577 0.570328927 0.498457931 -0.346209072 -0.553537609 0.000000000
51.841860000 130.622890182 203.458508782 0.312280703 0.573641237 0.492352381 -0.347266319 -0.554915279 0.000000000
51.945450000 129.928674823 203.751116629 0.314247647 0.576403270 0.486351967 -0.348073068 -0.556835859 0.000000000
52.049190000 129.244834918 204.044524456 0.319227267 0.578613627 0.480558435 -0.348883311 -0.559061980 0.000000000
52.152940000 128.577188538 204.333212799 0.325486949 0.580400961 0.475402487 -0.349690266 -0.561109542 0.000000000
52.256550000 127.918730844 204.616346863 0.334628871 0.582058643 0.470751617 -0.350157317 -0.563019099 0.000000000
52.360310000 127.271843547 204.898031548 0.341263940 0.583314892 0.466468203 -0.350646508 -0.564976264 0.000000000
52.463930000 126.637825776 205.179468104 0.345489503 0.584146871 0.462222532 -0.350847623 -0.567475734 0.000000000
52.567650000 126.017056308 205.457012197 0.351426972 0.584686453 0.458363830 -0.350683161 -0.570145308 0.000000000
52.671390000 125.410622088 205.732850346 0.359522969 0.584959310 0.455044626 -0.350496235 -0.572633726 0.000000000
52.775000000 124.820565218 206.001336012 0.368317717 0.585237638 0.452325226 -0.350462610 -0.574521327 0.000000000
52.878630000 124.244266407 206.269311529 0.372718012 0.584956953 0.449610088 -0.350755981 -0.576755038 0.000000000
52.982360000 123.683599897 206.536723901 0.377249464 0.584355685 0.446601594 -0.351421951 -0.579291000 0.000000000
53.085970000 123.140518707 206.802795861 0.383515766 0.583777260 0.443453809 -0.352005999 -0.581931788 0.000000000
53.189580000 122.605893463 207.074837117 0.386954687 0.583946423 0.440623784 -0.351652581 -0.584121322 0.000000000
53.293220000 122.093944363 207.330539050 0.392404089 0.584303731 0.437973403 -0.350743045 -0.586300064 0.000000000
53.396940000 121.601507767 207.577776159 0.399903003 0.584512193 0.435785098 -0.349992403 -0.588168482 0.000000000
53.500560000 121.123260680 207.818038861 0.407369975 0.584331479 0.433669258 -0.349382826 -0.590270563 0.000000000
53.604330000 120.663317340 208.055527101 0.414458780 0.584121562 0.431351529 -0.348723527 -0.592562032 0.000000000
53.707910000 120.219871527 208.288712474 0.421818659 0.584162088 0.428984140 -0.347902636 -0.594719277 0.000000000
53.811530000 119.799991077 208.513861696 0.427209570 0.583956567 0.426472824 -0.347409547 -0.597011109 0.000000000
53.915140000 119.387703929 208.736122944 0.428489519 0.584321006 0.424193464 -0.346377993 -0.598874906 0.000000000
54.018910000 118.989897960 208.951442838 0.429867295 0.584883516 0.422040567 -0.344790401 -0.600760028 0.000000000
54.122510000 118.607976602 209.159630131 0.436242580 0.585394825 0.420091536 -0.343352970 -0.602448951 0.000000000
54.226140000 118.241318011 209.362917067 0.442712657 0.585526480 0.418208342 -0.342213009 -0.604277072 0.000000000
54.329880000 117.891413083 209.562912990 0.446230212 0.585562185 0.416486250 -0.340892076 -0.606175489 0.000000000
54.433600000 117.560653177 209.753411766 0.451014801 0.585260652 0.414932336 -0.340023255 -0.608017525 0.000000000
54.537210000 117.248300317 209.940635856 0.454269168 0.584899643 0.413421787 -0.339385998 -0.609747471 0.000000000
54.640830000 116.954886825 210.119886359 0.458284251 0.584909230 0.411874528 -0.338439838 -0.611309285 0.000000000
54.744460000 116.681980486 210.290779244 0.459666810 0.585118421 0.410287149 -0.337543012 -0.612670877 0.000000000
54.848060000 116.426772273 210.450236089 0.462273574 0.585755240 0.408381984 -0.336415239 -0.613954184 0.000000000
54.951700000 116.192272031 210.599917989 0.467135478 0.586631909 0.406298097 -0.335237732 -0.615142684 0.000000000
55.055430000 115.977085718 210.736196872 0.471023368 0.583619314 0.411169935 -0.333706808 -0.615603400 0.000000000
55.159030000 115.785646224 210.860259408 0.471807971 0.579516373 0.416711475 -0.333138166 -0.616061102 0.000000000
55.262650000 115.619457052 210.970702220 0.474664715 0.574831089 0.423464656 -0.333427522 -0.615689037 0.000000000
55.366390000 115.480518055 211.073804786 0.477839344 0.570081060 0.430446920 -0.333551134 -0.615196452 0.000000000
55.470020000 115.362025152 211.160978296 0.483156297 0.566173313 0.436803059 -0.332524670 -0.614880648 0.000000000
55.573750000 115.265068541 211.233719775 0.487806775 0.562379795 0.443085358 -0.331117481 -0.614626346 0.000000000
55.677360000 115.193266638 211.289876986 0.494838791 0.558070055 0.450228135 -0.330392308 -0.613753503 0.000000000
55.780970000 115.129265604 211.337093637 0.496799323 0.553122810 0.458217608 -0.330248703 -0.612394951 0.000000000
55.884590000 115.078446596 211.377099270 0.498273089 0.547893458 0.466598067 -0.329924635 -0.610940863 0.000000000
55.988350000 115.039241301 211.410198155 0.499899712 0.542621036 0.475125965 -0.329332164 -0.609391544 0.000000000
56.091960000 115.008825950 211.436640960 0.501912439 0.537160182 0.483933710 -0.328362798 -0.607819856 0.000000000
56.195600000 114.990257728 211.455108993 0.503286469 0.531226507 0.493361085 -0.327361156 -0.605993327 0.000000000
56.299200000 114.979104314 211.466886382 0.504839111 0.524783879 0.503357284 -0.326384133 -0.603909532 0.000000000
56.402790000 114.977595619 211.476525943 0.506212164 0.517857776 0.513916183 -0.325177336 -0.601642070 0.000000000
56.506450000 114.981459137 211.480022044 0.506906410 0.510298193 0.525235945 -0.323940811 -0.598986901 0.000000000
56.610040000 114.983976339 211.485053824 0.509207445 0.502040534 0.537543620 -0.322716769 -0.595697948 0.000000000
56.713640000 114.986122310 211.490767606 0.510720811 0.493036016 0.550724409 -0.321377987 -0.591890447 0.000000000
56.817260000 114.991482023 211.495173828 0.513365655 0.483453245 0.564269356 -0.319655772 -0.587956836 0.000000000
56.921000000 114.994805936 211.499502555 0.515017497 0.473077795 0.578248635 -0.317587006 -0.583921579 0.000000000
57.024630000 114.998521688 211.508572272 0.517461274 0.461683269 0.593155182 -0.315388550 -0.579262938 0.000000000
57.128230000 114.998580834 211.518208599 0.522392412 0.449461989 0.608870437 -0.312854326 -0.573918881 0.000000000
57.231970000 114.994264758 211.528539547 0.526966700 0.436200455 0.625377179 -0.310041571 -0.567896796 0.000000000
57.335740000 114.989517725 211.544604988 0.530243565 0.421775348 0.642708391 -0.306871271 -0.561125211 0.000000000
57.439330000 114.984636216 211.563890741 0.534464280 0.406216252 0.660636597 -0.303207945 -0.553726093 0.000000000
57.542960000 114.972460603 211.585477992 0.541849625 0.389393635 0.679245207 -0.299025489 -0.545511047 0.000000000
57.646570000 114.956310425 211.607749673 0.549601858 0.371103111 0.698600437 -0.294364870 -0.536273469 0.000000000
57.750390000 114.937219875 211.632679702 0.556628610 0.351302037 0.718598490 -0.289173300 -0.525910535 0.000000000
57.853970000 114.910106340 211.662781737 0.565308481 0.329859993 0.739249547 -0.283464021 -0.514150407 0.000000000
57.957680000 114.869759460 211.698070338 0.572898543 0.306417624 0.760746105 -0.277234526 -0.500514356 0.000000000
58.061270000 114.817110162 211.740316790 0.580185669 0.281052715 0.782703255 -0.270197535 -0.485157993 0.000000000
58.164910000 114.746591747 211.789425026 0.586372826 0.253617379 0.804734868 -0.262169166 -0.468345328 0.000000000
58.268620000 114.659750557 211.852587119 0.596271784 0.223873122 0.826554938 -0.252886578 -0.450262301 0.000000000
58.372240000 114.556303134 211.924551290 0.608941501 0.191520459 0.848129764 -0.242322252 -0.430436689 0.000000000
58.475980000 114.436280696 212.012854772 0.623579878 0.156125631 0.869257814 -0.230578221 -0.408471938 0.000000000
58.579590000 114.300456218 212.112574017 0.642176948 0.117598034 0.889414220 -0.217219986 -0.384614776 0.000000000
58.683350000 114.148659802 212.230039183 0.660211756 0.076066520 0.908064613 -0.202196749 -0.358816133 0.000000000
58.786950000 113.980130289 212.359090772 0.682304811 0.031468516 0.924724138 -0.185644402 -0.330803805 0.000000000
58.890710000 113.801883566 212.500835870 0.707416875 -0.016425992 0.938875050 -0.167575335 -0.300270435 0.000000000
58.994310000 113.608884490 212.656778138 0.734905146 -0.067267994 0.949427945 -0.148959670 -0.268090678 0.000000000
59.098080000 113.414719389 212.827678927 0.766071747 -0.121196859 0.955416941 -0.130001203 -0.235774210 0.000000000
59.201790000 113.209908318 212.999410506 0.803235616 -0.177804418 0.956937432 -0.110068177 -0.201348794 0.000000000
59.305420000 112.998978539 213.182090949 0.840140031 -0.235840714 0.953788947 -0.089608551 -0.163205730 0.000000000
59.409140000 112.780371693 213.377349604 0.872806166 -0.295320403 0.944934906 -0.070348835 -0.122208530 0.000000000
59.513100000 112.557342065 213.580371510 0.906594611 -0.355486287 0.929831993 -0.051650787 -0.079838335 0.000000000
59.616750000 112.335000204 213.794497884 0.936111983 -0.415162553 0.908366126 -0.034492504 -0.036349737 0.000000000
59.720500000 112.112631443 214.014481838 0.962372235 -0.473565224 0.880518884 -0.019147732 0.007472459 0.000000000
59.824230000 111.901285969 214.233249664 0.983899948 -0.530176238 0.846392593 -0.005157166 0.050061350 0.000000000
59.928100000 111.699500081 214.461099429 0.999540152 -0.583948446 0.806643911 0.007802026 0.090933718 0.000000000
60.032120000 111.496847350 214.707106129 1.008580829 -0.634124099 0.761795598 0.019644421 0.131027446 0.000000000
60.135780000 111.308520942 214.967778534 1.015629740 -0.679826205 0.712730620 0.028856800 0.170348699 0.000000000
60.239770000 111.129102430 215.250377039 1.016841120 -0.719970847 0.660847784 0.033463962 0.209290106 0.000000000
60.343300000 110.981656398 215.543350109 1.011376092 -0.754404139 0.607114900 0.034833982 0.247128482 0.000000000
60.447190000 110.867053241 215.857152654 1.000450123 -0.783364040 0.552161071 0.034165005 0.283357873 0.000000000
60.551000000 110.783868832 216.186794125 0.983057115 -0.807109050 0.496875237 0.032663265 0.317211429 0.000000000
60.654780000 110.720992340 216.534790725 0.959719575 -0.825919042 0.442057690 0.029554295 0.348667863 0.000000000
60.758610000 110.680153121 216.893941608 0.925784029 -0.840684733 0.388817156 0.023978908 0.376158759 0.000000000
60.862280000 110.665375081 217.274602703 0.888956136 -0.851268443 0.338376901 0.014924426 0.400774717 0.000000000
60.966000000 110.679214639 217.684300415 0.854152079 -0.857568325 0.292155163 0.002488600 0.423338794 0.000000000
61.069630000 110.722731673 218.117102533 0.823444081 -0.859783934 0.250430282 -0.010980354 0.444899644 0.000000000
61.173270000 110.808438822 218.580876081 0.794661404 -0.859255376 0.213121648 -0.025188189 0.464354300 0.000000000
61.276850000 110.933132387 219.054739704 0.774282922 -0.856937744 0.179802311 -0.039024691 0.481462258 0.000000000
61.380460000 111.092554875 219.543053922 0.757261962 -0.853239230 0.150760620 -0.051873069 0.496551343 0.000000000
61.483950000 111.279961145 220.035921662 0.737393746 -0.848769233 0.125609293 -0.063448431 0.509693429 0.000000000
61.587570000 111.489462781 220.540144812 0.711562354 -0.843650192 0.104916031 -0.075623251 0.521083586 0.000000000
61.691060000 111.721712620 221.053986424 0.694200808 -0.837705674 0.088877658 -0.088229627 0.531568903 0.000000000
61.794550000 111.978843869 221.575537895 0.685668043 -0.831380948 0.076879147 -0.100138678 0.541172395 0.000000000
61.897900000 112.255407586 222.112448240 0.681114158 -0.824687381 0.068678463 -0.110763971 0.550368364 0.000000000
62.002740000 112.547193210 222.659918780 0.679248992 -0.817623996 0.063399952 -0.120034325 0.559520516 0.000000000
62.104790000 112.857007751 223.212404201 0.684812501 -0.810533551 0.061208948 -0.127481237 0.568363759 0.000000000
62.208130000 113.185312568 223.779457234 0.684795516 -0.803795893 0.061641434 -0.133710556 0.576397417 0.000000000
62.311500000 113.517085053 224.362512626 0.690640174 -0.797520659 0.063862293 -0.138751470 0.583635533 0.000000000
62.414860000 113.853960421 224.955138040 0.698689974 -0.791550099 0.067195086 -0.142521256 0.590441320 0.000000000
62.518230000 114.198049014 225.558935249 0.703564099 -0.785867142 0.071032685 -0.145590248 0.596800362 0.000000000
62.621740000 114.548961798 226.176820043 0.705728017 -0.780202455 0.075280378 -0.148135354 0.603052992 0.000000000
62.725220000 114.904860976 226.802964156 0.707081176 -0.774792165 0.080362265 -0.150034134 0.608875001 0.000000000
62.828700000 115.266856077 227.441781534 0.710634187 -0.769511898 0.086107428 -0.151877427 0.614304645 0.000000000
62.932200000 115.633703864 228.092305827 0.715368184 -0.764522135 0.092072638 -0.153606978 0.619220018 0.000000000
63.035810000 116.004907023 228.758652038 0.721607096 -0.759872579 0.098250846 -0.155373474 0.623537905 0.000000000
63.139420000 116.379111626 229.437271091 0.729141773 -0.755214411 0.104403579 -0.157050098 0.627762975 0.000000000
63.242920000 116.758071359 230.132711912 0.735583130 -0.750831931 0.110065442 -0.157683598 0.631880442 0.000000000
63.346530000 117.144245434 230.839918775 0.740850173 -0.746612566 0.115210349 -0.157254701 0.636055981 0.000000000
63.450150000 117.534407914 231.559971700 0.746023600 -0.742623619 0.119362794 -0.155936522 0.640270634 0.000000000
63.553890000 117.927221670 232.287847837 0.744625272 -0.739674081 0.122700280 -0.153874300 0.643544555 0.000000000
63.657500000 118.318826104 233.029473189 0.745193137 -0.737032665 0.125933026 -0.152772411 0.646207640 0.000000000
63.761250000 118.718704774 233.784728524 0.750360121 -0.734244604 0.129685386 -0.152971767 0.648587851 0.000000000
63.864990000 119.125261669 234.556853995 0.750597337 -0.730872132 0.134953774 -0.155606573 0.650691939 0.000000000
63.968620000 119.542120250 235.343430629 0.762444150 -0.727279893 0.140855314 -0.159340823 0.652559760 0.000000000
64.072220000 119.963180352 236.135507566 0.777110004 -0.723878624 0.145187256 -0.161277304 0.654912231 0.000000000
64.175970000 120.388798985 236.938891558 0.790319618 -0.720607026 0.147432917 -0.160808148 0.658125967 0.000000000
64.279620000 120.825733484 237.748184503 0.792925358 -0.717717657 0.148241140 -0.158285484 0.661703585 0.000000000
64.383180000 121.264786487 238.561850588 0.788781931 -0.715183515 0.148835224 -0.155559998 0.664952407 0.000000000
64.486930000 121.716843477 239.385890391 0.782308808 -0.713125900 0.150202945 -0.153646848 0.667295416 0.000000000
64.590710000 122.165566230 240.220395488 0.783833617 -0.711263329 0.152447928 -0.153184759 0.668878566 0.000000000
64.694300000 122.615215101 241.069287767 0.789652357 -0.709777537 0.155528422 -0.153656096 0.669639128 0.000000000
64.797940000 123.068417062 241.935241161 0.803204995 -0.707969962 0.159394747 -0.155754758 0.670158416 0.000000000
64.901640000 123.527272284 242.811226265 0.821135327 -0.706316598 0.163353040 -0.158270836 0.670360344 0.000000000
65.005340000 123.990679160 243.699051030 0.843802639 -0.704675752 0.165928461 -0.159735669 0.671106807 0.000000000
65.108990000 124.463906840 244.592475432 0.857614653 -0.703069287 0.166769634 -0.159286194 0.672688171 0.000000000
65.212830000 124.946030272 245.491067566 0.863147781 -0.701658846 0.166761644 -0.157939013 0.674478084 0.000000000
65.316220000 125.423715976 246.395708711 0.860875893 -0.700367981 0.166909392 -0.156471463 0.676123234 0.000000000
65.419850000 125.912055241 247.305090583 0.858858420 -0.698884192 0.167705225 -0.155794831 0.677616273 0.000000000
65.523620000 126.403596853 248.222687592 0.859577978 -0.697599779 0.169242961 -0.155643065 0.678591634 0.000000000
65.627110000 126.894713743 249.143560419 0.866403306 -0.695873849 0.171599102 -0.156134780 0.679658197 0.000000000
65.730790000 127.391024003 250.064613283 0.875428153 -0.694686525 0.174219874 -0.156503518 0.680121104 0.000000000
65.834430000 127.875820051 250.986994870 0.896487745 -0.693465794 0.175292388 -0.155505835 0.681319093 0.000000000
65.938040000 128.364019772 251.914371624 0.908856244 -0.692238531 0.174859516 -0.153084400 0.683224072 0.000000000
66.041660000 128.850491468 252.842735272 0.916394906 -0.691750198 0.174766550 -0.151020492 0.684201088 0.000000000
66.145270000 129.335944363 253.780863374 0.925372208 -0.691132052 0.175500965 -0.150071688 0.684846250 0.000000000
66.248940000 129.819004875 254.720157983 0.940644481 -0.690763921 0.177177952 -0.150040530 0.684792682 0.000000000
66.352630000 130.297648825 255.659681479 0.960329278 -0.690219323 0.179411917 -0.150884119 0.684574782 0.000000000
66.456240000 130.773036907 256.600079604 0.982525729 -0.689837732 0.181764465 -0.151840683 0.684127173 0.000000000
66.559860000 131.245146954 257.536172605 1.005535342 -0.689677486 0.183444311 -0.152295108 0.683739241 0.000000000
66.663590000 131.713866335 258.472179953 1.027514000 -0.689940226 0.184015542 -0.152072932 0.683370023 0.000000000
66.767240000 132.184997612 259.408558480 1.039331039 -0.689732937 0.183676928 -0.151766946 0.683738295 0.000000000
66.870960000 132.650164035 260.337040182 1.051865517 -0.689344348 0.182853741 -0.151265417 0.684461578 0.000000000
66.974570000 133.117412920 261.261700647 1.063889424 -0.689439565 0.181746802 -0.150153437 0.684905199 0.000000000
67.078310000 133.580536706 262.181029828 1.073432622 -0.688825598 0.180526177 -0.149100969 0.686074702 0.000000000
67.181930000 134.046364622 263.093133712 1.082988656 -0.688549542 0.180011274 -0.148649755 0.686584823 0.000000000
67.285670000 134.511522181 264.006611890 1.095833426 -0.688345048 0.180348214 -0.149364733 0.686546279 0.000000000
67.389280000 134.972278639 264.919743714 1.112960562 -0.688552822 0.181236505 -0.150518005 0.685851785 0.000000000
67.492970000 135.434026934 265.830705218 1.135110591 -0.688853359 0.181632840 -0.151224756 0.685289453 0.000000000
67.596630000 135.898563979 266.741460497 1.152200667 -0.689047099 0.181858223 -0.151807608 0.684905930 0.000000000
67.700270000 136.366656417 267.650686628 1.163677486 -0.689162144 0.182597254 -0.153070234 0.684312272 0.000000000
67.803900000 136.828044251 268.559872046 1.178796087 -0.689366151 0.183765652 -0.154775377 0.683409890 0.000000000
67.907590000 137.291507750 269.466964072 1.195921605 -0.690111892 0.183588882 -0.154891987 0.682677941 0.000000000
68.011290000 137.751865410 270.370235346 1.207341473 -0.691085306 0.181850278 -0.153548743 0.682461984 0.000000000
68.114970000 138.213971512 271.270618562 1.212312644 -0.691858801 0.180021223 -0.152141829 0.682478294 0.000000000
68.218650000 138.667337180 272.170237917 1.210256711 -0.692445742 0.178940651 -0.151866859 0.682228404 0.000000000
68.322220000 139.119415170 273.067469223 1.217136172 -0.693124037 0.178437639 -0.152057204 0.681628701 0.000000000
68.425940000 139.572712787 273.965784296 1.226888302 -0.693416015 0.177554268 -0.152051663 0.681563646 0.000000000
68.529590000 140.027833256 274.868050180 1.237827686 -0.693097053 0.177630298 -0.152956042 0.681665902 0.000000000
68.633170000 140.484074289 275.770242461 1.252567118 -0.692510305 0.178069002 -0.154221544 0.681862613 0.000000000
68.736910000 140.948105878 276.674940508 1.268434561 -0.691790389 0.178343619 -0.155230655 0.682292499 0.000000000
68.840530000 141.412401958 277.581679872 1.286861502 -0.691270598 0.178234732 -0.155851243 0.682706182 0.000000000
68.944270000 141.883778367 278.491769640 1.304893701 -0.691206728 0.177866135 -0.156307691 0.682762625 0.000000000
69.047890000 142.356450278 279.405300282 1.316832173 -0.690863435 0.177211778 -0.157012510 0.683118417 0.000000000
69.151620000 142.830442579 280.325321439 1.328368443 -0.690630264 0.176689630 -0.157689058 0.683333575 0.000000000
69.255320000 143.307631039 281.250446176 1.339350871 -0.690222786 0.175962532 -0.158101899 0.683837322 0.000000000
69.359000000 143.789986692 282.181697846 1.346872765 -0.690188251 0.175610179 -0.158577209 0.683852697 0.000000000
69.462640000 144.273414569 283.117189281 1.353928280 -0.689846827 0.175587395 -0.159449993 0.684000089 0.000000000
69.566330000 144.761321472 284.059696974 1.363872004 -0.689333341 0.175047985 -0.159714706 0.684594011 0.000000000
69.669950000 145.255273218 285.002800161 1.377495592 -0.689692927 0.173283417 -0.158376018 0.684991650 0.000000000
69.773710000 145.742307666 285.953774574 1.379978484 -0.689515529 0.172040301 -0.157535552 0.685677052 0.000000000
69.877300000 146.231642971 286.899920196 1.392086789 -0.688496538 0.172995415 -0.158922150 0.686140550 0.000000000
69.980930000 146.728414901 287.848551215 1.410731859 -0.687945857 0.174663933 -0.160903762 0.685808273 0.000000000
70.084660000 147.220033929 288.800852223 1.434151636 -0.687632168 0.175504200 -0.162151129 0.685614534 0.000000000
70.188400000 147.714238876 289.753861635 1.452952922 -0.687220634 0.176011478 -0.163097687 0.685672592 0.000000000
70.292030000 148.208289873 290.702585642 1.466582903 -0.687203318 0.176585510 -0.163844003 0.685364356 0.000000000
70.395630000 148.699044226 291.648291275 1.480372382 -0.686544899 0.176622748 -0.164227363 0.685922649 0.000000000
70.499370000 149.195120817 292.593633778 1.490635030 -0.685807990 0.175960247 -0.163614931 0.686975652 0.000000000
70.602990000 149.689304763 293.531019297 1.497716689 -0.685442363 0.175134617 -0.162736868 0.687759656 0.000000000
70.706610000 150.184617493 294.470286577 1.499906600 -0.684735562 0.174657917 -0.162086828 0.688737746 0.000000000
70.810370000 150.673581641 295.407197585 1.507071778 -0.684223379 0.175264817 -0.162303272 0.689041551 0.000000000
70.913960000 151.164503678 296.346808976 1.519691618 -0.683341864 0.176191719 -0.163042302 0.689505318 0.000000000
71.017600000 151.653374416 297.283606965 1.530281004 -0.682313315 0.177382142 -0.163889032 0.690017754 0.000000000
71.121200000 152.140348938 298.217475322 1.542663291 -0.681559887 0.178079344 -0.163962665 0.690565067 0.000000000
71.224820000 152.625201288 299.142877560 1.553235695 -0.681075310 0.177451706 -0.162654942 0.691513329 0.000000000
71.328430000 153.108269333 300.065363805 1.560031892 -0.680497704 0.176256122 -0.160828614 0.692813692 0.000000000
71.432160000 153.586183591 300.980312169 1.562035249 -0.680201784 0.176072975 -0.159804845 0.693387520 0.000000000
71.535850000 154.056074025 301.896362062 1.572150357 -0.679924925 0.176794621 -0.159458096 0.693555242 0.000000000
71.639400000 154.524422736 302.802897937 1.583172597 -0.679287084 0.178025691 -0.159568257 0.693839955 0.000000000
71.743010000 154.987431055 303.700154245 1.594074092 -0.678839917 0.179380250 -0.159604693 0.693920337 0.000000000
71.846650000 155.445402606 304.589039164 1.609183713 -0.678409039 0.180735879 -0.159706961 0.693966429 0.000000000
71.950250000 155.900719218 305.473225560 1.625220177 -0.678147794 0.181651386 -0.159188611 0.694101815 0.000000000
72.053920000 156.352108400 306.352591073 1.636445529 -0.677943452 0.181794107 -0.158039883 0.694526439 0.000000000
72.157490000 156.794490075 307.221813152 1.645755900 -0.678030819 0.181695319 -0.156476074 0.694821025 0.000000000
72.261240000 157.232344550 308.085120801 1.649751444 -0.678540134 0.181640292 -0.154939180 0.694682620 0.000000000
72.364830000 157.663509098 308.938598597 1.655636309 -0.679320027 0.181883646 -0.153708815 0.694129844 0.000000000
72.468450000 158.086667931 309.783212296 1.659298895 -0.679688136 0.182215268 -0.152929449 0.693854609 0.000000000
72.572060000 158.503815960 310.620579319 1.669274575 -0.680165902 0.182898423 -0.152611552 0.693276443 0.000000000
72.675720000 158.914687708 311.446901997 1.679350840 -0.680961452 0.183530990 -0.152308642 0.692394363 0.000000000
72.779440000 159.311350991 312.258228121 1.692393899 -0.682025187 0.183195233 -0.151222917 0.691673897 0.000000000
72.883040000 159.703377759 313.057348078 1.705439443 -0.682631757 0.182439614 -0.150164070 0.691505910 0.000000000
72.986770000 160.091281346 313.844684514 1.714787659 -0.682884987 0.181756477 -0.149818691 0.691510692 0.000000000
73.090510000 160.473921522 314.615781018 1.722311866 -0.683230297 0.181467014 -0.150177177 0.691167780 0.000000000
73.194190000 160.853160923 315.374342607 1.731284504 -0.683626612 0.181185600 -0.150743678 0.690726268 0.000000000
73.297870000 161.222008922 316.112930815 1.744366385 -0.683226909 0.180990962 -0.151647439 0.690974903 0.000000000
73.401490000 161.588036838 316.830096745 1.757600607 -0.682860667 0.180723385 -0.152273868 0.691269149 0.000000000
73.505110000 161.950338672 317.531101809 1.769545458 -0.682871198 0.180696450 -0.152992956 0.691106992 0.000000000
73.608900000 162.305803067 318.214342935 1.780163235 -0.682260646 0.180874190 -0.154052267 0.691428115 0.000000000
73.712560000 162.651055279 318.872753266 1.788667518 -0.682090216 0.181261866 -0.154892673 0.691306974 0.000000000
73.816140000 162.990997406 319.516716790 1.798524402 -0.682835270 0.181706515 -0.155536764 0.690309388 0.000000000
73.919840000 163.313332130 320.137102741 1.808002664 -0.683189111 0.181721983 -0.155851495 0.689884099 0.000000000
74.023430000 163.630829327 320.735660202 1.815441097 -0.683612538 0.180936333 -0.154985307 0.689866289 0.000000000
74.127170000 163.932879992 321.309995407 1.821299626 -0.683958919 0.179458767 -0.153638786 0.690210020 0.000000000
74.230880000 164.225266497 321.865815441 1.827757530 -0.684316150 0.178714625 -0.152979784 0.690195389 0.000000000
74.334400000 164.511542028 322.410321353 1.832985268 -0.684331480 0.179201284 -0.153416888 0.689956943 0.000000000
74.438030000 164.789928459 322.931783349 1.827771148 -0.684107246 0.180447830 -0.154303042 0.689656746 0.000000000
74.541650000 165.056407871 323.422652237 1.834628442 -0.683827596 0.182159182 -0.155252644 0.689270968 0.000000000
74.645260000 165.307530615 323.898616229 1.851746334 -0.683708001 0.183665708 -0.155031894 0.689039468 0.000000000
74.748860000 165.545341037 324.352589681 1.867113414 -0.684005296 0.184424683 -0.152873853 0.689023858 0.000000000
74.852540000 165.775326588 324.791161632 1.878278077 -0.684070408 0.185183970 -0.149845065 0.689420794 0.000000000
74.955960000 165.994482582 325.216716150 1.883798469 -0.683715408 0.186834767 -0.146143610 0.690121769 0.000000000
75.059610000 166.187051456 325.633724604 1.883744781 -0.682802220 0.189584382 -0.141864388 0.691168132 0.000000000
75.163080000 166.376894614 326.046740903 1.886622172 -0.681732413 0.192962306 -0.136418147 0.692384687 0.000000000
75.266650000 166.554077866 326.454265849 1.894525186 -0.680937325 0.197017852 -0.129853579 0.693286646 0.000000000
75.370050000 166.720727954 326.863716244 1.901101606 -0.680275433 0.201683888 -0.122698640 0.693897679 0.000000000
75.473540000 166.857359089 327.278756655 1.909451856 -0.679293374 0.207085597 -0.114749950 0.694628329 0.000000000
75.577070000 166.977802346 327.685341400 1.920228239 -0.677112274 0.213349651 -0.105942070 0.696259415 0.000000000
75.680410000 167.079095543 328.097671484 1.929907255 -0.674447748 0.219332386 -0.094931753 0.698571043 0.000000000
75.783770000 167.160567167 328.508607617 1.938118955 -0.672005211 0.225310314 -0.081672787 0.700695237 0.000000000
75.887280000 167.220775994 328.922438935 1.944543041 -0.670289561 0.231502992 -0.067029034 0.701872765 0.000000000
75.990620000 167.254193442 329.327504970 1.953057620 -0.668832277 0.237409593 -0.052041975 0.702560818 0.000000000
76.094110000 167.271251903 329.739424479 1.956053005 -0.667210664 0.242728493 -0.036933355 0.703241591 0.000000000
76.197600000 167.262569457 330.151968266 1.958907239 -0.664653976 0.247226055 -0.020965302 0.704751606 0.000000000
76.300970000 167.237003013 330.543325197 1.960754520 -0.663030440 0.250938345 -0.004047240 0.705268886 0.000000000
76.404460000 167.196023315 330.936402505 1.968822395 -0.662685545 0.253848236 0.014654348 0.704410528 0.000000000
76.507950000 167.122554356 331.339008280 1.976045601 -0.662531841 0.256146359 0.034093400 0.703049246 0.000000000
76.611340000 167.019225562 331.750128772 1.981484233 -0.661266410 0.257928198 0.053257236 0.702398353 0.000000000
76.714820000 166.887217429 332.173489001 1.985256128 -0.658655854 0.258817173 0.072881960 0.702761949 0.000000000
76.818440000 166.729924538 332.606125117 1.977194595 -0.655227948 0.258595245 0.093547415 0.703600538 0.000000000
76.921990000 166.556764341 333.040516810 1.970593311 -0.652370582 0.258041693 0.114357384 0.703384317 0.000000000
77.025530000 166.356770238 333.476403337 1.969760619 -0.649638475 0.256111122 0.136458187 0.702677813 0.000000000
77.129020000 166.126342175 333.903223216 1.969578873 -0.646112997 0.252736543 0.160345128 0.702105174 0.000000000
77.232630000 165.863638435 334.326158227 1.960737865 -0.642598861 0.248216723 0.185541048 0.700735101 0.000000000
77.336250000 165.567423450 334.738981198 1.949689044 -0.641001025 0.242127452 0.212010729 0.696809467 0.000000000
77.439860000 165.220937386 335.130338134 1.943541887 -0.639703927 0.235248394 0.238669230 0.691718207 0.000000000
77.543570000 164.827625951 335.518323322 1.950287343 -0.636928124 0.227436976 0.265371532 0.687148409 0.000000000
77.647090000 164.407374395 335.892758351 1.952183482 -0.631976595 0.220336183 0.290354132 0.683923993 0.000000000
77.750840000 163.956355181 336.245777036 1.947147582 -0.630749609 0.212506769 0.313776534 0.677155884 0.000000000
77.854700000 163.486033738 336.565573736 1.949929306 -0.633695009 0.202202339 0.335069220 0.667288144 0.000000000
77.958590000 162.982357630 336.849069739 1.966380841 -0.638410875 0.188135742 0.354372190 0.656853750 0.000000000
78.062560000 162.454417929 337.104786445 1.994715020 -0.642901055 0.170488044 0.372233032 0.647344290 0.000000000
78.166570000 161.894879178 337.345067774 2.016232064 -0.637087276 0.218872335 0.382185834 0.632573073 0.000000000
78.270660000 161.321045050 337.572941508 2.034399207 -0.629424590 0.268240879 0.387181106 0.618030992 0.000000000
78.374790000 160.727673766 337.794162640 2.063141025 -0.619883023 0.317998881 0.387821771 0.603503127 0.000000000
78.479010000 160.118745318 338.013188599 2.093973850 -0.608212781 0.366724392 0.386503816 0.588392075 0.000000000
78.583150000 159.510606860 338.234075933 2.131252854 -0.595028758 0.412697955 0.384224924 0.572706192 0.000000000
78.687370000 158.900049638 338.460006255 2.175698123 -0.579216857 0.456292681 0.381418329 0.557516709 0.000000000
78.791490000 158.280474093 338.709155045 2.217906729 -0.560695163 0.499888430 0.376255119 0.542369410 0.000000000
78.895610000 157.646154029 338.978415314 2.255273539 -0.540998054 0.545657063 0.365703877 0.525204864 0.000000000
78.999750000 157.011047247 339.266525053 2.295263146 -0.520377613 0.593195245 0.350865897 0.504202007 0.000000000
79.103610000 156.386199567 339.565774645 2.339777850 -0.497766430 0.640918779 0.333720728 0.479668819 0.000000000
79.207550000 155.760812397 339.872054704 2.383593203 -0.472835390 0.686339381 0.316878813 0.452717093 0.000000000
79.311380000 155.129927097 340.188190921 2.425720017 -0.445658090 0.729740137 0.299409709 0.423346223 0.000000000
79.415180000 154.491929597 340.510221489 2.462397583 -0.416442406 0.770785533 0.281011515 0.391788098 0.000000000
79.518970000 153.847803000 340.841234060 2.499310279 -0.385768918 0.808889093 0.261796117 0.358250709 0.000000000
79.622670000 153.197635871 341.181491277 2.533232519 -0.353498146 0.844266211 0.240573521 0.323075853 0.000000000
79.726400000 152.540579266 341.533031722 2.564225139 -0.319505529 0.876874912 0.217814255 0.285593341 0.000000000
79.830150000 151.874534385 341.895413705 2.586987551 -0.283883501 0.906352556 0.193562059 0.245904313 0.000000000
79.933870000 151.188592362 342.266337592 2.611238442 -0.247095661 0.931960733 0.169197663 0.204365057 0.000000000
80.037500000 150.495917582 342.641830694 2.632037471 -0.208650895 0.953479797 0.144239523 0.162898869 0.000000000
80.141270000 149.792062499 343.024501836 2.642001670 -0.169092423 0.970690051 0.119018890 0.122487066 0.000000000
80.244850000 149.077913317 343.420723466 2.645292178 -0.129138923 0.983793475 0.092793846 0.082842257 0.000000000
80.348500000 148.345773988 343.833860926 2.644871434 -0.089529123 0.992907665 0.065999888 0.041987143 0.000000000
80.452210000 147.601041642 344.252124822 2.642087129 -0.050225299 0.997927240 0.040232345 0.000047688 0.000000000
80.555830000 146.844197845 344.669304054 2.638599431 -0.011511993 0.998950681 0.014914459 -0.041744097 0.000000000
80.659450000 146.078033877 345.086464502 2.631550210 0.026559751 0.996231910 -0.010000383 -0.081954582 0.000000000
80.763190000 145.301633679 345.505235428 2.621295580 0.063551399 0.990255060 -0.033769859 -0.119229745 0.000000000
80.866800000 144.520966029 345.917478400 2.609120412 0.099384949 0.981557853 -0.054931753 -0.153783337 0.000000000
80.970420000 143.741305529 346.337285745 2.587203257 0.133704311 0.970584970 -0.075503879 -0.185437690 0.000000000
81.074090000 142.954983173 346.763817374 2.566359648 0.166594134 0.957283091 -0.096195761 -0.215874625 0.000000000
81.177670000 142.159385259 347.189936225 2.549714353 0.198113876 0.941876701 -0.115754358 -0.245397842 0.000000000
81.281390000 141.359622187 347.616417447 2.532486553 0.228133643 0.924668273 -0.133999253 -0.273839053 0.000000000
81.385030000 140.555733126 348.039039183 2.518672323 0.256631078 0.906119380 -0.151394184 -0.300279803 0.000000000
81.488620000 139.746720861 348.460288985 2.509338416 0.283375834 0.886620587 -0.167622714 -0.324814866 0.000000000
81.592230000 138.935654869 348.874928346 2.498854920 0.308625968 0.866589897 -0.182026784 -0.347330120 0.000000000
81.695850000 138.125529117 349.282860918 2.486623865 0.332259397 0.846301298 -0.194888911 -0.367962115 0.000000000
81.799470000 137.317022320 349.685144807 2.473656012 0.353879851 0.825878556 -0.207392368 -0.386887667 0.000000000
81.903080000 136.508801818 350.081775469 2.461426787 0.373619342 0.805322511 -0.219499304 -0.404579160 0.000000000
82.006700000 135.698967132 350.474218053 2.449057609 0.392125979 0.785286184 -0.230305214 -0.420145610 0.000000000
82.110320000 134.893511402 350.864171360 2.435026175 0.408969397 0.765614596 -0.240964639 -0.434182411 0.000000000
82.214070000 134.077492510 351.256112521 2.423319692 0.424500963 0.745981540 -0.251862169 -0.447074851 0.000000000
82.317670000 133.257812315 351.647436203 2.409487547 0.439768063 0.726277480 -0.260683472 -0.459531502 0.000000000
82.421410000 132.433147867 352.033764426 2.397834199 0.454349619 0.706639199 -0.268212189 -0.471476074 0.000000000
82.525020000 131.607435241 352.416834782 2.392763265 0.467582965 0.688152191 -0.275235581 -0.481724100 0.000000000
82.628780000 130.777705469 352.791946184 2.391023605 0.479697105 0.671895137 -0.281569523 -0.489046231 0.000000000
82.732380000 129.954690236 353.164409440 2.380697516 0.489949135 0.656286034 -0.288105941 -0.496219158 0.000000000
82.836140000 129.139844909 353.530601172 2.372035386 0.498609783 0.641273376 -0.295127479 -0.503047226 0.000000000
82.939730000 128.328013238 353.901496112 2.370906706 0.506181440 0.626512276 -0.301504346 -0.510252729 0.000000000
83.043500000 127.512128947 354.267819209 2.363623601 0.512895910 0.612334818 -0.307468645 -0.517152674 0.000000000
83.147220000 126.693472438 354.636407990 2.355451700 0.520240264 0.598737451 -0.310754269 -0.523732105 0.000000000
83.250970000 125.889851512 355.004307738 2.361264011 0.525954031 0.585968658 -0.314628657 -0.530114985 0.000000000
83.354570000 125.080121608 355.377417347 2.374026241 0.530611015 0.575193679 -0.318733717 -0.534801833 0.000000000
83.458190000 124.267345132 355.753042398 2.375950561 0.534701938 0.565443165 -0.321693328 -0.539334096 0.000000000
83.561980000 123.458788992 356.126945706 2.375155471 0.539134556 0.555868814 -0.323190369 -0.543959354 0.000000000
83.665550000 122.650192525 356.503205225 2.379523221 0.542852124 0.546261677 -0.324217385 -0.549356750 0.000000000
83.769380000 121.838481057 356.889263585 2.384894546 0.546290882 0.537276782 -0.324967594 -0.554342850 0.000000000
83.872920000 121.034454159 357.278746688 2.390578803 0.549180286 0.528973027 -0.325707976 -0.559019557 0.000000000
83.976710000 120.231101208 357.672570654 2.395636949 0.551771292 0.521042554 -0.326436974 -0.563473158 0.000000000
84.080130000 119.436863586 358.071140130 2.399513221 0.554072976 0.513533958 -0.327293433 -0.567595825 0.000000000
84.183750000 118.651105339 358.476397898 2.403010386 0.555899601 0.506653643 -0.328357700 -0.571365855 0.000000000
84.287600000 117.867161568 358.888849640 2.405762215 0.557806510 0.500368977 -0.329250673 -0.574523088 0.000000000
84.391160000 117.098046898 359.300316869 2.408281301 0.559687494 0.494461642 -0.329959031 -0.577394693 0.000000000
84.494760000 116.339531669 359.712035150 2.405441259 0.561513255 0.488460380 -0.330346745 -0.580500085 0.000000000
84.598480000 115.571942558 360.129001548 2.410337318 0.563473261 0.482281133 -0.330190203 -0.583846917 0.000000000
84.702120000 114.807206646 360.551744689 2.415728032 0.565509700 0.476273885 -0.329830693 -0.587003986 0.000000000
84.805710000 114.045077602 360.974374255 2.428260974 0.567730662 0.470385982 -0.329205790 -0.589951244 0.000000000
84.909310000 113.290381368 361.395711851 2.438321884 0.569899339 0.464370213 -0.328578692 -0.592968036 0.000000000
85.012960000 112.543474508 361.824264783 2.450190601 0.571692327 0.458384674 -0.328519536 -0.595924734 0.000000000
85.116700000 111.812784265 362.253067680 2.457602377 0.573179555 0.452704010 -0.329156518 -0.598481632 0.000000000
85.220270000 111.099602802 362.667225300 2.471988374 0.574642840 0.447555615 -0.330237301 -0.600352316 0.000000000
85.324080000 110.400738915 363.083564977 2.477802010 0.575849010 0.442573240 -0.331946297 -0.601945597 0.000000000
85.427750000 109.718260276 363.492950610 2.480950841 0.577141385 0.437001006 -0.333382961 -0.603981576 0.000000000
85.531340000 109.055210355 363.890682975 2.486727849 0.578906120 0.431775222 -0.334528041 -0.605416263 0.000000000
85.635010000 108.407392571 364.277747520 2.494881792 0.580264746 0.427020105 -0.336385865 -0.606457916 0.000000000
85.738670000 107.783855874 364.649445817 2.504510279 0.582089524 0.422089346 -0.337902276 -0.607317398 0.000000000
85.842510000 107.171741571 365.012145235 2.514214779 0.583847021 0.417213266 -0.339995331 -0.607831326 0.000000000
85.946050000 106.577830949 365.362692200 2.519853528 0.586168277 0.411662992 -0.341495007 -0.608540461 0.000000000
86.049580000 106.001556738 365.698410739 2.532554580 0.588517439 0.405975115 -0.343125677 -0.609176658 0.000000000
86.153190000 105.446536688 366.012804103 2.547182134 0.590918681 0.400963227 -0.345160087 -0.609022263 0.000000000
86.257680000 104.898701222 366.314492649 2.561326845 0.593016078 0.396410977 -0.347892399 -0.608408701 0.000000000
86.360510000 104.364868662 366.603287663 2.573975595 0.594834466 0.392745878 -0.351187875 -0.607115895 0.000000000
86.464180000 103.830463578 366.885533062 2.577111325 0.596445276 0.389248645 -0.354717912 -0.605734041 0.000000000
86.567780000 103.298349742 367.157827749 2.580906134 0.598704245 0.385468777 -0.357502309 -0.604283996 0.000000000
86.671550000 102.766450092 367.426356608 2.584962919 0.600561625 0.381676632 -0.360038930 -0.603341241 0.000000000
86.775140000 102.236262371 367.688745833 2.589533196 0.602424301 0.378688737 -0.362389235 -0.601958342 0.000000000
86.878890000 101.706654927 367.938544759 2.594570865 0.603712019 0.376821251 -0.365328132 -0.600060746 0.000000000
86.982510000 101.178796716 368.181972747 2.602411752 0.604562890 0.375780870 -0.368486979 -0.597921229 0.000000000
87.086250000 100.636932627 368.426072894 2.610470171 0.604749132 0.374687577 -0.371668833 -0.596447806 0.000000000
87.190180000 100.095797209 368.663782793 2.616878386 0.604922111 0.373588922 -0.374637201 -0.595102953 0.000000000
87.293640000 99.575413156 368.902516915 2.624829331 0.604941847 0.372810214 -0.377228777 -0.593932956 0.000000000
87.397220000 99.049619419 369.142340734 2.630609545 0.605537864 0.372197279 -0.378921639 -0.592630975 0.000000000
87.501040000 98.508778655 369.378110755 2.642126545 0.605923017 0.371831504 -0.380343476 -0.591555129 0.000000000
87.604560000 97.956437677 369.609229153 2.653772621 0.605646038 0.371126944 -0.382110182 -0.591142518 0.000000000
87.708320000 97.401407127 369.851754972 2.667768831 0.605165352 0.370417200 -0.383824592 -0.590969270 0.000000000
87.811980000 96.838733437 370.095622487 2.682848245 0.604971197 0.370398694 -0.385081741 -0.590361509 0.000000000
87.915650000 96.267878721 370.335381901 2.695349652 0.605338004 0.371573704 -0.385784838 -0.588785990 0.000000000
88.019280000 95.684601792 370.576015846 2.712284072 0.605265029 0.372659960 -0.386175711 -0.587917613 0.000000000
88.123030000 95.094599854 370.816083062 2.729017851 0.604320318 0.373485207 -0.386820526 -0.587941863 0.000000000
88.226620000 94.500037352 371.065702983 2.745715747 0.602618052 0.373960084 -0.387595922 -0.588875827 0.000000000
88.330460000 93.893245646 371.326319176 2.760989780 0.602120697 0.374460940 -0.387111998 -0.589384400 0.000000000
88.434330000 93.273479746 371.590434582 2.773188131 0.601812811 0.374350248 -0.385819953 -0.590615100 0.000000000
88.537780000 92.642016427 371.856314704 2.786937884 0.602617099 0.374267053 -0.383564068 -0.591316676 0.000000000
88.641400000 91.998945045 372.130136568 2.798131152 0.604297130 0.372659674 -0.379375813 -0.593315884 0.000000000
88.745080000 91.339577965 372.416108153 2.809287719 0.606000731 0.372351706 -0.375212030 -0.594418416 0.000000000
88.848890000 90.669297940 372.703081490 2.813661568 0.605948335 0.373775785 -0.373116172 -0.594897134 0.000000000
88.952550000 90.003680657 373.001722591 2.821076431 0.605118290 0.378254162 -0.372919484 -0.593031789 0.000000000
89.056170000 89.322935372 373.303579894 2.824980607 0.601476483 0.384324791 -0.375440529 -0.591240141 0.000000000
89.159790000 88.627588391 373.605627104 2.802795293 0.598556362 0.388293048 -0.376711326 -0.590802308 0.000000000
89.263540000 87.917171725 373.929211844 2.768452066 0.598698329 0.386918049 -0.372876685 -0.593984606 0.000000000
89.367140000 87.187987880 374.266946525 2.763001905 0.601328867 0.383411949 -0.365850830 -0.597956554 0.000000000
89.470880000 86.450776799 374.610748022 2.778560018 0.601455459 0.383143712 -0.363179936 -0.599627019 0.000000000
89.574490000 85.709146730 374.969130976 2.788564346 0.598764236 0.386567135 -0.365185512 -0.598904652 0.000000000
89.678230000 84.959021492 375.330741962 2.789236602 0.595233119 0.391896895 -0.368684445 -0.596813319 0.000000000
89.781980000 84.194859729 375.703550369 2.767571132 0.592780098 0.395892406 -0.370431008 -0.595534907 0.000000000
89.885590000 83.415084536 376.085212992 2.745713834 0.593918932 0.396452470 -0.367134037 -0.596069074 0.000000000
89.989350000 82.616275197 376.472033039 2.744554738 0.596444500 0.395547620 -0.361116246 -0.597821960 0.000000000
90.092950000 81.805732837 376.864975822 2.761383838 0.597430521 0.395727230 -0.356596369 -0.599429531 0.000000000
90.196710000 80.999632896 377.268593376 2.779597296 0.595312815 0.399573355 -0.356356134 -0.599127776 0.000000000
90.300450000 80.179657611 377.681626582 2.789261514 0.590819442 0.403493128 -0.358467678 -0.599688758 0.000000000
90.404050000 79.357074537 378.115654038 2.787016916 0.586398998 0.404463230 -0.359947353 -0.602481214 0.000000000
90.507790000 78.521683845 378.574035189 2.794565912 0.585114149 0.402184379 -0.357380429 -0.606768809 0.000000000
90.611400000 77.670382279 379.051070645 2.817119696 0.585650966 0.398378224 -0.352717929 -0.611471830 0.000000000
90.715140000 76.813995900 379.535448517 2.849909105 0.586708952 0.394592457 -0.348258522 -0.615455442 0.000000000
90.818760000 75.962965031 380.024360530 2.888408685 0.586865497 0.393248828 -0.346438333 -0.617190999 0.000000000
90.922380000 75.111991998 380.523434084 2.905858343 0.586268132 0.393191314 -0.346845586 -0.617566521 0.000000000
91.025980000 74.256391142 381.018376340 2.912097246 0.586367729 0.392101331 -0.347327574 -0.617893995 0.000000000
91.129600000 73.396817285 381.528305605 2.917368838 0.586975786 0.389937513 -0.347633681 -0.618513529 0.000000000
91.233220000 72.538107198 382.044571996 2.924130658 0.587722571 0.387116381 -0.347769848 -0.619499169 0.000000000
91.336840000 71.677821300 382.554641740 2.939324430 0.589340946 0.384710425 -0.347641922 -0.619532269 0.000000000
91.440450000 70.807575965 383.057476671 2.952356987 0.591742526 0.381803790 -0.347163206 -0.619309581 0.000000000
91.544070000 69.933670519 383.555577398 2.966984829 0.593958622 0.378588108 -0.347083198 -0.619207117 0.000000000
91.647680000 69.061378622 384.047612440 2.987735625 0.595531665 0.376486272 -0.348121625 -0.618394257 0.000000000
91.751300000 68.192759702 384.534395368 3.003622669 0.595047897 0.375957167 -0.351612532 -0.617205667 0.000000000
91.855040000 67.327100522 385.015159183 3.012042574 0.593835371 0.375445832 -0.355860965 -0.616249100 0.000000000
91.958670000 66.464244406 385.492709661 3.011039193 0.593269647 0.373133806 -0.358648310 -0.616582256 0.000000000
92.062270000 65.600619858 385.970888377 3.026343301 0.594670599 0.369283626 -0.358986603 -0.617353304 0.000000000
92.165880000 64.736910755 386.445870982 3.053065399 0.596808564 0.366154331 -0.358514258 -0.617428595 0.000000000
92.269500000 63.871215129 386.911227949 3.080766734 0.598740373 0.364946217 -0.358557945 -0.616247048 0.000000000
92.373110000 63.012241944 387.365243940 3.099608347 0.600216419 0.365563104 -0.359327058 -0.613993431 0.000000000
92.476860000 62.142213764 387.808851163 3.111923182 0.601469221 0.366548036 -0.360247028 -0.611636651 0.000000000
92.580470000 61.271761023 388.247134627 3.122238865 0.601875076 0.366897174 -0.361414528 -0.610337936 0.000000000
92.684080000 60.403290369 388.691234542 3.137918711 0.602032877 0.366523451 -0.362356652 -0.609848040 0.000000000
92.787830000 59.537872740 389.137404544 3.151497223 0.602174208 0.365341101 -0.362818193 -0.610143476 0.000000000
92.891470000 58.674838619 389.580658332 3.169656301 0.602528137 0.362665682 -0.362726526 -0.611443304 0.000000000
92.994930000 57.813593575 390.028544947 3.188736191 0.603855053 0.360031785 -0.362169737 -0.612020645 0.000000000
93.098570000 56.958501401 390.476262635 3.209265626 0.604814422 0.358160274 -0.362266975 -0.612113855 0.000000000
93.202160000 56.103323508 390.915554496 3.228956088 0.605665746 0.358231373 -0.363329834 -0.610598656 0.000000000
93.305780000 55.248384728 391.346174891 3.236825911 0.605174702 0.360103056 -0.366092483 -0.608330226 0.000000000
93.409390000 54.395015270 391.770117946 3.235588808 0.604937497 0.361506105 -0.368068923 -0.606538729 0.000000000
93.513130000 53.530479545 392.193912027 3.233303828 0.604516649 0.361174243 -0.368975366 -0.606605280 0.000000000
93.616750000 52.669003160 392.615334357 3.239858693 0.605218079 0.359966642 -0.368313772 -0.607025583 0.000000000
93.720480000 51.809835952 393.030934510 3.254467550 0.605530232 0.358793810 -0.367857050 -0.607685223 0.000000000
93.824120000 50.957768146 393.444739342 3.267878496 0.605232694 0.358243464 -0.368280114 -0.608049969 0.000000000
93.927850000 50.106872157 393.857243460 3.274765237 0.605756663 0.358475178 -0.367945156 -0.607594251 0.000000000
94.031550000 49.266138322 394.271306779 3.276219131 0.606192079 0.359394906 -0.367559058 -0.606849902 0.000000000
